image_id,p_180
test_00000,0.20944693684577942
test_00001,0.999822199344635
test_00002,0.9999998807907104
test_00003,0.01690421998500824
test_00004,0.9997392296791077
test_00005,0.0020293339621275663
test_00006,0.9984287619590759
test_00007,0.3954886198043823
test_00008,0.999984622001648
test_00009,0.6870833039283752
test_00010,0.9999912977218628
test_00011,1.3539217036395712e-07
test_00012,0.8971275091171265
test_00013,0.998114824295044
test_00014,0.996063768863678
test_00015,0.2494276762008667
test_00016,0.9998167157173157
test_00017,2.7078078801423544e-06
test_00018,0.03094310685992241
test_00019,0.0012702939566224813
test_00020,0.00012149251415394247
test_00021,2.254229912068695e-06
test_00022,0.9611172080039978
test_00023,0.007357898633927107
test_00024,0.0014383703237399459
test_00025,0.998153030872345
test_00026,0.9999556541442871
test_00027,0.21582485735416412
test_00028,0.6122446656227112
test_00029,0.7959983348846436
test_00030,4.590957587424782e-07
test_00031,0.9980650544166565
test_00032,0.32834354043006897
test_00033,0.9255427718162537
test_00034,0.9061170816421509
test_00035,0.9998488426208496
test_00036,0.005910741165280342
test_00037,0.17943516373634338
test_00038,0.5102501511573792
test_00039,0.690814197063446
test_00040,0.1523798406124115
test_00041,0.1571655124425888
test_00042,0.8427205681800842
test_00043,0.10521672666072845
test_00044,0.4087056517601013
test_00045,0.38625404238700867
test_00046,0.19874894618988037
test_00047,0.712925374507904
test_00048,0.739453136920929
test_00049,0.061041273176670074
test_00050,0.9991833567619324
test_00051,0.0004927449626848102
test_00052,1.9674604345709668e-07
test_00053,0.4193685054779053
test_00054,0.5134977698326111
test_00055,0.7584596276283264
test_00056,0.004561098758131266
test_00057,0.41352567076683044
test_00058,0.000515774532686919
test_00059,0.043440159410238266
test_00060,0.8679732084274292
test_00061,0.28982439637184143
test_00062,0.16160933673381805
test_00063,0.31643950939178467
test_00064,0.5588103532791138
test_00065,0.9937554597854614
test_00066,0.6114363074302673
test_00067,0.0825183242559433
test_00068,7.802244363119826e-05
test_00069,0.3064277470111847
test_00070,0.8386188745498657
test_00071,0.912869930267334
test_00072,0.9999265670776367
test_00073,0.5476788282394409
test_00074,0.927598774433136
test_00075,0.9766779541969299
test_00076,0.00017269057570956647
test_00077,0.9955129027366638
test_00078,0.7844704985618591
test_00079,0.3283790349960327
test_00080,0.07688438147306442
test_00081,0.938023567199707
test_00082,0.5985181927680969
test_00083,0.00023953949857968837
test_00084,0.9560883045196533
test_00085,0.6200363636016846
test_00086,0.9999886751174927
test_00087,0.9999997615814209
test_00088,0.003978145308792591
test_00089,0.9993237257003784
test_00090,0.002808372490108013
test_00091,0.008429186418652534
test_00092,0.9578161835670471
test_00093,0.00529185775667429
test_00094,0.9827521443367004
test_00095,0.8188393712043762
test_00096,0.13404688239097595
test_00097,0.0025530424900352955
test_00098,0.000523340015206486
test_00099,0.03514626994729042
test_00100,2.864820635295473e-05
test_00101,0.4175286293029785
test_00102,0.0013634331990033388
test_00103,0.9921363592147827
test_00104,0.9968612194061279
test_00105,1.0034322031060583e-06
test_00106,0.3412160873413086
test_00107,0.3615947663784027
test_00108,0.9776902794837952
test_00109,0.005592923611402512
test_00110,0.9774450063705444
test_00111,0.8506837487220764
test_00112,0.9913809895515442
test_00113,0.008841673843562603
test_00114,0.9903755784034729
test_00115,0.14342491328716278
test_00116,0.602118194103241
test_00117,0.9965040683746338
test_00118,0.9999481439590454
test_00119,0.7115038633346558
test_00120,0.11873526126146317
test_00121,0.9962766766548157
test_00122,0.9992706179618835
test_00123,0.9111904501914978
test_00124,0.6990909576416016
test_00125,0.4319736063480377
test_00126,0.0001067956691258587
test_00127,0.9479187726974487
test_00128,0.002572339493781328
test_00129,0.13662849366664886
test_00130,0.31120026111602783
test_00131,9.627129657019395e-06
test_00132,0.9396552443504333
test_00133,0.717472493648529
test_00134,0.0007876708987168968
test_00135,0.05474812164902687
test_00136,7.427518539770972e-06
test_00137,0.9496111869812012
test_00138,0.9995362758636475
test_00139,0.016740793362259865
test_00140,0.9988753199577332
test_00141,1.3404926058058209e-08
test_00142,0.8959128856658936
test_00143,0.9523397088050842
test_00144,0.10146874934434891
test_00145,0.2561030983924866
test_00146,6.047523593011306e-10
test_00147,0.9656103849411011
test_00148,0.8700649738311768
test_00149,0.9899415373802185
test_00150,0.018689649179577827
test_00151,0.9999141693115234
test_00152,0.00026209710631519556
test_00153,0.26866915822029114
test_00154,0.678832471370697
test_00155,0.999996542930603
test_00156,0.917434573173523
test_00157,0.004298132378607988
test_00158,0.9996803998947144
test_00159,0.9999991655349731
test_00160,0.985224723815918
test_00161,0.011538461782038212
test_00162,0.30038318037986755
test_00163,0.290876179933548
test_00164,0.768398106098175
test_00165,0.5028671622276306
test_00166,0.30584996938705444
test_00167,0.13523535430431366
test_00168,0.0016404313500970602
test_00169,6.9116276790737174e-06
test_00170,0.9990249872207642
test_00171,0.16993124783039093
test_00172,0.8382766842842102
test_00173,0.07551319152116776
test_00174,7.180883585533593e-06
test_00175,0.16469945013523102
test_00176,0.9966689944267273
test_00177,7.273493974935263e-05
test_00178,0.020614011213183403
test_00179,0.7457512021064758
test_00180,0.0017433372559025884
test_00181,0.9748409986495972
test_00182,0.9992126226425171
test_00183,0.9973819851875305
test_00184,0.5796425342559814
test_00185,0.9998842477798462
test_00186,0.33628106117248535
test_00187,0.9920676946640015
test_00188,0.9963440299034119
test_00189,0.987976610660553
test_00190,2.071503877232317e-05
test_00191,0.9998770952224731
test_00192,0.00031444814521819353
test_00193,0.8649957180023193
test_00194,5.920229568801005e-07
test_00195,1.2489147593441885e-05
test_00196,0.021296657621860504
test_00197,0.9999008178710938
test_00198,0.2774463891983032
test_00199,0.640569269657135
test_00200,0.8335025310516357
test_00201,0.9999419450759888
test_00202,0.3146923780441284
test_00203,0.9932180047035217
test_00204,0.8411679267883301
test_00205,7.178993200795958e-06
test_00206,8.81791834217438e-07
test_00207,0.006235642824321985
test_00208,0.00021953957912046462
test_00209,0.06765300780534744
test_00210,0.9400008320808411
test_00211,0.9994348883628845
test_00212,0.9714006185531616
test_00213,0.9919187426567078
test_00214,0.9999963045120239
test_00215,0.032342564314603806
test_00216,1.8131955812350498e-06
test_00217,0.0009487266070209444
test_00218,0.08167321234941483
test_00219,0.9947777986526489
test_00220,0.9996034502983093
test_00221,0.9965883493423462
test_00222,0.00016741854778956622
test_00223,0.9923991560935974
test_00224,0.5029817819595337
test_00225,0.8988177180290222
test_00226,2.810475416481495e-05
test_00227,0.0005826301057823002
test_00228,0.6726973056793213
test_00229,0.14220236241817474
test_00230,2.8539789127535187e-05
test_00231,0.9998704195022583
test_00232,0.9943119287490845
test_00233,0.8574110865592957
test_00234,0.028755314648151398
test_00235,0.9254608750343323
test_00236,0.033188819885253906
test_00237,0.0019628298468887806
test_00238,0.999686598777771
test_00239,0.33535945415496826
test_00240,0.027789533138275146
test_00241,0.0003573903231881559
test_00242,0.18016357719898224
test_00243,0.9998403787612915
test_00244,0.9968365430831909
test_00245,0.8078548312187195
test_00246,0.8988747000694275
test_00247,0.9940996170043945
test_00248,0.9643165469169617
test_00249,0.9849776029586792
test_00250,0.2771918475627899
test_00251,0.47209951281547546
test_00252,0.8124062418937683
test_00253,0.9248684048652649
test_00254,0.010232217609882355
test_00255,7.2690218075877056e-06
test_00256,0.008314445614814758
test_00257,0.0007270873175002635
test_00258,0.28135454654693604
test_00259,0.28339266777038574
test_00260,0.005568594206124544
test_00261,0.3159645199775696
test_00262,0.9998557567596436
test_00263,0.8553523421287537
test_00264,0.9996689558029175
test_00265,0.5463100671768188
test_00266,0.0030223357025533915
test_00267,0.2929782569408417
test_00268,0.28441259264945984
test_00269,0.6968731880187988
test_00270,0.45744484663009644
test_00271,0.8761374950408936
test_00272,0.7176320552825928
test_00273,1.7792679500416853e-05
test_00274,0.6903477311134338
test_00275,0.06211581081151962
test_00276,0.009394288994371891
test_00277,0.999951958656311
test_00278,7.43020573281683e-05
test_00279,0.46226927638053894
test_00280,0.9835888147354126
test_00281,0.9947239756584167
test_00282,0.9992521405220032
test_00283,0.9831137657165527
test_00284,0.9672497510910034
test_00285,0.00036640139296650887
test_00286,0.0001841409975895658
test_00287,0.7595441341400146
test_00288,0.9974253177642822
test_00289,0.9912465214729309
test_00290,0.9896906614303589
test_00291,1.0
test_00292,0.9635025858879089
test_00293,0.41172072291374207
test_00294,0.9998602867126465
test_00295,0.9999845027923584
test_00296,0.037558458745479584
test_00297,0.7976465821266174
test_00298,0.4818081855773926
test_00299,0.9999979734420776
test_00300,0.0039266133680939674
test_00301,0.9966316819190979
test_00302,0.09189783036708832
test_00303,0.0004211613559164107
test_00304,0.03777627274394035
test_00305,0.7047058939933777
test_00306,0.9999934434890747
test_00307,0.9654464721679688
test_00308,0.354168176651001
test_00309,0.00935092382133007
test_00310,0.9477619528770447
test_00311,0.7876134514808655
test_00312,0.0012823310680687428
test_00313,0.9992274045944214
test_00314,0.8333871364593506
test_00315,0.8623140454292297
test_00316,0.9360761642456055
test_00317,0.2774598300457001
test_00318,0.998430073261261
test_00319,0.602220892906189
test_00320,0.9165905117988586
test_00321,0.22079908847808838
test_00322,0.9997767806053162
test_00323,0.999995231628418
test_00324,0.231848806142807
test_00325,0.9977453351020813
test_00326,0.738640546798706
test_00327,0.17358526587486267
test_00328,0.0031677931547164917
test_00329,0.8852653503417969
test_00330,0.9999951124191284
test_00331,0.9998762607574463
test_00332,0.6640426516532898
test_00333,0.9999960660934448
test_00334,0.9999397993087769
test_00335,0.9918867945671082
test_00336,0.0027857639361172915
test_00337,0.7260467410087585
test_00338,0.0006028161733411252
test_00339,0.9018487930297852
test_00340,0.020223388448357582
test_00341,0.21661052107810974
test_00342,0.9995120763778687
test_00343,0.782828152179718
test_00344,0.999997615814209
test_00345,0.9594300985336304
test_00346,0.1851848065853119
test_00347,0.6335272192955017
test_00348,0.9944912195205688
test_00349,0.20510748028755188
test_00350,0.8992702960968018
test_00351,0.09270191192626953
test_00352,0.9964408278465271
test_00353,0.9998144507408142
test_00354,0.0616113655269146
test_00355,0.9451960921287537
test_00356,0.2513836622238159
test_00357,0.008675472810864449
test_00358,0.9991989731788635
test_00359,0.9997077584266663
test_00360,0.9299643635749817
test_00361,0.996455729007721
test_00362,0.3127896189689636
test_00363,0.9998643398284912
test_00364,0.06445323675870895
test_00365,0.9395184516906738
test_00366,0.9719126224517822
test_00367,0.012652064673602581
test_00368,0.016865363344550133
test_00369,0.9953058362007141
test_00370,0.00032141446718014777
test_00371,0.07234679162502289
test_00372,0.9999852180480957
test_00373,0.7486512660980225
test_00374,0.9996153116226196
test_00375,0.998941957950592
test_00376,2.4366144657506084e-08
test_00377,0.01126837357878685
test_00378,0.9997956156730652
test_00379,0.0031856270506978035
test_00380,2.68593939836137e-05
test_00381,0.9798516631126404
test_00382,0.09649086743593216
test_00383,0.0006562040071003139
test_00384,0.9963410496711731
test_00385,0.0006941090105101466
test_00386,0.4565903842449188
test_00387,0.9988993406295776
test_00388,0.9213441610336304
test_00389,0.9926553964614868
test_00390,0.9829734563827515
test_00391,0.0001363837654935196
test_00392,0.9639752507209778
test_00393,0.9992498755455017
test_00394,0.0018118858570232987
test_00395,0.04666820541024208
test_00396,0.0026698249857872725
test_00397,0.9999933242797852
test_00398,0.010615947656333447
test_00399,0.443090558052063
test_00400,0.9977282881736755
test_00401,0.937528669834137
test_00402,0.8558300137519836
test_00403,0.30862730741500854
test_00404,0.0012525126803666353
test_00405,0.9814675450325012
test_00406,0.5881822109222412
test_00407,0.012529436498880386
test_00408,0.9973397850990295
test_00409,0.297873318195343
test_00410,3.1211461646307725e-06
test_00411,0.7460956573486328
test_00412,1.2237233022460714e-05
test_00413,0.5834720730781555
test_00414,0.8694177269935608
test_00415,0.9254372119903564
test_00416,0.0003088396624661982
test_00417,0.004436792805790901
test_00418,0.20401500165462494
test_00419,0.9938350915908813
test_00420,0.03239554539322853
test_00421,0.9996765851974487
test_00422,0.8899237513542175
test_00423,0.010743389837443829
test_00424,0.601203441619873
test_00425,0.6595098376274109
test_00426,0.6408869624137878
test_00427,1.7962220226763748e-06
test_00428,0.003869670210406184
test_00429,0.9999927282333374
test_00430,0.9999891519546509
test_00431,0.9999680519104004
test_00432,0.9986039996147156
test_00433,0.37775880098342896
test_00434,0.18684875965118408
test_00435,0.9355502128601074
test_00436,0.8826491832733154
test_00437,0.001323727541603148
test_00438,0.9991629123687744
test_00439,0.26008155941963196
test_00440,0.29610875248908997
test_00441,0.10898250341415405
test_00442,0.6134404540061951
test_00443,0.972900390625
test_00444,0.9104739427566528
test_00445,0.30195537209510803
test_00446,0.45045915246009827
test_00447,0.0002807851415127516
test_00448,0.9998781681060791
test_00449,0.4414842128753662
test_00450,6.016447969159344e-06
test_00451,0.9771376848220825
test_00452,0.9940896034240723
test_00453,0.2846827507019043
test_00454,0.6913114190101624
test_00455,0.7789169549942017
test_00456,0.9771552085876465
test_00457,0.0006066322675906122
test_00458,0.9983258843421936
test_00459,0.947395384311676
test_00460,0.24387229979038239
test_00461,0.998141884803772
test_00462,0.13430730998516083
test_00463,0.8935859799385071
test_00464,6.84092356095789e-06
test_00465,0.1499021202325821
test_00466,0.999581515789032
test_00467,0.083125539124012
test_00468,0.9801539182662964
test_00469,0.0032714286353439093
test_00470,0.22074177861213684
test_00471,0.00014516105875372887
test_00472,0.3727615177631378
test_00473,0.001243166159838438
test_00474,1.3683900760952383e-05
test_00475,9.639032214181498e-05
test_00476,0.3405775725841522
test_00477,0.01957913115620613
test_00478,0.3133573532104492
test_00479,0.975945770740509
test_00480,0.9996918439865112
test_00481,0.00011318676843075082
test_00482,0.07840479165315628
test_00483,0.9991751313209534
test_00484,0.0008333605364896357
test_00485,1.0468450000189478e-06
test_00486,0.00038493721513077617
test_00487,0.5313292145729065
test_00488,0.4738125801086426
test_00489,1.0
test_00490,0.9898180365562439
test_00491,0.7045721411705017
test_00492,0.9933875799179077
test_00493,0.9662638306617737
test_00494,0.9959736466407776
test_00495,0.9736617207527161
test_00496,0.594119668006897
test_00497,0.983970582485199
test_00498,0.8247085809707642
test_00499,0.0001609230093890801
test_00500,0.9999388456344604
test_00501,0.22064509987831116
test_00502,0.6906815767288208
test_00503,0.001254404429346323
test_00504,0.9999262094497681
test_00505,0.8837929964065552
test_00506,0.9031445384025574
test_00507,0.00343233160674572
test_00508,0.8832834959030151
test_00509,0.07825891673564911
test_00510,0.7798646092414856
test_00511,0.07900287210941315
test_00512,0.679718554019928
test_00513,0.9982777833938599
test_00514,0.006800629664212465
test_00515,0.11404254287481308
test_00516,3.4551452699815854e-05
test_00517,0.000623882282525301
test_00518,0.06062698736786842
test_00519,0.9745472073554993
test_00520,0.061583783477544785
test_00521,0.9999339580535889
test_00522,0.10155502706766129
test_00523,0.19001491367816925
test_00524,0.9944711923599243
test_00525,0.9963417649269104
test_00526,0.4944463074207306
test_00527,1.2710016505934618e-07
test_00528,0.002974643837660551
test_00529,0.8764336705207825
test_00530,3.937970905099064e-05
test_00531,0.9750446081161499
test_00532,0.2221013754606247
test_00533,0.02193792723119259
test_00534,0.9999814033508301
test_00535,0.008821955882012844
test_00536,0.003826944390311837
test_00537,0.2261945605278015
test_00538,0.9978938698768616
test_00539,0.0002291304263053462
test_00540,0.9707065224647522
test_00541,9.233353011950385e-06
test_00542,0.03502952307462692
test_00543,0.9974844455718994
test_00544,0.8888252377510071
test_00545,0.0001785751519491896
test_00546,0.16562144458293915
test_00547,0.9999867677688599
test_00548,0.014903731644153595
test_00549,0.6806729435920715
test_00550,1.3344131275516702e-06
test_00551,0.0054956297390162945
test_00552,0.2662343978881836
test_00553,0.8961026668548584
test_00554,0.23552100360393524
test_00555,0.6647931337356567
test_00556,0.9948369264602661
test_00557,0.9649639129638672
test_00558,0.8583744168281555
test_00559,0.021933570504188538
test_00560,0.9125685095787048
test_00561,0.9013476967811584
test_00562,0.006898155435919762
test_00563,0.0014912211336195469
test_00564,0.9995100498199463
test_00565,0.9850515127182007
test_00566,0.00262007606215775
test_00567,0.7114081978797913
test_00568,1.1695076864270959e-05
test_00569,0.10576437413692474
test_00570,0.06372681260108948
test_00571,0.005639664828777313
test_00572,0.00016965872782748193
test_00573,0.022434834390878677
test_00574,0.7196099162101746
test_00575,0.9475972056388855
test_00576,0.47295916080474854
test_00577,0.6231856346130371
test_00578,0.10175454616546631
test_00579,0.11097811162471771
test_00580,0.9919642210006714
test_00581,0.9998823404312134
test_00582,0.6516610980033875
test_00583,0.45404231548309326
test_00584,8.114882803056389e-06
test_00585,0.0027900829445570707
test_00586,0.9958654642105103
test_00587,0.9997681975364685
test_00588,0.0697396844625473
test_00589,4.6831760869281425e-07
test_00590,0.006572615820914507
test_00591,1.4359452507051174e-06
test_00592,0.00044678652193397284
test_00593,0.768523097038269
test_00594,0.9744254946708679
test_00595,0.0003362854477018118
test_00596,0.0005078308749943972
test_00597,0.013837921433150768
test_00598,0.993829071521759
test_00599,0.0006456372793763876
test_00600,0.38747867941856384
test_00601,0.9845969080924988
test_00602,0.9797363877296448
test_00603,0.9645978808403015
test_00604,0.9947156310081482
test_00605,0.9768234491348267
test_00606,0.9782794117927551
test_00607,0.040456030517816544
test_00608,0.22003044188022614
test_00609,4.052517397212796e-06
test_00610,0.9998102784156799
test_00611,0.49674752354621887
test_00612,0.539786696434021
test_00613,0.31205105781555176
test_00614,0.9962551593780518
test_00615,0.9999996423721313
test_00616,0.03874934837222099
test_00617,0.019773125648498535
test_00618,0.23636214435100555
test_00619,0.9911463856697083
test_00620,0.5433424115180969
test_00621,0.015280683524906635
test_00622,0.9989787340164185
test_00623,0.98612380027771
test_00624,1.0158791155845392e-05
test_00625,0.34528836607933044
test_00626,0.21745821833610535
test_00627,0.42223650217056274
test_00628,0.7805947065353394
test_00629,0.07341201603412628
test_00630,0.9962694644927979
test_00631,0.510891854763031
test_00632,0.9538635611534119
test_00633,0.962478756904602
test_00634,0.9935006499290466
test_00635,0.017287947237491608
test_00636,0.9790838360786438
test_00637,0.34925082325935364
test_00638,0.0010776699054986238
test_00639,0.9495864510536194
test_00640,0.00892697088420391
test_00641,0.9998241066932678
test_00642,0.9543722867965698
test_00643,0.0005823561223223805
test_00644,0.9879853129386902
test_00645,0.9997813105583191
test_00646,6.715124527545413e-06
test_00647,0.06989473849534988
test_00648,0.9997490048408508
test_00649,0.9729677438735962
test_00650,0.0016389550874009728
test_00651,0.18888363242149353
test_00652,0.001507018692791462
test_00653,0.9985169768333435
test_00654,0.9991856217384338
test_00655,0.867798924446106
test_00656,0.0008945056470111012
test_00657,0.9288439750671387
test_00658,0.9861277341842651
test_00659,0.5740721225738525
test_00660,0.004756561014801264
test_00661,0.10459770262241364
test_00662,0.0003166687092743814
test_00663,0.153254896402359
test_00664,0.0024893437512218952
test_00665,0.012976407073438168
test_00666,0.5616816878318787
test_00667,0.7060886025428772
test_00668,0.007924528792500496
test_00669,0.002932276576757431
test_00670,0.8843315243721008
test_00671,0.9997192025184631
test_00672,0.9949936270713806
test_00673,0.999724805355072
test_00674,0.9996317625045776
test_00675,0.999931812286377
test_00676,1.3175933418096974e-05
test_00677,0.0029959576204419136
test_00678,0.9999983310699463
test_00679,0.042098093777894974
test_00680,0.8390305638313293
test_00681,0.9999767541885376
test_00682,0.9267158508300781
test_00683,0.5762125849723816
test_00684,0.8240877389907837
test_00685,0.9999936819076538
test_00686,0.6587792038917542
test_00687,0.8925269246101379
test_00688,3.308123996248469e-05
test_00689,0.8507840037345886
test_00690,0.00376061606220901
test_00691,0.9999957084655762
test_00692,0.9966627955436707
test_00693,0.9995113611221313
test_00694,3.215171454939991e-05
test_00695,0.00016829033847898245
test_00696,0.06520074605941772
test_00697,0.9995386600494385
test_00698,0.0008930413168855011
test_00699,0.18107245862483978
test_00700,0.9909871220588684
test_00701,0.9998939037322998
test_00702,0.9661892652511597
test_00703,0.0007414543069899082
test_00704,0.02197270654141903
test_00705,0.10479491204023361
test_00706,0.15648724138736725
test_00707,0.9998480081558228
test_00708,0.008563093841075897
test_00709,0.9567103981971741
test_00710,0.4000064432621002
test_00711,0.9967729449272156
test_00712,0.9632000923156738
test_00713,0.4905327260494232
test_00714,0.18820981681346893
test_00715,0.9598665833473206
test_00716,0.9987408518791199
test_00717,0.9998910427093506
test_00718,0.00044694673852063715
test_00719,0.0007742668967694044
test_00720,0.6835724711418152
test_00721,0.5148093700408936
test_00722,2.145621238014428e-06
test_00723,0.9992547631263733
test_00724,0.9754084348678589
test_00725,0.9794543385505676
test_00726,0.04785504564642906
test_00727,0.0006577734020538628
test_00728,0.9966745376586914
test_00729,0.9912925362586975
test_00730,0.9623066782951355
test_00731,0.15368565917015076
test_00732,0.008893225342035294
test_00733,0.0002972624497488141
test_00734,0.5552528500556946
test_00735,0.10294654965400696
test_00736,0.9764581918716431
test_00737,0.3562522530555725
test_00738,0.9882383942604065
test_00739,0.9925476908683777
test_00740,2.418804342596559e-06
test_00741,0.9995595812797546
test_00742,0.9977596998214722
test_00743,0.054668575525283813
test_00744,0.00445550587028265
test_00745,0.6796520948410034
test_00746,0.013807306066155434
test_00747,0.00014446675777435303
test_00748,0.9999961853027344
test_00749,0.0050922175869345665
test_00750,0.053314708173274994
test_00751,0.9297413229942322
test_00752,0.00032214613747783005
test_00753,0.00028673841734416783
test_00754,0.01237449236214161
test_00755,0.944377601146698
test_00756,0.11764191091060638
test_00757,0.0001939662906806916
test_00758,0.0014724383363500237
test_00759,2.6099256089651135e-08
test_00760,0.9999768733978271
test_00761,0.4315812289714813
test_00762,0.08494450896978378
test_00763,0.377821683883667
test_00764,0.045779552310705185
test_00765,0.99996018409729
test_00766,0.9854775667190552
test_00767,0.9781358242034912
test_00768,0.8596726059913635
test_00769,1.4604438547394238e-07
test_00770,0.9946370720863342
test_00771,0.42163529992103577
test_00772,0.0011894068447872996
test_00773,0.9999886751174927
test_00774,0.4957738220691681
test_00775,0.9999990463256836
test_00776,0.9999886751174927
test_00777,0.2387276291847229
test_00778,0.17598223686218262
test_00779,0.015985412523150444
test_00780,0.8708512783050537
test_00781,0.15535300970077515
test_00782,0.7211465835571289
test_00783,0.14760081470012665
test_00784,0.8852784037590027
test_00785,0.9633738994598389
test_00786,0.9347637295722961
test_00787,0.2066745162010193
test_00788,0.9124393463134766
test_00789,0.45842444896698
test_00790,0.9974433183670044
test_00791,0.9977341890335083
test_00792,0.8241626620292664
test_00793,1.3541219257007242e-09
test_00794,0.8010531663894653
test_00795,0.0059128315187990665
test_00796,0.00015209247067105025
test_00797,0.0972524955868721
test_00798,0.9063071012496948
test_00799,0.2582853436470032
test_00800,0.10460014641284943
test_00801,0.1263006180524826
test_00802,0.5604477524757385
test_00803,0.01624120958149433
test_00804,0.004192464053630829
test_00805,0.19383935630321503
test_00806,0.8376900553703308
test_00807,0.9992817044258118
test_00808,2.723868874454638e-06
test_00809,0.04461601749062538
test_00810,0.9996216297149658
test_00811,0.9997226595878601
test_00812,0.7391473054885864
test_00813,0.06742413341999054
test_00814,0.813341498374939
test_00815,0.045890919864177704
test_00816,0.0044852071441709995
test_00817,7.607671432197094e-05
test_00818,2.9653915589733515e-06
test_00819,0.707061231136322
test_00820,0.07109688967466354
test_00821,0.46875956654548645
test_00822,0.21698884665966034
test_00823,0.0017004940891638398
test_00824,0.014801553450524807
test_00825,0.5959515571594238
test_00826,0.31744399666786194
test_00827,0.9919291734695435
test_00828,0.9938926696777344
test_00829,0.9982694387435913
test_00830,0.9999916553497314
test_00831,0.7757182121276855
test_00832,0.17488712072372437
test_00833,0.00024783139815554023
test_00834,0.0001639300025999546
test_00835,0.183953195810318
test_00836,0.9980462789535522
test_00837,0.99544757604599
test_00838,1.2885459366174246e-09
test_00839,0.0014853206230327487
test_00840,0.4377329647541046
test_00841,0.0030292964074760675
test_00842,0.9985309839248657
test_00843,0.9999945163726807
test_00844,0.00010351685341447592
test_00845,3.825857857009396e-05
test_00846,0.7004923224449158
test_00847,0.4805721938610077
test_00848,0.01652062125504017
test_00849,0.9940828680992126
test_00850,0.0008256130386143923
test_00851,0.9996091723442078
test_00852,0.9821329712867737
test_00853,0.9540954828262329
test_00854,0.5659922957420349
test_00855,0.011718947440385818
test_00856,0.7141385674476624
test_00857,0.00153250468429178
test_00858,0.0005803217645734549
test_00859,0.9966152310371399
test_00860,0.12627223134040833
test_00861,0.9965726137161255
test_00862,0.0009565941873006523
test_00863,0.9306432604789734
test_00864,5.76888169234735e-07
test_00865,0.6711632609367371
test_00866,0.6195220351219177
test_00867,0.22078721225261688
test_00868,0.9995786547660828
test_00869,0.7367494702339172
test_00870,1.4536808521370403e-05
test_00871,0.00034961136407218874
test_00872,0.0012915842235088348
test_00873,0.9958959817886353
test_00874,0.20688913762569427
test_00875,0.6507914662361145
test_00876,0.07053228467702866
test_00877,0.005568002816289663
test_00878,0.08641050010919571
test_00879,0.999159574508667
test_00880,0.00011816018377430737
test_00881,0.999995231628418
test_00882,0.9376165866851807
test_00883,0.9760779142379761
test_00884,0.020460274070501328
test_00885,0.9866012930870056
test_00886,0.06468728184700012
test_00887,0.9793903827667236
test_00888,0.0022279201075434685
test_00889,0.9991482496261597
test_00890,0.9920734763145447
test_00891,0.9787083268165588
test_00892,0.26444315910339355
test_00893,0.8676570057868958
test_00894,0.9997276663780212
test_00895,0.9561810493469238
test_00896,0.9725365042686462
test_00897,0.5281332731246948
test_00898,0.6786234378814697
test_00899,0.7950947880744934
test_00900,0.03792262449860573
test_00901,0.23816360533237457
test_00902,0.8084592819213867
test_00903,0.9999966621398926
test_00904,0.9999786615371704
test_00905,4.4967021040065447e-07
test_00906,0.0009855353273451328
test_00907,0.4806402325630188
test_00908,0.00038065595435909927
test_00909,0.9999818801879883
test_00910,0.00027833596686832607
test_00911,0.6105294823646545
test_00912,0.09548258781433105
test_00913,5.9025889640906826e-05
test_00914,0.20569546520709991
test_00915,0.5440970659255981
test_00916,0.0002180669252993539
test_00917,0.980256974697113
test_00918,0.0007181587861850858
test_00919,1.2176072594627385e-08
test_00920,0.005789600778371096
test_00921,3.63540711987298e-05
test_00922,0.9982506632804871
test_00923,0.00015042447193991393
test_00924,0.9897162318229675
test_00925,0.9989206790924072
test_00926,0.26543229818344116
test_00927,0.6821860074996948
test_00928,0.9479454159736633
test_00929,0.9979392886161804
test_00930,0.3437293469905853
test_00931,0.9559511542320251
test_00932,0.40261176228523254
test_00933,0.888957679271698
test_00934,0.9999885559082031
test_00935,6.623254012083635e-05
test_00936,0.999402642250061
test_00937,0.9999598264694214
test_00938,0.00017029534501489252
test_00939,0.999842643737793
test_00940,0.9998739957809448
test_00941,0.6189512610435486
test_00942,0.980523943901062
test_00943,0.043155934661626816
test_00944,4.583298505167477e-06
test_00945,0.9851896166801453
test_00946,0.9998137354850769
test_00947,0.00014891910541336983
test_00948,3.82818171829058e-07
test_00949,0.1597222238779068
test_00950,0.016869790852069855
test_00951,0.46086958050727844
test_00952,0.5242095589637756
test_00953,0.9311631917953491
test_00954,0.551739513874054
test_00955,0.955142080783844
test_00956,0.950188398361206
test_00957,0.48825547099113464
test_00958,0.02045154944062233
test_00959,0.9999561309814453
test_00960,0.014961730688810349
test_00961,0.9471697807312012
test_00962,0.00010322380694560707
test_00963,0.8985479474067688
test_00964,0.9999784231185913
test_00965,0.9999772310256958
test_00966,0.9469059109687805
test_00967,0.028015661984682083
test_00968,0.8391954898834229
test_00969,0.9996505975723267
test_00970,0.7548624873161316
test_00971,0.999687671661377
test_00972,0.5407294631004333
test_00973,0.9290788173675537
test_00974,0.027470435947179794
test_00975,0.8558090925216675
test_00976,0.11366226524114609
test_00977,0.42309901118278503
test_00978,0.0005219861632212996
test_00979,0.507274866104126
test_00980,0.4596624970436096
test_00981,0.9974170923233032
test_00982,0.2044527232646942
test_00983,0.1432967185974121
test_00984,0.0010609440505504608
test_00985,0.9957286715507507
test_00986,0.6541451811790466
test_00987,0.5217394828796387
test_00988,0.06636250764131546
test_00989,0.9882733821868896
test_00990,0.6920853853225708
test_00991,0.8782057166099548
test_00992,0.0001037814436131157
test_00993,0.0013025840744376183
test_00994,0.0010000017937272787
test_00995,0.4177873134613037
test_00996,1.0
test_00997,0.7764220833778381
test_00998,0.0003464662586338818
test_00999,0.5042784810066223
test_01000,0.000537198269739747
test_01001,0.999349057674408
test_01002,0.5481724143028259
test_01003,0.7824891805648804
test_01004,0.01956130564212799
test_01005,0.5239183306694031
test_01006,7.5497305260796566e-06
test_01007,0.01105484925210476
test_01008,0.4259684085845947
test_01009,0.9994722008705139
test_01010,0.9999697208404541
test_01011,0.490418940782547
test_01012,0.4977031946182251
test_01013,0.13666076958179474
test_01014,0.3664776086807251
test_01015,0.9992333650588989
test_01016,0.9994126558303833
test_01017,0.5731691718101501
test_01018,0.9769193530082703
test_01019,0.9991673231124878
test_01020,0.9999507665634155
test_01021,0.8804687857627869
test_01022,0.07167460024356842
test_01023,0.9960737228393555
test_01024,0.0017394263995811343
test_01025,0.05089030787348747
test_01026,0.9778933525085449
test_01027,3.8959200310273445e-07
test_01028,0.0051859645172953606
test_01029,0.9985964894294739
test_01030,0.9999052286148071
test_01031,0.15465442836284637
test_01032,0.38882455229759216
test_01033,0.8773726224899292
test_01034,0.8161162734031677
test_01035,0.00010751584341051057
test_01036,1.0
test_01037,0.9999138116836548
test_01038,0.6142521500587463
test_01039,0.9999234676361084
test_01040,0.9745691418647766
test_01041,0.9373815655708313
test_01042,0.9999985694885254
test_01043,0.08459068089723587
test_01044,0.9999927282333374
test_01045,0.8880932331085205
test_01046,0.00017307762755081058
test_01047,0.9969423413276672
test_01048,0.9984011054039001
test_01049,3.9795173734091804e-07
test_01050,0.0051689594984054565
test_01051,0.7587754726409912
test_01052,0.9902176260948181
test_01053,0.13515779376029968
test_01054,0.8670570850372314
test_01055,0.00114747928455472
test_01056,0.3077874481678009
test_01057,0.32077255845069885
test_01058,0.9998465776443481
test_01059,0.6877740621566772
test_01060,0.888343870639801
test_01061,0.9733760952949524
test_01062,0.04658041521906853
test_01063,0.07700244337320328
test_01064,0.0007946138503029943
test_01065,0.21430286765098572
test_01066,0.9902827739715576
test_01067,0.2741279602050781
test_01068,0.6239343881607056
test_01069,4.0422474967272137e-07
test_01070,0.9999980926513672
test_01071,0.992728590965271
test_01072,0.99822598695755
test_01073,0.9978594183921814
test_01074,0.37015610933303833
test_01075,0.01976458914577961
test_01076,0.00037940338370390236
test_01077,0.823602020740509
test_01078,0.6096107363700867
test_01079,0.10969273746013641
test_01080,0.3123067617416382
test_01081,0.9969335794448853
test_01082,0.9999417066574097
test_01083,0.774189293384552
test_01084,3.218397978344001e-06
test_01085,0.33154669404029846
test_01086,0.999988317489624
test_01087,0.2661930322647095
test_01088,5.112144208396785e-06
test_01089,0.9999970197677612
test_01090,0.9999892711639404
test_01091,0.9999997615814209
test_01092,0.014493386261165142
test_01093,0.8415405750274658
test_01094,0.0009738921653479338
test_01095,0.9999998807907104
test_01096,3.066865974687971e-05
test_01097,0.8950363397598267
test_01098,0.999914288520813
test_01099,0.027691954746842384
test_01100,1.2451709153538104e-05
test_01101,0.015177127905189991
test_01102,0.9976288676261902
test_01103,0.1676134616136551
test_01104,0.17291556298732758
test_01105,0.9969373941421509
test_01106,0.6063318848609924
test_01107,1.0
test_01108,0.9999905824661255
test_01109,0.3822978436946869
test_01110,0.994253933429718
test_01111,0.4467034339904785
test_01112,0.11475910991430283
test_01113,0.8638162612915039
test_01114,3.8026053061912535e-06
test_01115,0.023903895169496536
test_01116,0.45857301354408264
test_01117,0.7608776688575745
test_01118,0.1511601209640503
test_01119,0.20245538651943207
test_01120,0.022142648696899414
test_01121,0.9812683463096619
test_01122,0.016453206539154053
test_01123,0.8423322439193726
test_01124,0.004646413028240204
test_01125,0.4228239059448242
test_01126,0.9963142275810242
test_01127,3.5077687243756372e-06
test_01128,0.07556886970996857
test_01129,0.8192430138587952
test_01130,0.48999547958374023
test_01131,0.19932155311107635
test_01132,7.92551800259389e-05
test_01133,0.04537586495280266
test_01134,0.014924193732440472
test_01135,0.8840197324752808
test_01136,0.11224544048309326
test_01137,0.9961302280426025
test_01138,0.8932948708534241
test_01139,0.00010255185043206438
test_01140,0.14712870121002197
test_01141,0.999681830406189
test_01142,0.9860662817955017
test_01143,0.655986487865448
test_01144,0.6138094067573547
test_01145,0.7704723477363586
test_01146,0.9967389702796936
test_01147,0.11087468266487122
test_01148,0.21566610038280487
test_01149,0.4350820481777191
test_01150,0.6887249946594238
test_01151,0.7692095041275024
test_01152,0.008650010451674461
test_01153,0.4052571654319763
test_01154,0.9999959468841553
test_01155,0.04728450998663902
test_01156,0.000916321063414216
test_01157,9.569590474711731e-06
test_01158,6.977561861276627e-05
test_01159,0.04128456488251686
test_01160,0.0009051765664480627
test_01161,0.009686372242867947
test_01162,0.009336782619357109
test_01163,0.7648816108703613
test_01164,1.7934518837137148e-05
test_01165,0.0062181479297578335
test_01166,0.7821553349494934
test_01167,0.7035988569259644
test_01168,0.7897224426269531
test_01169,0.006590695586055517
test_01170,0.06408989429473877
test_01171,0.831512987613678
test_01172,0.9999995231628418
test_01173,0.0073018064722418785
test_01174,0.5456493496894836
test_01175,1.3024241525272373e-06
test_01176,0.009677420370280743
test_01177,0.9615064263343811
test_01178,0.9559738039970398
test_01179,0.016846517100930214
test_01180,6.376909595928737e-07
test_01181,2.5842177819868084e-07
test_01182,0.4605487585067749
test_01183,0.9999005794525146
test_01184,0.9916465878486633
test_01185,8.343336617144814e-07
test_01186,0.058237068355083466
test_01187,0.004208022262901068
test_01188,0.000116765484563075
test_01189,0.002029986819252372
test_01190,0.0003900386509485543
test_01191,0.2605341672897339
test_01192,0.9998000264167786
test_01193,0.005568324588239193
test_01194,0.9956176280975342
test_01195,0.9909851551055908
test_01196,0.40473347902297974
test_01197,0.8949242234230042
test_01198,0.4002651870250702
test_01199,0.39649802446365356
test_01200,0.20540806651115417
test_01201,0.8382835388183594
test_01202,0.9996365308761597
test_01203,0.9948941469192505
test_01204,0.6845211386680603
test_01205,0.003483657957985997
test_01206,0.9999630451202393
test_01207,0.04713619127869606
test_01208,0.6896390318870544
test_01209,0.35726627707481384
test_01210,0.9889945387840271
test_01211,0.8172816038131714
test_01212,0.004052949603646994
test_01213,0.9971200227737427
test_01214,0.7865659594535828
test_01215,1.5455975699296687e-07
test_01216,0.9924208521842957
test_01217,4.1811037476691126e-07
test_01218,0.05276719108223915
test_01219,0.04334808886051178
test_01220,0.9652029871940613
test_01221,0.9937638640403748
test_01222,0.49250760674476624
test_01223,0.9839386343955994
test_01224,0.9144076108932495
test_01225,0.9967688322067261
test_01226,0.066966712474823
test_01227,0.9999996423721313
test_01228,0.22869576513767242
test_01229,1.0
test_01230,0.9989597797393799
test_01231,0.2933456003665924
test_01232,0.04935808107256889
test_01233,0.9516744017601013
test_01234,0.041404783725738525
test_01235,0.8339344263076782
test_01236,0.997789740562439
test_01237,0.11658496409654617
test_01238,1.4997977814346086e-05
test_01239,0.9702004194259644
test_01240,0.9597215056419373
test_01241,0.11217793077230453
test_01242,0.0015914994291961193
test_01243,0.010975477285683155
test_01244,7.789708433847409e-07
test_01245,0.999783456325531
test_01246,0.9954257607460022
test_01247,0.8399684429168701
test_01248,0.039447225630283356
test_01249,0.5777415633201599
test_01250,0.7403068542480469
test_01251,0.9533020257949829
test_01252,0.1690913587808609
test_01253,0.1044793501496315
test_01254,0.9996053576469421
test_01255,0.8451107144355774
test_01256,0.8289434909820557
test_01257,0.2706170082092285
test_01258,0.014229279942810535
test_01259,0.0015919579891487956
test_01260,0.4027320146560669
test_01261,0.3187679350376129
test_01262,0.5875433683395386
test_01263,0.2958208918571472
test_01264,0.180675208568573
test_01265,0.9828267097473145
test_01266,0.003667031181976199
test_01267,0.31038302183151245
test_01268,0.2496538758277893
test_01269,0.9589444398880005
test_01270,0.9046342372894287
test_01271,0.0442013293504715
test_01272,0.09446612000465393
test_01273,0.00029687356436625123
test_01274,7.520728559029521e-06
test_01275,0.8232024312019348
test_01276,0.00011967615137109533
test_01277,5.366305686038686e-06
test_01278,0.7468588352203369
test_01279,0.18354728817939758
test_01280,0.9050929546356201
test_01281,0.7188146114349365
test_01282,0.9891995191574097
test_01283,0.09867822378873825
test_01284,0.012950439937412739
test_01285,0.182433620095253
test_01286,0.9952261447906494
test_01287,0.9999041557312012
test_01288,0.4551986753940582
test_01289,0.9969432950019836
test_01290,0.9987177848815918
test_01291,2.458541636940481e-08
test_01292,0.7466759085655212
test_01293,0.008249924518167973
test_01294,0.9988918900489807
test_01295,0.9076284766197205
test_01296,0.41299447417259216
test_01297,0.9993264675140381
test_01298,0.00694353599101305
test_01299,0.9918937087059021
test_01300,0.003815010190010071
test_01301,0.9828658699989319
test_01302,0.24035900831222534
test_01303,0.252441942691803
test_01304,0.018797600641846657
test_01305,8.120184793369845e-05
test_01306,0.005830378271639347
test_01307,0.9999992847442627
test_01308,0.9999758005142212
test_01309,0.039642903953790665
test_01310,0.9095022082328796
test_01311,0.007202920038253069
test_01312,0.9980102181434631
test_01313,0.023257378488779068
test_01314,0.9701125621795654
test_01315,0.13172346353530884
test_01316,0.8483878374099731
test_01317,0.9992119073867798
test_01318,0.13191485404968262
test_01319,0.003467173082754016
test_01320,0.33731552958488464
test_01321,0.45775771141052246
test_01322,0.9890778064727783
test_01323,0.0223852451890707
test_01324,5.0039143388858065e-06
test_01325,0.9964325428009033
test_01326,0.07310165464878082
test_01327,0.24127906560897827
test_01328,0.9996910095214844
test_01329,0.9999594688415527
test_01330,0.9995482563972473
test_01331,0.0005508068716153502
test_01332,0.3587253987789154
test_01333,0.052593059837818146
test_01334,0.22825831174850464
test_01335,0.9993205070495605
test_01336,0.8340224027633667
test_01337,0.9916452765464783
test_01338,0.9999997615814209
test_01339,0.3177179992198944
test_01340,0.00561427790671587
test_01341,0.9999861717224121
test_01342,0.4461762607097626
test_01343,0.9893963932991028
test_01344,0.8935936689376831
test_01345,0.9414771795272827
test_01346,0.0001250284694833681
test_01347,0.16532039642333984
test_01348,0.16652819514274597
test_01349,2.0129156837356277e-05
test_01350,0.9191328287124634
test_01351,0.8718821406364441
test_01352,0.9729975461959839
test_01353,3.857536512441584e-07
test_01354,0.0344516821205616
test_01355,0.355212926864624
test_01356,0.0025793665554374456
test_01357,8.277042797999457e-05
test_01358,0.9602359533309937
test_01359,0.20781737565994263
test_01360,0.12687909603118896
test_01361,0.9999197721481323
test_01362,0.0011822860687971115
test_01363,0.9921565055847168
test_01364,0.9289877414703369
test_01365,0.7751863598823547
test_01366,0.0032269612420350313
test_01367,0.4215731620788574
test_01368,0.16219410300254822
test_01369,0.08380959182977676
test_01370,0.001008828287012875
test_01371,0.0017806845717132092
test_01372,0.1159098893404007
test_01373,0.9970855116844177
test_01374,0.8433806300163269
test_01375,0.001632196013815701
test_01376,0.6153920292854309
test_01377,0.0003331250336486846
test_01378,8.190206426661462e-05
test_01379,0.00970590952783823
test_01380,0.0031221092212945223
test_01381,0.0009259360958822072
test_01382,0.99395751953125
test_01383,0.995276927947998
test_01384,0.9649769067764282
test_01385,0.9999607801437378
test_01386,0.07023975253105164
test_01387,0.20331864058971405
test_01388,0.0378921739757061
test_01389,0.06168263778090477
test_01390,0.0006211666623130441
test_01391,0.14269444346427917
test_01392,0.9125579595565796
test_01393,0.96927410364151
test_01394,8.221545431297272e-05
test_01395,0.9998664855957031
test_01396,0.9726377725601196
test_01397,0.8191245794296265
test_01398,0.010356093756854534
test_01399,0.007636848837137222
test_01400,0.21165798604488373
test_01401,0.0031988443806767464
test_01402,0.1969394087791443
test_01403,0.780396580696106
test_01404,0.19363774359226227
test_01405,0.9729529619216919
test_01406,0.10845884680747986
test_01407,0.996297299861908
test_01408,0.9987562894821167
test_01409,0.8637115955352783
test_01410,0.9858971238136292
test_01411,0.27981069684028625
test_01412,0.0003506685025058687
test_01413,0.005082054529339075
test_01414,0.00012861860159318894
test_01415,0.8634657859802246
test_01416,0.9999984502792358
test_01417,0.004802543204277754
test_01418,0.6527172923088074
test_01419,0.0004440376069396734
test_01420,0.0002256604057038203
test_01421,0.29662078619003296
test_01422,0.20700709521770477
test_01423,0.882633626461029
test_01424,0.9169406890869141
test_01425,0.9996775388717651
test_01426,0.9950607419013977
test_01427,0.7468454241752625
test_01428,0.24738404154777527
test_01429,0.9111074209213257
test_01430,0.050179656594991684
test_01431,0.0004625292494893074
test_01432,0.9999938011169434
test_01433,0.9855059385299683
test_01434,0.9960519671440125
test_01435,0.3376455008983612
test_01436,0.00913347490131855
test_01437,0.00022316662943921983
test_01438,0.06066884100437164
test_01439,0.9860919117927551
test_01440,0.963596761226654
test_01441,0.9490326642990112
test_01442,0.9089447855949402
test_01443,0.0036991809029132128
test_01444,0.1256239116191864
test_01445,0.1724642515182495
test_01446,6.853610830148682e-05
test_01447,0.8863941431045532
test_01448,0.9999916553497314
test_01449,0.937778651714325
test_01450,0.9998511075973511
test_01451,0.025989288464188576
test_01452,0.99924635887146
test_01453,0.7627256512641907
test_01454,0.9998970031738281
test_01455,0.9877412915229797
test_01456,0.6942316293716431
test_01457,0.9158836603164673
test_01458,0.8351565599441528
test_01459,0.9552082419395447
test_01460,7.256187927850988e-06
test_01461,4.409523626236478e-06
test_01462,3.2783652841317235e-06
test_01463,0.9997408986091614
test_01464,0.07535136491060257
test_01465,0.891213059425354
test_01466,0.729234516620636
test_01467,0.9984763264656067
test_01468,0.8328936100006104
test_01469,4.4217562390258536e-05
test_01470,0.11107160151004791
test_01471,0.43289974331855774
test_01472,0.7540432810783386
test_01473,0.0014593257801607251
test_01474,0.9999986886978149
test_01475,0.13501672446727753
test_01476,0.011968374252319336
test_01477,0.03753521293401718
test_01478,0.005316538270562887
test_01479,0.10103096067905426
test_01480,0.9999313354492188
test_01481,0.8257646560668945
test_01482,0.00013693993969354779
test_01483,0.8306892514228821
test_01484,3.442371234996244e-05
test_01485,0.9989921450614929
test_01486,0.986723005771637
test_01487,0.2323845475912094
test_01488,0.9711153507232666
test_01489,0.989639401435852
test_01490,0.569056510925293
test_01491,0.0009292556205764413
test_01492,0.08442168682813644
test_01493,0.9065517783164978
test_01494,0.00024149491218850017
test_01495,0.009619277901947498
test_01496,0.5900160670280457
test_01497,0.5471584796905518
test_01498,0.6285709738731384
test_01499,0.0498056635260582
test_01500,0.3568915128707886
test_01501,0.21019360423088074
test_01502,0.9335792064666748
test_01503,0.7171854972839355
test_01504,0.2086765319108963
test_01505,5.611142114503309e-06
test_01506,0.9807935953140259
test_01507,0.8405804634094238
test_01508,0.8504436016082764
test_01509,0.6885185837745667
test_01510,0.9371121525764465
test_01511,0.9999977350234985
test_01512,0.9903106093406677
test_01513,0.999244213104248
test_01514,0.4541337490081787
test_01515,0.7489450573921204
test_01516,0.019708681851625443
test_01517,0.22520314157009125
test_01518,0.3453460931777954
test_01519,0.9684903025627136
test_01520,0.9146607518196106
test_01521,0.963643491268158
test_01522,0.8494809865951538
test_01523,0.9180775880813599
test_01524,1.0
test_01525,0.8462132215499878
test_01526,1.1774543963838369e-05
test_01527,0.9999971389770508
test_01528,0.9915898442268372
test_01529,0.0021666649263352156
test_01530,0.9959152340888977
test_01531,0.8546183109283447
test_01532,0.9999639987945557
test_01533,0.8857826590538025
test_01534,0.005697440356016159
test_01535,0.02024872414767742
test_01536,0.9251272678375244
test_01537,0.9929823875427246
test_01538,0.08521734178066254
test_01539,0.9902228116989136
test_01540,0.25415635108947754
test_01541,0.7423504590988159
test_01542,0.9390855431556702
test_01543,0.9994761347770691
test_01544,0.004274868406355381
test_01545,0.9875531196594238
test_01546,0.9762060642242432
test_01547,0.5527967810630798
test_01548,0.6802024841308594
test_01549,0.3939116299152374
test_01550,0.9991623163223267
test_01551,0.022746868431568146
test_01552,0.889732301235199
test_01553,0.9694013595581055
test_01554,0.0010916386963799596
test_01555,0.6564228534698486
test_01556,0.9999047517776489
test_01557,0.9999840259552002
test_01558,0.9982272982597351
test_01559,5.302929366735043e-07
test_01560,0.9962761402130127
test_01561,0.0893779769539833
test_01562,0.5176682472229004
test_01563,0.7308729887008667
test_01564,0.0013763332972303033
test_01565,0.9819938540458679
test_01566,0.9974543452262878
test_01567,0.39733439683914185
test_01568,0.0014512967318296432
test_01569,4.587515286402777e-05
test_01570,0.3942875564098358
test_01571,0.9112420082092285
test_01572,0.9453718662261963
test_01573,0.7460752129554749
test_01574,0.6032807230949402
test_01575,0.5813174247741699
test_01576,0.999497652053833
test_01577,0.0020983375143259764
test_01578,0.9916175007820129
test_01579,0.8174183368682861
test_01580,0.6978966593742371
test_01581,0.9965260624885559
test_01582,1.0619889508234337e-05
test_01583,0.9246025085449219
test_01584,0.519370973110199
test_01585,0.4159429967403412
test_01586,0.8771743774414062
test_01587,0.8816710710525513
test_01588,0.21598759293556213
test_01589,0.011434098705649376
test_01590,0.6254500150680542
test_01591,0.9992135763168335
test_01592,0.6012048721313477
test_01593,0.0012419121339917183
test_01594,0.0668385773897171
test_01595,0.9958165287971497
test_01596,0.006246170960366726
test_01597,0.0007962767849676311
test_01598,2.3421461037287372e-07
test_01599,0.8677937388420105
test_01600,0.02617400325834751
test_01601,0.9795630574226379
test_01602,0.2544311285018921
test_01603,0.9994916915893555
test_01604,0.9156997203826904
test_01605,0.2480417639017105
test_01606,0.031096847727894783
test_01607,0.9995699524879456
test_01608,0.986952543258667
test_01609,0.9958933591842651
test_01610,0.999839186668396
test_01611,0.030751314014196396
test_01612,0.9930887818336487
test_01613,0.01488403044641018
test_01614,0.002220834605395794
test_01615,0.9993636012077332
test_01616,0.01167993899434805
test_01617,0.9974510073661804
test_01618,0.9922622442245483
test_01619,0.05085141584277153
test_01620,0.006172103341668844
test_01621,0.7085393071174622
test_01622,0.9989295601844788
test_01623,0.9007495641708374
test_01624,0.22321151196956635
test_01625,0.22860828042030334
test_01626,0.9778514504432678
test_01627,0.5420967936515808
test_01628,0.011780879460275173
test_01629,0.9994619488716125
test_01630,0.9998914003372192
test_01631,0.9999995231628418
test_01632,0.33892208337783813
test_01633,0.9913668036460876
test_01634,0.0014001415111124516
test_01635,0.794678807258606
test_01636,0.9994561076164246
test_01637,0.8905460238456726
test_01638,0.32059890031814575
test_01639,0.005333689972758293
test_01640,0.0018875785171985626
test_01641,0.49642327427864075
test_01642,0.24962422251701355
test_01643,0.0015801333356648684
test_01644,0.9893448948860168
test_01645,0.5272651314735413
test_01646,0.4581204056739807
test_01647,0.989916980266571
test_01648,0.98707515001297
test_01649,0.0014623585157096386
test_01650,0.8163979649543762
test_01651,0.1718040406703949
test_01652,0.9999023675918579
test_01653,2.969369052152615e-05
test_01654,0.9935926795005798
test_01655,0.989204466342926
test_01656,0.72850102186203
test_01657,0.0034241583198308945
test_01658,0.7826035022735596
test_01659,0.0009541064500808716
test_01660,0.9999909400939941
test_01661,0.0007032733992673457
test_01662,0.29869139194488525
test_01663,0.4819202125072479
test_01664,0.6743000149726868
test_01665,0.7849060297012329
test_01666,0.0013724073069170117
test_01667,3.387947435840033e-05
test_01668,0.9433537125587463
test_01669,3.827042746706866e-06
test_01670,0.6571304798126221
test_01671,0.9998456239700317
test_01672,0.9999179840087891
test_01673,0.007402302697300911
test_01674,0.2886587381362915
test_01675,0.14223133027553558
test_01676,0.9999775886535645
test_01677,0.4578322768211365
test_01678,0.87754887342453
test_01679,0.7896038889884949
test_01680,0.0031802968587726355
test_01681,0.766735851764679
test_01682,0.9982628226280212
test_01683,0.0009524099878035486
test_01684,0.9326309561729431
test_01685,0.998656153678894
test_01686,0.8859741687774658
test_01687,0.8090880513191223
test_01688,0.00834647472947836
test_01689,4.315000114729628e-05
test_01690,0.9997119307518005
test_01691,0.8002358675003052
test_01692,0.019177120178937912
test_01693,0.15520153939723969
test_01694,3.241561717004515e-05
test_01695,0.046368639916181564
test_01696,0.9987068176269531
test_01697,0.9451267719268799
test_01698,0.9929088354110718
test_01699,0.19816181063652039
test_01700,0.9923231601715088
test_01701,7.308238764380803e-06
test_01702,0.11211954057216644
test_01703,0.999683141708374
test_01704,2.49916483880952e-05
test_01705,0.3518713414669037
test_01706,0.9931312203407288
test_01707,0.9749521017074585
test_01708,0.9762929677963257
test_01709,0.9366375207901001
test_01710,0.983564019203186
test_01711,0.5014006495475769
test_01712,0.30884355306625366
test_01713,0.00023808181867934763
test_01714,0.00013631056935992092
test_01715,0.7961211800575256
test_01716,0.36852648854255676
test_01717,0.999964714050293
test_01718,0.00649238983169198
test_01719,0.37765374779701233
test_01720,0.8959920406341553
test_01721,1.926500544868759e-06
test_01722,0.9974240064620972
test_01723,0.00621261028572917
test_01724,4.351409006631002e-05
test_01725,1.6237458112300374e-05
test_01726,0.5057858824729919
test_01727,0.953616738319397
test_01728,0.6184741258621216
test_01729,0.9347600936889648
test_01730,0.07706426829099655
test_01731,0.13819198310375214
test_01732,0.3604239225387573
test_01733,0.8244842886924744
test_01734,0.9967446327209473
test_01735,0.999897837638855
test_01736,0.9987174272537231
test_01737,0.9999998807907104
test_01738,0.6252519488334656
test_01739,0.8466318845748901
test_01740,0.9906196594238281
test_01741,0.027560750022530556
test_01742,0.507031261920929
test_01743,0.9920550584793091
test_01744,0.8895895481109619
test_01745,0.008161875419318676
test_01746,0.101070836186409
test_01747,0.9999992847442627
test_01748,0.9129700660705566
test_01749,0.8967815041542053
test_01750,0.9999825954437256
test_01751,0.1420850306749344
test_01752,0.055523212999105453
test_01753,0.45384687185287476
test_01754,0.4185589551925659
test_01755,0.9534708857536316
test_01756,0.9727351069450378
test_01757,0.0164995938539505
test_01758,0.0017626748885959387
test_01759,0.4152790307998657
test_01760,0.6670234203338623
test_01761,0.017022298648953438
test_01762,0.3891446590423584
test_01763,7.914136972431152e-07
test_01764,0.9989680051803589
test_01765,0.9301112294197083
test_01766,0.01820545271039009
test_01767,7.96199165051803e-05
test_01768,0.572702169418335
test_01769,0.8700839281082153
test_01770,0.437839537858963
test_01771,0.16046153008937836
test_01772,0.2704901397228241
test_01773,0.7062041163444519
test_01774,0.9999920129776001
test_01775,0.9999986886978149
test_01776,0.9910126328468323
test_01777,0.999975323677063
test_01778,0.9853192567825317
test_01779,0.5092300772666931
test_01780,0.2729634642601013
test_01781,0.9956843852996826
test_01782,1.9450131730991416e-05
test_01783,0.9995601773262024
test_01784,0.008289892226457596
test_01785,0.9989714622497559
test_01786,0.04467957839369774
test_01787,0.1111723929643631
test_01788,0.9999995231628418
test_01789,0.01636160910129547
test_01790,2.4812586616462795e-06
test_01791,0.9291448593139648
test_01792,0.805351972579956
test_01793,0.9084935784339905
test_01794,0.07444179058074951
test_01795,0.001625578268431127
test_01796,0.00018977258878294379
test_01797,1.1446083590271883e-05
test_01798,0.997078537940979
test_01799,0.8176476955413818
test_01800,0.8676876425743103
test_01801,0.9999970197677612
test_01802,0.1406276524066925
test_01803,0.9995608925819397
test_01804,0.7257208824157715
test_01805,0.014958850108087063
test_01806,0.9110652804374695
test_01807,0.8119456768035889
test_01808,0.9975228905677795
test_01809,0.9988553524017334
test_01810,0.214803084731102
test_01811,0.9608624577522278
test_01812,0.8563224077224731
test_01813,0.12424881756305695
test_01814,0.009502761997282505
test_01815,0.8805374503135681
test_01816,0.9316100478172302
test_01817,0.002228017430752516
test_01818,0.9997770190238953
test_01819,0.9273731112480164
test_01820,6.148632382974029e-05
test_01821,0.9999924898147583
test_01822,0.1406465321779251
test_01823,9.548614798404742e-06
test_01824,0.12337060272693634
test_01825,0.011236870661377907
test_01826,0.9124588966369629
test_01827,2.7786183636635542e-05
test_01828,0.9999816417694092
test_01829,6.093529736972414e-05
test_01830,0.7106388211250305
test_01831,1.4168210782372626e-06
test_01832,0.000548665935639292
test_01833,0.032670505344867706
test_01834,0.5928146243095398
test_01835,0.21287404000759125
test_01836,0.014856669120490551
test_01837,0.9998536109924316
test_01838,0.003668996738269925
test_01839,0.9999096393585205
test_01840,0.0010531869484111667
test_01841,0.9896230697631836
test_01842,0.5751852989196777
test_01843,0.0033116089180111885
test_01844,0.9896026253700256
test_01845,0.7783886194229126
test_01846,0.2233051210641861
test_01847,0.9945328235626221
test_01848,0.0009628366678953171
test_01849,0.9710909724235535
test_01850,0.6364132761955261
test_01851,0.9999744892120361
test_01852,0.12114513665437698
test_01853,0.44721993803977966
test_01854,0.6394129395484924
test_01855,0.7822741866111755
test_01856,0.4376404583454132
test_01857,5.72595990888658e-06
test_01858,0.9999853372573853
test_01859,0.157429501414299
test_01860,0.9998903274536133
test_01861,0.09503250569105148
test_01862,0.4681338667869568
test_01863,0.7617232203483582
test_01864,0.00024286023108288646
test_01865,0.734817385673523
test_01866,0.23874898254871368
test_01867,0.0011835519690066576
test_01868,0.005471502430737019
test_01869,0.9997546076774597
test_01870,0.28182458877563477
test_01871,0.9999573230743408
test_01872,0.0018999919993802905
test_01873,0.9994046688079834
test_01874,0.6951862573623657
test_01875,0.5620107054710388
test_01876,0.8946762681007385
test_01877,0.8401211500167847
test_01878,0.36080610752105713
test_01879,0.1803085058927536
test_01880,0.9998966455459595
test_01881,0.9685118198394775
test_01882,0.003222009399905801
test_01883,0.05770722031593323
test_01884,0.007077788934111595
test_01885,0.745050847530365
test_01886,0.004560655448585749
test_01887,0.05642522871494293
test_01888,0.004037408158183098
test_01889,0.2185504287481308
test_01890,0.9603197574615479
test_01891,0.19495141506195068
test_01892,0.02528684027493
test_01893,0.999594509601593
test_01894,0.3534037172794342
test_01895,5.533102466870332e-06
test_01896,0.380572646856308
test_01897,0.3461858034133911
test_01898,0.998556911945343
test_01899,0.08627899736166
test_01900,0.9810716509819031
test_01901,0.9410394430160522
test_01902,0.9999806880950928
test_01903,1.1615181392699014e-05
test_01904,0.05116010457277298
test_01905,0.5969110131263733
test_01906,0.016003265976905823
test_01907,0.999064028263092
test_01908,0.842093288898468
test_01909,0.5452837944030762
test_01910,2.1458819901454262e-05
test_01911,0.0007471442222595215
test_01912,0.9894776940345764
test_01913,3.0137620399273146e-08
test_01914,0.036874622106552124
test_01915,0.37128525972366333
test_01916,0.9967844486236572
test_01917,0.9735123515129089
test_01918,0.9889935851097107
test_01919,0.0839419960975647
test_01920,0.9070421457290649
test_01921,3.1347261142400384e-07
test_01922,0.9871697425842285
test_01923,0.34557387232780457
test_01924,0.9577418565750122
test_01925,0.31885209679603577
test_01926,0.002296753227710724
test_01927,0.9488371014595032
test_01928,0.0028443685732781887
test_01929,0.01266399584710598
test_01930,0.9999938011169434
test_01931,5.02753937325906e-05
test_01932,0.9832452535629272
test_01933,0.8675916194915771
test_01934,0.32572659850120544
test_01935,1.127109135268256e-05
test_01936,0.32998865842819214
test_01937,0.014850437641143799
test_01938,0.02474641241133213
test_01939,0.9969198703765869
test_01940,0.0010535125620663166
test_01941,0.9118353724479675
test_01942,0.9981977343559265
test_01943,0.004784320015460253
test_01944,0.6160603761672974
test_01945,1.921056173159741e-05
test_01946,0.6971577405929565
test_01947,0.0008451978792436421
test_01948,0.04555833712220192
test_01949,0.4062749743461609
test_01950,0.9203125834465027
test_01951,0.9995467066764832
test_01952,1.0
test_01953,0.004569717682898045
test_01954,0.977397084236145
test_01955,0.05608475208282471
test_01956,0.9542673230171204
test_01957,0.9636814594268799
test_01958,0.3476927578449249
test_01959,0.5887387990951538
test_01960,0.9980742931365967
test_01961,0.9995624423027039
test_01962,0.0471610389649868
test_01963,0.21054567396640778
test_01964,0.0002761228824965656
test_01965,0.054882876574993134
test_01966,2.54331280302722e-05
test_01967,0.6826777458190918
test_01968,0.9865729808807373
test_01969,0.06550794094800949
test_01970,0.5843222737312317
test_01971,0.9999370574951172
test_01972,0.9919238686561584
test_01973,0.026725146919488907
test_01974,0.45109036564826965
test_01975,0.9999951124191284
test_01976,0.7332103848457336
test_01977,0.00021073711104691029
test_01978,0.999996542930603
test_01979,6.189182022353634e-05
test_01980,0.0008754259906709194
test_01981,0.7242125272750854
test_01982,0.003134768921881914
test_01983,0.4636971950531006
test_01984,0.9942197799682617
test_01985,0.9998223185539246
test_01986,0.10838136821985245
test_01987,0.11817677319049835
test_01988,0.003353983862325549
test_01989,0.6500220894813538
test_01990,0.5789026021957397
test_01991,0.9881360530853271
test_01992,0.8631801009178162
test_01993,0.9345471262931824
test_01994,0.01595902442932129
test_01995,0.9999992847442627
test_01996,0.9996077418327332
test_01997,0.9358883500099182
test_01998,9.332935587735847e-05
test_01999,0.2978311777114868
test_02000,0.9459515810012817
test_02001,0.06622929126024246
test_02002,0.40175655484199524
test_02003,0.9994182586669922
test_02004,0.04034816101193428
test_02005,0.22539903223514557
test_02006,0.002925105858594179
test_02007,0.13981714844703674
test_02008,0.12593723833560944
test_02009,0.4226517677307129
test_02010,0.9887413382530212
test_02011,0.9926920533180237
test_02012,0.6358282566070557
test_02013,0.9999803304672241
test_02014,0.21062804758548737
test_02015,0.0034726420417428017
test_02016,0.8033099174499512
test_02017,0.6562071442604065
test_02018,0.9978316426277161
test_02019,0.6626459956169128
test_02020,0.002316021826118231
test_02021,0.9998784065246582
test_02022,0.8630788922309875
test_02023,0.03816194832324982
test_02024,0.6018545031547546
test_02025,0.9998642206192017
test_02026,0.9999964237213135
test_02027,0.09177415072917938
test_02028,0.9550555348396301
test_02029,0.5708780884742737
test_02030,0.9741695523262024
test_02031,0.7756410241127014
test_02032,0.00019283681467641145
test_02033,1.878412331279833e-05
test_02034,0.9918432831764221
test_02035,0.29006949067115784
test_02036,0.00016218416567426175
test_02037,1.271753353648819e-05
test_02038,0.5689740180969238
test_02039,0.9802138209342957
test_02040,0.6557889580726624
test_02041,0.6081880927085876
test_02042,0.004871733486652374
test_02043,0.0026555245276540518
test_02044,0.3580694794654846
test_02045,0.8708095550537109
test_02046,0.0058107986114919186
test_02047,0.03423077613115311
test_02048,0.9999858140945435
test_02049,0.0004446650855243206
test_02050,0.8319215178489685
test_02051,0.9999994039535522
test_02052,0.07399576157331467
test_02053,0.9759562015533447
test_02054,0.006713894195854664
test_02055,0.9992542862892151
test_02056,0.9973810315132141
test_02057,0.9982755184173584
test_02058,0.21794135868549347
test_02059,0.9812818765640259
test_02060,0.991367518901825
test_02061,0.9861916303634644
test_02062,7.99793178885011e-06
test_02063,2.1911846488364972e-05
test_02064,0.9558461308479309
test_02065,0.9999758005142212
test_02066,0.9999706745147705
test_02067,0.017336880788207054
test_02068,0.05644887313246727
test_02069,0.999955415725708
test_02070,0.0019662261474877596
test_02071,0.42796391248703003
test_02072,0.9999858140945435
test_02073,0.05417471006512642
test_02074,0.9999662637710571
test_02075,0.945408821105957
test_02076,0.5001471042633057
test_02077,0.07852941751480103
test_02078,0.990462601184845
test_02079,0.25438618659973145
test_02080,0.9995864033699036
test_02081,0.11076768487691879
test_02082,0.9559219479560852
test_02083,9.234727258444764e-06
test_02084,0.012584077194333076
test_02085,0.3272351324558258
test_02086,0.041782211512327194
test_02087,9.014064744405914e-06
test_02088,0.0018787338631227612
test_02089,0.05201096460223198
test_02090,0.33335375785827637
test_02091,0.07437710464000702
test_02092,0.11399814486503601
test_02093,0.8853302597999573
test_02094,0.9976377487182617
test_02095,0.0075139980763196945
test_02096,8.756502211326733e-05
test_02097,0.0571889691054821
test_02098,0.8781632781028748
test_02099,0.14264516532421112
test_02100,0.9953183531761169
test_02101,0.5893124341964722
test_02102,0.9921754002571106
test_02103,0.6139273643493652
test_02104,0.2674347758293152
test_02105,0.9874591827392578
test_02106,0.796800434589386
test_02107,0.003639469388872385
test_02108,0.2910041809082031
test_02109,0.092229925096035
test_02110,0.9267324805259705
test_02111,0.0714544951915741
test_02112,0.7156543135643005
test_02113,0.9979839324951172
test_02114,0.9998692274093628
test_02115,0.803436279296875
test_02116,0.9999079704284668
test_02117,0.0010674771619960666
test_02118,0.2844201624393463
test_02119,0.24606987833976746
test_02120,0.004429067950695753
test_02121,0.9884937405586243
test_02122,0.00037640135269612074
test_02123,0.007722596637904644
test_02124,0.33541035652160645
test_02125,0.9998152852058411
test_02126,0.7923250198364258
test_02127,0.00563838891685009
test_02128,9.521241736365482e-05
test_02129,0.8853228092193604
test_02130,0.9999111890792847
test_02131,0.9580199718475342
test_02132,0.8598901033401489
test_02133,0.9984220266342163
test_02134,2.3825290554668754e-05
test_02135,0.999943733215332
test_02136,0.25380271673202515
test_02137,0.39978259801864624
test_02138,0.28208640217781067
test_02139,0.26696598529815674
test_02140,0.21424679458141327
test_02141,0.994971513748169
test_02142,0.9916651844978333
test_02143,0.5052066445350647
test_02144,0.8826993703842163
test_02145,0.09323051571846008
test_02146,0.004994318820536137
test_02147,0.7367751002311707
test_02148,0.9196999669075012
test_02149,1.1730047155822376e-08
test_02150,0.9999843835830688
test_02151,0.005442846100777388
test_02152,0.0011519064428284764
test_02153,0.9711205363273621
test_02154,0.9999996423721313
test_02155,0.937262773513794
test_02156,0.33822619915008545
test_02157,0.006992151960730553
test_02158,0.007630531210452318
test_02159,0.9777629971504211
test_02160,0.9118537902832031
test_02161,0.9995552897453308
test_02162,0.9967973828315735
test_02163,0.04031132534146309
test_02164,0.00017475933418609202
test_02165,0.46763139963150024
test_02166,0.05893553048372269
test_02167,0.9478574991226196
test_02168,0.42872288823127747
test_02169,0.41625478863716125
test_02170,0.6376981735229492
test_02171,0.8828389644622803
test_02172,0.3502903878688812
test_02173,0.0008718452299945056
test_02174,0.0258043110370636
test_02175,0.8054863810539246
test_02176,0.10416797548532486
test_02177,0.3104870319366455
test_02178,0.00015625223750248551
test_02179,0.7581427693367004
test_02180,0.9997188448905945
test_02181,0.8282299637794495
test_02182,0.0006576524465344846
test_02183,0.22446247935295105
test_02184,0.0002915876393672079
test_02185,0.9998663663864136
test_02186,2.1964378902339377e-05
test_02187,0.999806821346283
test_02188,0.20731669664382935
test_02189,0.99965500831604
test_02190,0.998608410358429
test_02191,0.8157258629798889
test_02192,0.0007484322995878756
test_02193,0.00018089004151988775
test_02194,0.9989259839057922
test_02195,0.6992051601409912
test_02196,0.00024159555323421955
test_02197,0.9661803841590881
test_02198,0.931157112121582
test_02199,0.5189351439476013
test_02200,0.9369733333587646
test_02201,0.10283716768026352
test_02202,0.0036029675975441933
test_02203,0.0015447108307853341
test_02204,0.5167107582092285
test_02205,0.4774992763996124
test_02206,0.9347615242004395
test_02207,4.480421557673253e-05
test_02208,0.9988945126533508
test_02209,0.9488701224327087
test_02210,0.028260307386517525
test_02211,0.6678529381752014
test_02212,0.02137058787047863
test_02213,0.9609349966049194
test_02214,0.9744659066200256
test_02215,0.0417550727725029
test_02216,0.0005375294713303447
test_02217,0.004898104351013899
test_02218,0.9843847751617432
test_02219,0.008800857700407505
test_02220,4.9811867938842624e-05
test_02221,0.0035233646631240845
test_02222,0.9962649941444397
test_02223,0.9363075494766235
test_02224,0.9447504281997681
test_02225,0.0028580650687217712
test_02226,0.160007044672966
test_02227,0.4167405068874359
test_02228,0.9999983310699463
test_02229,0.5796571969985962
test_02230,0.7265701293945312
test_02231,0.12321754544973373
test_02232,0.31393003463745117
test_02233,0.9996668100357056
test_02234,0.000136726230266504
test_02235,0.3938179314136505
test_02236,0.1791006177663803
test_02237,0.8595502376556396
test_02238,0.000732334447093308
test_02239,0.970442533493042
test_02240,0.6518511176109314
test_02241,0.9999877214431763
test_02242,0.0015311554307118058
test_02243,7.410799753415631e-06
test_02244,0.9977273344993591
test_02245,0.27821338176727295
test_02246,0.999761164188385
test_02247,0.9968926906585693
test_02248,0.9893174767494202
test_02249,0.9666783809661865
test_02250,0.9999312162399292
test_02251,0.0002426107384962961
test_02252,0.9999939203262329
test_02253,0.9972847700119019
test_02254,0.001481850864365697
test_02255,0.9231698513031006
test_02256,0.9393423199653625
test_02257,0.9812614917755127
test_02258,0.4033973217010498
test_02259,0.7570539712905884
test_02260,0.0065283263102173805
test_02261,0.18657593429088593
test_02262,0.3580476939678192
test_02263,0.9989687204360962
test_02264,0.37387192249298096
test_02265,0.9994994401931763
test_02266,0.8716381192207336
test_02267,1.1449677685959614e-06
test_02268,0.3160720467567444
test_02269,0.9999140501022339
test_02270,0.9993941783905029
test_02271,0.10706117749214172
test_02272,0.0003617432666942477
test_02273,0.7169923782348633
test_02274,0.8927536606788635
test_02275,0.9496023654937744
test_02276,0.9918404817581177
test_02277,0.9999994039535522
test_02278,0.41389063000679016
test_02279,0.7332545518875122
test_02280,0.0024879470001906157
test_02281,0.2370602935552597
test_02282,0.013701386749744415
test_02283,0.49095314741134644
test_02284,0.2398705780506134
test_02285,0.9979262351989746
test_02286,0.00010770895460154861
test_02287,0.056601863354444504
test_02288,4.903350827589747e-07
test_02289,4.248242112225853e-05
test_02290,0.8600422739982605
test_02291,0.00025086296955123544
test_02292,0.0014177554985508323
test_02293,0.04421646520495415
test_02294,0.4878522753715515
test_02295,0.9747875332832336
test_02296,0.9686174988746643
test_02297,0.9982759952545166
test_02298,0.9995009899139404
test_02299,0.9998711347579956
test_02300,0.009549247100949287
test_02301,0.6663442254066467
test_02302,0.9984990358352661
test_02303,0.9530926942825317
test_02304,0.0003591051499824971
test_02305,0.9993571639060974
test_02306,0.9987632036209106
test_02307,0.6691989302635193
test_02308,0.061424028128385544
test_02309,0.007847909815609455
test_02310,0.46057024598121643
test_02311,0.9949001669883728
test_02312,0.6318942308425903
test_02313,0.81675124168396
test_02314,0.031483810395002365
test_02315,0.709921658039093
test_02316,0.6856046319007874
test_02317,2.0163586668786593e-05
test_02318,0.9869911074638367
test_02319,0.9999996423721313
test_02320,0.07865577191114426
test_02321,0.9481596350669861
test_02322,0.9969193935394287
test_02323,1.2619805602298584e-05
test_02324,0.9876415729522705
test_02325,0.9923720359802246
test_02326,0.044959962368011475
test_02327,0.017164815217256546
test_02328,0.09614542871713638
test_02329,0.05612345039844513
test_02330,0.008128656074404716
test_02331,3.0097842682152987e-05
test_02332,0.0004961234517395496
test_02333,9.657770050353065e-08
test_02334,0.5502134561538696
test_02335,0.939100980758667
test_02336,0.7479274868965149
test_02337,6.468891660915688e-05
test_02338,0.42348310351371765
test_02339,0.6493423581123352
test_02340,0.9999736547470093
test_02341,0.04884077608585358
test_02342,0.00577429449185729
test_02343,0.9822792410850525
test_02344,0.0015724810073152184
test_02345,0.1346128284931183
test_02346,0.9981123208999634
test_02347,0.9052351713180542
test_02348,0.9948691129684448
test_02349,0.9978176355361938
test_02350,0.06792253255844116
test_02351,5.115169187774882e-05
test_02352,0.1598116159439087
test_02353,0.09160996973514557
test_02354,0.9979674220085144
test_02355,0.7994028329849243
test_02356,0.878108024597168
test_02357,0.0001329635560978204
test_02358,0.9478036165237427
test_02359,0.9905248284339905
test_02360,0.11590594053268433
test_02361,0.8003912568092346
test_02362,0.9961724877357483
test_02363,0.9970685839653015
test_02364,0.9997373223304749
test_02365,0.8937718272209167
test_02366,0.0004437968018464744
test_02367,0.998931348323822
test_02368,0.00029213327798061073
test_02369,0.011602670885622501
test_02370,0.9452350735664368
test_02371,0.9961161613464355
test_02372,8.441226100330823e-07
test_02373,7.114355412340956e-06
test_02374,0.9873086810112
test_02375,0.9684205651283264
test_02376,0.8019359111785889
test_02377,0.13334651291370392
test_02378,0.9419298768043518
test_02379,0.0008977476973086596
test_02380,0.7430306077003479
test_02381,0.9861562252044678
test_02382,0.8655475974082947
test_02383,0.13781486451625824
test_02384,1.9638342564576305e-05
test_02385,0.5812268853187561
test_02386,0.0017915922217071056
test_02387,0.9997864365577698
test_02388,2.7550624963623704e-06
test_02389,9.469060023548082e-05
test_02390,0.04936056584119797
test_02391,0.5365923643112183
test_02392,0.9992609620094299
test_02393,1.8569058966022567e-06
test_02394,0.49922260642051697
test_02395,0.3904654383659363
test_02396,0.07909384369850159
test_02397,0.8907665014266968
test_02398,0.9911922812461853
test_02399,0.9466478228569031
test_02400,0.9997527003288269
test_02401,0.9919724464416504
test_02402,0.9881763458251953
test_02403,0.36425653100013733
test_02404,0.9921481013298035
test_02405,0.841315746307373
test_02406,0.6926536560058594
test_02407,0.9341614246368408
test_02408,0.015207762829959393
test_02409,0.010750998742878437
test_02410,0.0018402122659608722
test_02411,0.971381664276123
test_02412,0.9224702715873718
test_02413,0.9998476505279541
test_02414,0.960317075252533
test_02415,0.12007215619087219
test_02416,0.022441163659095764
test_02417,0.9772486686706543
test_02418,0.6343346834182739
test_02419,0.34865450859069824
test_02420,1.2161460290371906e-05
test_02421,0.9608626961708069
test_02422,0.01583562232553959
test_02423,0.9997438788414001
test_02424,0.024222707375884056
test_02425,0.8942664265632629
test_02426,0.9999986886978149
test_02427,0.9936642646789551
test_02428,3.248701250413433e-05
test_02429,0.00033764963154681027
test_02430,0.8227102756500244
test_02431,0.36124753952026367
test_02432,0.7098947763442993
test_02433,0.9998140931129456
test_02434,0.6578451991081238
test_02435,0.587009072303772
test_02436,0.22301609814167023
test_02437,0.8937370777130127
test_02438,0.9997497200965881
test_02439,0.9970203042030334
test_02440,0.9827050566673279
test_02441,0.9691885709762573
test_02442,0.2535075843334198
test_02443,0.6190228462219238
test_02444,0.3014131486415863
test_02445,0.8653231859207153
test_02446,0.9893101453781128
test_02447,0.9919537901878357
test_02448,0.9989272952079773
test_02449,0.0015957526629790664
test_02450,0.5383042097091675
test_02451,0.9999867677688599
test_02452,2.781056096523571e-08
test_02453,0.986865222454071
test_02454,0.8141413331031799
test_02455,0.07891575992107391
test_02456,0.0009834269294515252
test_02457,0.04237738624215126
test_02458,0.1744539588689804
test_02459,3.6097860629524803e-06
test_02460,0.9962782263755798
test_02461,0.9924002885818481
test_02462,0.8677439093589783
test_02463,0.0016051243292167783
test_02464,0.6936185956001282
test_02465,0.5428271889686584
test_02466,1.580506250320468e-05
test_02467,1.6880152543308213e-05
test_02468,0.9700528979301453
test_02469,0.19663450121879578
test_02470,0.0730879008769989
test_02471,0.8628787994384766
test_02472,0.02880062162876129
test_02473,0.9999921321868896
test_02474,0.019071975722908974
test_02475,0.010662691667675972
test_02476,0.026174573227763176
test_02477,0.7903469800949097
test_02478,0.9292687773704529
test_02479,0.999998927116394
test_02480,0.9949114918708801
test_02481,0.9999325275421143
test_02482,0.42261117696762085
test_02483,0.17882147431373596
test_02484,0.8244069814682007
test_02485,0.00675462419167161
test_02486,0.9904544949531555
test_02487,0.05916277691721916
test_02488,0.018664296716451645
test_02489,0.8682871460914612
test_02490,0.8471401333808899
test_02491,0.9776719212532043
test_02492,0.00012189320841571316
test_02493,0.0003022936580237001
test_02494,0.9958168864250183
test_02495,2.0404066162882373e-05
test_02496,0.9973710775375366
test_02497,0.04214249551296234
test_02498,0.23468108475208282
test_02499,0.23467741906642914
test_02500,0.9990637898445129
test_02501,2.2372047169483267e-05
test_02502,0.35096973180770874
test_02503,0.307111531496048
test_02504,0.9996949434280396
test_02505,0.3011106550693512
test_02506,0.016722368076443672
test_02507,0.9998297691345215
test_02508,0.020549222826957703
test_02509,0.9890788197517395
test_02510,0.012885667383670807
test_02511,0.9892160892486572
test_02512,0.9110962748527527
test_02513,0.9999624490737915
test_02514,0.015644896775484085
test_02515,0.9349240660667419
test_02516,0.9999994039535522
test_02517,0.3719309866428375
test_02518,0.0027409966569393873
test_02519,0.34172651171684265
test_02520,1.7056452634278685e-05
test_02521,0.3874298334121704
test_02522,0.05499069020152092
test_02523,4.5358369789028075e-06
test_02524,0.7660694122314453
test_02525,0.9494025707244873
test_02526,0.9759491682052612
test_02527,0.40854528546333313
test_02528,0.9999393224716187
test_02529,0.26531338691711426
test_02530,0.9552686810493469
test_02531,0.8297087550163269
test_02532,0.02614995837211609
test_02533,0.9650328755378723
test_02534,0.007611220236867666
test_02535,0.9973459243774414
test_02536,0.9987976551055908
test_02537,0.8914721012115479
test_02538,0.4734427332878113
test_02539,0.8712512850761414
test_02540,2.703437189666147e-07
test_02541,0.1434391885995865
test_02542,0.5398584008216858
test_02543,0.9467043280601501
test_02544,0.7598556280136108
test_02545,0.998698353767395
test_02546,0.009923657402396202
test_02547,0.9999734163284302
test_02548,0.15977415442466736
test_02549,0.999967098236084
test_02550,0.9981552958488464
test_02551,0.06280171126127243
test_02552,0.9944567680358887
test_02553,0.9970811009407043
test_02554,0.9998883008956909
test_02555,0.8108733296394348
test_02556,0.08659204095602036
test_02557,0.978510856628418
test_02558,0.9769774675369263
test_02559,0.12722907960414886
test_02560,0.6204931139945984
test_02561,0.9237630367279053
test_02562,0.027463063597679138
test_02563,0.9999674558639526
test_02564,0.9999716281890869
test_02565,0.5883395075798035
test_02566,0.1951468288898468
test_02567,0.7316934466362
test_02568,1.1411925697757397e-05
test_02569,0.056873466819524765
test_02570,0.8635079264640808
test_02571,0.011901455000042915
test_02572,0.011436011642217636
test_02573,0.17338326573371887
test_02574,0.9751917123794556
test_02575,0.2777406573295593
test_02576,0.9995537400245667
test_02577,0.8245669603347778
test_02578,1.0
test_02579,1.9156648704665713e-05
test_02580,0.23634248971939087
test_02581,0.9159066081047058
test_02582,0.2497951239347458
test_02583,0.669879674911499
test_02584,0.9990637898445129
test_02585,0.00034494951250962913
test_02586,0.47671374678611755
test_02587,0.8354030847549438
test_02588,0.829232931137085
test_02589,0.1760464608669281
test_02590,0.9949252605438232
test_02591,0.9914788603782654
test_02592,0.6484547853469849
test_02593,0.9999988079071045
test_02594,0.999985933303833
test_02595,0.99625563621521
test_02596,1.3312893010208882e-08
test_02597,0.9999889135360718
test_02598,0.99996018409729
test_02599,0.5594499707221985
test_02600,0.4660762548446655
test_02601,2.6650021027307957e-05
test_02602,0.5477538704872131
test_02603,0.15619926154613495
test_02604,0.9257280826568604
test_02605,1.4954652272081148e-07
test_02606,0.6886934638023376
test_02607,0.30897754430770874
test_02608,0.695544421672821
test_02609,0.9908384680747986
test_02610,0.005871881730854511
test_02611,0.7055558562278748
test_02612,0.7777113318443298
test_02613,0.643774151802063
test_02614,0.949820876121521
test_02615,0.0024038041010499
test_02616,0.5118374228477478
test_02617,0.9500452876091003
test_02618,0.7244208455085754
test_02619,0.9984789490699768
test_02620,0.010152420960366726
test_02621,0.6617406010627747
test_02622,0.07156404107809067
test_02623,0.9885522127151489
test_02624,0.999112069606781
test_02625,2.1491505322046578e-05
test_02626,0.9999995231628418
test_02627,0.9999840259552002
test_02628,0.12317048758268356
test_02629,0.001632161089219153
test_02630,0.7435172200202942
test_02631,0.06709527224302292
test_02632,0.03621162474155426
test_02633,0.9998533725738525
test_02634,0.13007766008377075
test_02635,0.03408903256058693
test_02636,0.0017897903453558683
test_02637,0.42273232340812683
test_02638,0.9798653721809387
test_02639,0.0004959913203492761
test_02640,0.1721048653125763
test_02641,0.9820913672447205
test_02642,0.008770146407186985
test_02643,0.9990403056144714
test_02644,0.0009624111116863787
test_02645,0.001074564759619534
test_02646,0.19704876840114594
test_02647,0.003205591579899192
test_02648,0.0008096556412056088
test_02649,0.9999982118606567
test_02650,0.004661720711737871
test_02651,0.9687763452529907
test_02652,0.3843608498573303
test_02653,0.9309205412864685
test_02654,0.7121368646621704
test_02655,0.78903728723526
test_02656,0.16428807377815247
test_02657,0.07575233280658722
test_02658,0.9898869395256042
test_02659,0.9990394711494446
test_02660,0.37842464447021484
test_02661,0.9796878099441528
test_02662,0.015166888944804668
test_02663,0.00019744879682548344
test_02664,0.9998955726623535
test_02665,0.9976953864097595
test_02666,0.9996283054351807
test_02667,0.8819239735603333
test_02668,0.9453396797180176
test_02669,0.004060524981468916
test_02670,0.4782678186893463
test_02671,1.9710956621565856e-05
test_02672,0.9841530919075012
test_02673,0.9999963045120239
test_02674,0.9878252148628235
test_02675,0.8781894445419312
test_02676,0.9999436140060425
test_02677,0.000892076117452234
test_02678,0.9898734092712402
test_02679,0.8165575265884399
test_02680,3.828982517006807e-05
test_02681,0.3913072943687439
test_02682,0.21633237600326538
test_02683,0.02033901773393154
test_02684,0.0016624564304947853
test_02685,0.284950852394104
test_02686,0.9979648590087891
test_02687,0.2958196997642517
test_02688,0.9932172894477844
test_02689,0.3518727421760559
test_02690,0.3470061719417572
test_02691,0.09244763851165771
test_02692,0.9999518394470215
test_02693,0.5721043944358826
test_02694,0.9999978542327881
test_02695,0.6989415884017944
test_02696,0.9837194681167603
test_02697,0.002450014930218458
test_02698,0.01686154492199421
test_02699,0.9999855756759644
test_02700,0.009204058907926083
test_02701,0.005409890785813332
test_02702,0.6957166790962219
test_02703,0.6656674146652222
test_02704,0.18395736813545227
test_02705,0.9999971389770508
test_02706,0.2913855314254761
test_02707,0.9998459815979004
test_02708,0.33938202261924744
test_02709,0.9976268410682678
test_02710,0.9980581402778625
test_02711,0.0026805622037500143
test_02712,0.9999839067459106
test_02713,0.04722866043448448
test_02714,0.6202316284179688
test_02715,1.0
test_02716,0.5490454435348511
test_02717,0.9972061514854431
test_02718,0.00011228633957216516
test_02719,0.6876384019851685
test_02720,0.0003337461384944618
test_02721,0.00017193067469634116
test_02722,0.21038472652435303
test_02723,0.9999995231628418
test_02724,0.5876675248146057
test_02725,0.882584273815155
test_02726,0.7805286645889282
test_02727,0.03153905272483826
test_02728,0.0002822632377501577
test_02729,0.008649258874356747
test_02730,0.9999932050704956
test_02731,0.6031394600868225
test_02732,0.9888949394226074
test_02733,0.9769219756126404
test_02734,0.0001875865855254233
test_02735,0.9999575614929199
test_02736,0.765388548374176
test_02737,0.6181445121765137
test_02738,0.9956056475639343
test_02739,0.4922831952571869
test_02740,0.9982370138168335
test_02741,0.049339547753334045
test_02742,0.08906783163547516
test_02743,0.020928826183080673
test_02744,3.2136875233845785e-05
test_02745,0.9984303116798401
test_02746,0.7312435507774353
test_02747,0.301508367061615
test_02748,8.652290853206068e-05
test_02749,0.9936861395835876
test_02750,0.9956401586532593
test_02751,0.7739953398704529
test_02752,0.8977075219154358
test_02753,0.9294198155403137
test_02754,0.0027438527904450893
test_02755,0.23723836243152618
test_02756,1.0
test_02757,2.8759798169630812e-06
test_02758,0.1016969308257103
test_02759,0.19855503737926483
test_02760,0.0950026586651802
test_02761,0.9999984502792358
test_02762,0.6817094683647156
test_02763,0.049126721918582916
test_02764,0.9999911785125732
test_02765,6.701228016936511e-07
test_02766,0.0003139484906569123
test_02767,0.0032308115623891354
test_02768,0.44671061635017395
test_02769,3.505373626921937e-07
test_02770,0.875566840171814
test_02771,0.9124416708946228
test_02772,0.3455735743045807
test_02773,0.03332998603582382
test_02774,0.999941349029541
test_02775,0.8965890407562256
test_02776,0.9999836683273315
test_02777,0.9996371269226074
test_02778,0.3316134214401245
test_02779,0.010970690287649632
test_02780,0.8067384362220764
test_02781,0.6191908121109009
test_02782,0.9992352724075317
test_02783,0.4094644784927368
test_02784,0.03331729769706726
test_02785,0.848862886428833
test_02786,1.7455187162340735e-07
test_02787,0.3484736979007721
test_02788,0.31597673892974854
test_02789,0.013694358989596367
test_02790,0.9238197803497314
test_02791,0.07724633067846298
test_02792,0.5601206421852112
test_02793,0.9999954700469971
test_02794,0.0038466162513941526
test_02795,0.9999654293060303
test_02796,0.8534291982650757
test_02797,0.03245287388563156
test_02798,0.9799923300743103
test_02799,0.7396863698959351
test_02800,2.7106555080536054e-06
test_02801,3.348543771153345e-07
test_02802,0.06982365995645523
test_02803,0.9277790784835815
test_02804,0.001730283722281456
test_02805,0.478038489818573
test_02806,0.9992843270301819
test_02807,0.00039392485632561147
test_02808,0.018648140132427216
test_02809,0.3803572952747345
test_02810,0.0657513290643692
test_02811,0.00030491489451378584
test_02812,0.9674824476242065
test_02813,0.9999498128890991
test_02814,0.9999997615814209
test_02815,0.11576711386442184
test_02816,0.9715660214424133
test_02817,0.00452820397913456
test_02818,0.0045423307456076145
test_02819,0.9889276027679443
test_02820,0.1671651303768158
test_02821,0.988013744354248
test_02822,0.9991160035133362
test_02823,0.9931582808494568
test_02824,2.611367619920202e-07
test_02825,0.9984872341156006
test_02826,0.9991490840911865
test_02827,0.3739561438560486
test_02828,0.9999967813491821
test_02829,0.977465033531189
test_02830,0.997400164604187
test_02831,0.9887190461158752
test_02832,0.00025694616488181055
test_02833,0.0068725040182471275
test_02834,0.8902009129524231
test_02835,6.363799798236869e-07
test_02836,0.958302915096283
test_02837,0.9174891710281372
test_02838,0.003719124710187316
test_02839,0.999993085861206
test_02840,0.957061767578125
test_02841,0.9997856020927429
test_02842,0.999910831451416
test_02843,4.013874033148568e-08
test_02844,0.0023315371945500374
test_02845,0.9272768497467041
test_02846,0.9999935626983643
test_02847,0.6622990369796753
test_02848,0.00983911007642746
test_02849,0.04688505455851555
test_02850,8.3780014392687e-06
test_02851,0.995796799659729
test_02852,2.566889065747091e-07
test_02853,0.021945470944046974
test_02854,0.6252408027648926
test_02855,0.9999686479568481
test_02856,0.702236533164978
test_02857,0.999953031539917
test_02858,0.9615803956985474
test_02859,0.8987930417060852
test_02860,0.004468121565878391
test_02861,0.9999617338180542
test_02862,0.15780645608901978
test_02863,0.01204500999301672
test_02864,0.4418885111808777
test_02865,0.9208530187606812
test_02866,0.9999990463256836
test_02867,0.9979450106620789
test_02868,0.04371724650263786
test_02869,0.8037415742874146
test_02870,0.9178418517112732
test_02871,0.9998791217803955
test_02872,0.17248904705047607
test_02873,0.9461706280708313
test_02874,0.9999985694885254
test_02875,0.7645779252052307
test_02876,0.9967368245124817
test_02877,0.04896856099367142
test_02878,0.0028226489666849375
test_02879,0.0051592146046459675
test_02880,0.9996685981750488
test_02881,0.007586429361253977
test_02882,0.013953059911727905
test_02883,0.999816358089447
test_02884,0.4745250344276428
test_02885,0.009843687526881695
test_02886,0.013773287646472454
test_02887,0.00022401681053452194
test_02888,0.012566013261675835
test_02889,0.0025812601670622826
test_02890,1.652346526270776e-07
test_02891,0.032629936933517456
test_02892,0.2478751838207245
test_02893,0.04677739366889
test_02894,0.0003979973553214222
test_02895,0.9823480844497681
test_02896,0.29923468828201294
test_02897,0.2988192141056061
test_02898,0.893631100654602
test_02899,0.9528214931488037
test_02900,0.35235369205474854
test_02901,0.9253879189491272
test_02902,4.7563749831169844e-05
test_02903,0.0036554865073412657
test_02904,0.02589707262814045
test_02905,0.9986667633056641
test_02906,0.9123569130897522
test_02907,0.6362640261650085
test_02908,0.7200348973274231
test_02909,0.023396136239171028
test_02910,0.00010304482566425577
test_02911,1.6245683582383208e-05
test_02912,0.9981741905212402
test_02913,0.5006542205810547
test_02914,0.9862556457519531
test_02915,0.9998151659965515
test_02916,0.4292595386505127
test_02917,0.022039704024791718
test_02918,0.26301926374435425
test_02919,1.2809447014205944e-07
test_02920,4.57653381857881e-09
test_02921,0.3893631100654602
test_02922,0.8294380307197571
test_02923,5.6972472521010786e-05
test_02924,0.4098997414112091
test_02925,0.1406598836183548
test_02926,0.7950494885444641
test_02927,0.868767261505127
test_02928,0.9850270748138428
test_02929,1.0236427669951809e-06
test_02930,0.9999997615814209
test_02931,0.945956289768219
test_02932,0.07178907841444016
test_02933,0.7401679158210754
test_02934,0.9523451924324036
test_02935,0.6100507974624634
test_02936,0.6564567685127258
test_02937,1.3866573453924502e-06
test_02938,0.9051074385643005
test_02939,0.979989230632782
test_02940,0.005945055279880762
test_02941,0.9998067021369934
test_02942,0.0018779115052893758
test_02943,0.9990234375
test_02944,0.024830671027302742
test_02945,0.9997929930686951
test_02946,0.0015007656766101718
test_02947,0.3011937737464905
test_02948,0.05500500276684761
test_02949,0.37314581871032715
test_02950,0.01098940335214138
test_02951,0.2554331421852112
test_02952,0.9262720942497253
test_02953,0.9601076245307922
test_02954,0.9758716225624084
test_02955,0.7775883674621582
test_02956,1.621737283130642e-05
test_02957,3.873230625117685e-09
test_02958,0.9139726161956787
test_02959,0.6092317700386047
test_02960,0.16567575931549072
test_02961,0.008046858943998814
test_02962,0.9907135963439941
test_02963,0.025339126586914062
test_02964,0.19646337628364563
test_02965,0.5479217171669006
test_02966,0.00012242859520483762
test_02967,0.02036154642701149
test_02968,0.9999470710754395
test_02969,0.9999289512634277
test_02970,0.005857005715370178
test_02971,0.9963578581809998
test_02972,0.629757285118103
test_02973,8.474377682432532e-05
test_02974,0.025158828124403954
test_02975,0.22389833629131317
test_02976,0.9585351347923279
test_02977,0.6309245824813843
test_02978,0.999997615814209
test_02979,0.9998663663864136
test_02980,1.0697280004023924e-06
test_02981,0.9953324198722839
test_02982,0.4361756145954132
test_02983,0.999929666519165
test_02984,0.5850846767425537
test_02985,0.008865793235599995
test_02986,0.896003782749176
test_02987,0.00021914996614214033
test_02988,0.6880618333816528
test_02989,0.7770217657089233
test_02990,0.9989639520645142
test_02991,0.9990309476852417
test_02992,1.2567681551445276e-05
test_02993,0.0031680141109973192
test_02994,0.9999246597290039
test_02995,1.4322102970254491e-06
test_02996,0.03849143162369728
test_02997,0.9414137005805969
test_02998,0.08090221881866455
test_02999,0.9954040050506592
test_03000,0.9438042640686035
test_03001,0.9999860525131226
test_03002,0.9989107847213745
test_03003,0.09017124772071838
test_03004,0.058451585471630096
test_03005,0.7230017781257629
test_03006,0.979223370552063
test_03007,0.02383117377758026
test_03008,0.5291095972061157
test_03009,0.03982848674058914
test_03010,0.7664190530776978
test_03011,0.9513700008392334
test_03012,5.1714163419092074e-05
test_03013,0.5440766215324402
test_03014,0.792535126209259
test_03015,0.00012515383423306048
test_03016,8.819155482342467e-06
test_03017,0.4164793789386749
test_03018,3.587196988519281e-05
test_03019,0.00043064370402134955
test_03020,0.6748912930488586
test_03021,0.00016279026749543846
test_03022,0.9992930889129639
test_03023,0.0062356251291930676
test_03024,0.9888455271720886
test_03025,6.798424146836624e-05
test_03026,0.49096059799194336
test_03027,0.0009389252518303692
test_03028,0.9293875098228455
test_03029,0.003138985252007842
test_03030,0.8406457304954529
test_03031,0.4887729585170746
test_03032,0.9815092086791992
test_03033,0.6133045554161072
test_03034,0.015338174067437649
test_03035,0.055463943630456924
test_03036,0.41432714462280273
test_03037,0.08055999875068665
test_03038,0.06081932410597801
test_03039,0.0004337472200859338
test_03040,0.9986897110939026
test_03041,0.9981234669685364
test_03042,0.9999958276748657
test_03043,0.16892002522945404
test_03044,0.9970465302467346
test_03045,0.056538987904787064
test_03046,0.9084253907203674
test_03047,0.9942842125892639
test_03048,0.0007760448497720063
test_03049,0.7511135935783386
test_03050,0.49592703580856323
test_03051,2.677877819223795e-05
test_03052,0.0832502618432045
test_03053,0.03520973399281502
test_03054,0.17177438735961914
test_03055,0.9999586343765259
test_03056,0.9996570348739624
test_03057,4.21010990976356e-05
test_03058,0.3192954957485199
test_03059,0.9997064471244812
test_03060,0.9950867295265198
test_03061,0.9996727705001831
test_03062,0.9999831914901733
test_03063,0.0343620665371418
test_03064,0.9987558126449585
test_03065,0.0016161588719114661
test_03066,0.9914632439613342
test_03067,0.8845763206481934
test_03068,0.1978115737438202
test_03069,0.8237641453742981
test_03070,0.9999818801879883
test_03071,0.7836195230484009
test_03072,0.4900454580783844
test_03073,1.4889640624460299e-05
test_03074,0.9984044432640076
test_03075,0.9995899796485901
test_03076,0.06136372685432434
test_03077,0.4501214921474457
test_03078,0.07797722518444061
test_03079,0.6201490759849548
test_03080,0.04130791872739792
test_03081,1.5665598766645417e-05
test_03082,0.8209772109985352
test_03083,0.7268270254135132
test_03084,0.9857645630836487
test_03085,0.5309339761734009
test_03086,0.008383437059819698
test_03087,0.09075041860342026
test_03088,0.9622016549110413
test_03089,0.0682925432920456
test_03090,0.9989749193191528
test_03091,0.8272721171379089
test_03092,0.00029218848794698715
test_03093,0.8724350929260254
test_03094,0.999941349029541
test_03095,0.9997802376747131
test_03096,0.8470913171768188
test_03097,0.03072197735309601
test_03098,0.0008215896668843925
test_03099,0.9956685304641724
test_03100,0.9435102343559265
test_03101,0.36816683411598206
test_03102,0.4025464653968811
test_03103,0.6196655035018921
test_03104,0.17795886099338531
test_03105,0.05425740033388138
test_03106,0.025065066292881966
test_03107,1.3332389698916813e-06
test_03108,1.946943302755244e-05
test_03109,0.0006507781217806041
test_03110,0.13839145004749298
test_03111,7.062843451421941e-06
test_03112,2.3675468696637836e-08
test_03113,0.020904242992401123
test_03114,3.186782487318851e-05
test_03115,0.27643972635269165
test_03116,0.9999325275421143
test_03117,0.022634783759713173
test_03118,0.7794660925865173
test_03119,0.9973375201225281
test_03120,0.01041044108569622
test_03121,0.003471784060820937
test_03122,0.5447678565979004
test_03123,0.9999790191650391
test_03124,0.964802086353302
test_03125,0.8081371784210205
test_03126,0.9866438508033752
test_03127,0.888940691947937
test_03128,0.0069649298675358295
test_03129,0.24350163340568542
test_03130,0.9999926090240479
test_03131,0.27971693873405457
test_03132,0.9999140501022339
test_03133,0.6438788175582886
test_03134,0.6464055776596069
test_03135,0.9998313188552856
test_03136,0.2492915838956833
test_03137,0.5847616195678711
test_03138,3.6593235108739464e-07
test_03139,0.0005702037597075105
test_03140,0.04766128957271576
test_03141,0.9690866470336914
test_03142,0.9998043179512024
test_03143,0.06956887990236282
test_03144,0.9781492352485657
test_03145,0.9999992847442627
test_03146,4.6654542451562975e-09
test_03147,0.010928994975984097
test_03148,5.337715265341103e-07
test_03149,0.1729854792356491
test_03150,0.9888778328895569
test_03151,0.0029355031438171864
test_03152,0.9794666767120361
test_03153,3.4450706152711064e-05
test_03154,0.9999140501022339
test_03155,0.018829012289643288
test_03156,0.9992102384567261
test_03157,0.013698011636734009
test_03158,0.9999480247497559
test_03159,0.9845017790794373
test_03160,0.44609472155570984
test_03161,0.06380645185709
test_03162,0.9349416494369507
test_03163,0.006219043396413326
test_03164,0.6362423300743103
test_03165,0.0020345430821180344
test_03166,1.4946660797932054e-08
test_03167,0.0009306272841058671
test_03168,0.0035825420636683702
test_03169,0.0023315504658967257
test_03170,3.726789873326197e-05
test_03171,0.999376118183136
test_03172,0.9610844254493713
test_03173,0.8587623834609985
test_03174,0.9037156105041504
test_03175,0.9551680684089661
test_03176,0.9989510774612427
test_03177,0.0969507172703743
test_03178,0.9919976592063904
test_03179,0.4025548994541168
test_03180,0.9999991655349731
test_03181,0.9968588352203369
test_03182,0.20808495581150055
test_03183,0.9999810457229614
test_03184,0.9978195428848267
test_03185,0.9988641738891602
test_03186,0.0010586259886622429
test_03187,0.6739059686660767
test_03188,0.12809818983078003
test_03189,0.9982057809829712
test_03190,0.06529850512742996
test_03191,0.3987303078174591
test_03192,0.04466698318719864
test_03193,0.4863600730895996
test_03194,0.8411825299263
test_03195,0.01606380194425583
test_03196,0.99986732006073
test_03197,0.13149170577526093
test_03198,0.00011619667202467099
test_03199,0.25398707389831543
test_03200,0.00037263467675074935
test_03201,0.6566359996795654
test_03202,0.8554406762123108
test_03203,0.04638807475566864
test_03204,0.9999750852584839
test_03205,0.02840433456003666
test_03206,0.0018986253999173641
test_03207,0.9079175591468811
test_03208,0.0033174529671669006
test_03209,0.7759380340576172
test_03210,0.33833807706832886
test_03211,5.76386639750126e-07
test_03212,0.7306898236274719
test_03213,0.9998020529747009
test_03214,0.0034204842522740364
test_03215,0.9999803304672241
test_03216,0.016357818618416786
test_03217,0.0031018517911434174
test_03218,3.51536755260895e-09
test_03219,0.9868418574333191
test_03220,0.8671416640281677
test_03221,0.9447517991065979
test_03222,0.00013872036652173847
test_03223,0.007878660224378109
test_03224,0.9619515538215637
test_03225,0.9653046131134033
test_03226,2.0905453368413873e-07
test_03227,0.9992088675498962
test_03228,0.9934269189834595
test_03229,2.1795012798975222e-05
test_03230,0.9935687780380249
test_03231,0.999599277973175
test_03232,0.9993118047714233
test_03233,0.004297510255128145
test_03234,0.17231839895248413
test_03235,0.9698837399482727
test_03236,0.010784231126308441
test_03237,0.759310245513916
test_03238,0.5139325857162476
test_03239,0.9297658801078796
test_03240,0.013952141627669334
test_03241,0.037399888038635254
test_03242,2.6774185243993998e-05
test_03243,0.0002657266450114548
test_03244,0.13015300035476685
test_03245,0.8775867819786072
test_03246,0.5598084926605225
test_03247,0.9661967158317566
test_03248,0.001275298185646534
test_03249,0.77019864320755
test_03250,4.6338632273545954e-06
test_03251,3.7207835248409538e-06
test_03252,0.3840571641921997
test_03253,0.9828214645385742
test_03254,5.688019086846907e-07
test_03255,0.22118930518627167
test_03256,0.8865172266960144
test_03257,0.9977713823318481
test_03258,0.39040303230285645
test_03259,0.880800724029541
test_03260,0.21676024794578552
test_03261,5.8153687859885395e-05
test_03262,0.9945688247680664
test_03263,0.47514450550079346
test_03264,0.16681788861751556
test_03265,0.0009614491718821228
test_03266,0.9999966621398926
test_03267,0.997189462184906
test_03268,0.1807548701763153
test_03269,0.9955796599388123
test_03270,0.03921567276120186
test_03271,0.06151321902871132
test_03272,0.9992448091506958
test_03273,1.6880738940017181e-06
test_03274,0.004823487251996994
test_03275,0.006642557214945555
test_03276,0.16780541837215424
test_03277,0.20762202143669128
test_03278,0.8772649765014648
test_03279,0.640828013420105
test_03280,0.6781970262527466
test_03281,1.0
test_03282,0.13212600350379944
test_03283,0.03206270560622215
test_03284,3.767375744700985e-07
test_03285,0.9724150896072388
test_03286,0.7785846590995789
test_03287,0.9999711513519287
test_03288,0.06745029985904694
test_03289,0.9990450739860535
test_03290,0.17033883929252625
test_03291,0.3637886941432953
test_03292,0.19701474905014038
test_03293,0.9999496936798096
test_03294,0.9985346794128418
test_03295,3.0173396226018667e-05
test_03296,8.982457802630961e-05
test_03297,0.7431957125663757
test_03298,0.005357451271265745
test_03299,0.9970845580101013
test_03300,0.9988112449645996
test_03301,0.15515458583831787
test_03302,0.9980306029319763
test_03303,0.04703091084957123
test_03304,0.11319827288389206
test_03305,0.9996763467788696
test_03306,0.8679742813110352
test_03307,0.9983242154121399
test_03308,0.927087128162384
test_03309,0.0001319620496360585
test_03310,0.9980723857879639
test_03311,0.2699471712112427
test_03312,0.997748076915741
test_03313,0.003683681832626462
test_03314,3.2271545933326706e-05
test_03315,0.7172841429710388
test_03316,0.9997777342796326
test_03317,0.992887556552887
test_03318,0.9972221851348877
test_03319,1.2022510986753332e-07
test_03320,0.9999154806137085
test_03321,0.9820315837860107
test_03322,0.99998939037323
test_03323,0.9780730605125427
test_03324,0.000320211227517575
test_03325,0.00021502547315321863
test_03326,0.09303030371665955
test_03327,0.9929208159446716
test_03328,0.4477200508117676
test_03329,0.0013548305723816156
test_03330,0.9772714376449585
test_03331,0.17876353859901428
test_03332,0.9134838581085205
test_03333,0.42732906341552734
test_03334,0.8019445538520813
test_03335,0.9871506690979004
test_03336,0.546761691570282
test_03337,0.3298098146915436
test_03338,0.022133616730570793
test_03339,0.9805460572242737
test_03340,0.9998905658721924
test_03341,0.0030676531605422497
test_03342,0.0004107326385565102
test_03343,0.0007684188894927502
test_03344,0.9241220355033875
test_03345,0.006364752538502216
test_03346,0.004741712938994169
test_03347,0.013102483004331589
test_03348,0.0034292389173060656
test_03349,0.9996217489242554
test_03350,0.0006182659999467432
test_03351,0.09060851484537125
test_03352,0.997634768486023
test_03353,0.2868456244468689
test_03354,0.0006029684445820749
test_03355,0.9999887943267822
test_03356,0.5459232926368713
test_03357,0.9990754127502441
test_03358,0.0027086909394711256
test_03359,0.9997262358665466
test_03360,0.6212491393089294
test_03361,0.07161558419466019
test_03362,0.9992590546607971
test_03363,0.9918940663337708
test_03364,0.25832247734069824
test_03365,0.3711754381656647
test_03366,0.06598656624555588
test_03367,0.9384737014770508
test_03368,0.9992448091506958
test_03369,0.0014664381742477417
test_03370,0.9789866805076599
test_03371,0.9999998807907104
test_03372,0.6643967032432556
test_03373,0.0866914689540863
test_03374,0.5361379981040955
test_03375,0.00011798735795309767
test_03376,0.9999395608901978
test_03377,0.35254380106925964
test_03378,0.3422575294971466
test_03379,0.9999748468399048
test_03380,0.9998500347137451
test_03381,0.999640941619873
test_03382,0.990548312664032
test_03383,0.3530346155166626
test_03384,0.9406630992889404
test_03385,0.6220880746841431
test_03386,0.34704241156578064
test_03387,0.9998838901519775
test_03388,0.07480694353580475
test_03389,0.7633208632469177
test_03390,0.5363693833351135
test_03391,0.9987872242927551
test_03392,0.6912856101989746
test_03393,0.10533560067415237
test_03394,0.7357152700424194
test_03395,0.2791018486022949
test_03396,0.005737983621656895
test_03397,0.0008513984503224492
test_03398,0.9999468326568604
test_03399,0.9330546259880066
test_03400,0.0042675817385315895
test_03401,0.49413612484931946
test_03402,0.8083605766296387
test_03403,0.00047696579713374376
test_03404,0.13534478843212128
test_03405,0.9998582601547241
test_03406,0.057430509477853775
test_03407,0.0012135723372921348
test_03408,0.16512614488601685
test_03409,0.17998455464839935
test_03410,0.8309890031814575
test_03411,0.14815206825733185
test_03412,0.6084517240524292
test_03413,0.02221507951617241
test_03414,0.00037248621811158955
test_03415,0.9574688673019409
test_03416,0.7690992951393127
test_03417,0.03812237083911896
test_03418,0.01753733679652214
test_03419,0.07997448742389679
test_03420,0.9995841383934021
test_03421,0.03548028692603111
test_03422,0.990507960319519
test_03423,0.000353945535607636
test_03424,5.284855797071941e-05
test_03425,2.4066159198810055e-07
test_03426,0.4363783001899719
test_03427,0.99935382604599
test_03428,0.05837855488061905
test_03429,0.629568874835968
test_03430,0.9994956254959106
test_03431,0.9999998807907104
test_03432,0.43097156286239624
test_03433,0.9424881339073181
test_03434,0.004489349666982889
test_03435,0.9483906030654907
test_03436,0.6922135949134827
test_03437,0.11865128576755524
test_03438,0.0018291901797056198
test_03439,0.9999996423721313
test_03440,0.9660796523094177
test_03441,0.9999603033065796
test_03442,0.9348070621490479
test_03443,0.9306468963623047
test_03444,0.8052492737770081
test_03445,0.07346673309803009
test_03446,0.9594702124595642
test_03447,0.9712761640548706
test_03448,0.8111002445220947
test_03449,0.862555980682373
test_03450,0.13875249028205872
test_03451,0.3446693420410156
test_03452,0.01112375408411026
test_03453,0.0002547374169807881
test_03454,0.000318358390359208
test_03455,0.017147721722722054
test_03456,0.04318386688828468
test_03457,0.4114987254142761
test_03458,0.5788716077804565
test_03459,0.0052602156065404415
test_03460,0.0034722196869552135
test_03461,0.568222165107727
test_03462,0.9999984502792358
test_03463,0.1626705676317215
test_03464,0.10769443213939667
test_03465,0.14900125563144684
test_03466,6.105973966441525e-07
test_03467,0.9655665755271912
test_03468,7.056877802824602e-05
test_03469,0.21104121208190918
test_03470,0.01513159554451704
test_03471,0.9792887568473816
test_03472,0.9400134682655334
test_03473,0.9985945820808411
test_03474,0.9941750168800354
test_03475,0.5947465300559998
test_03476,0.2526232898235321
test_03477,0.05676564574241638
test_03478,0.573442280292511
test_03479,0.035070326179265976
test_03480,0.9993533492088318
test_03481,0.04080140218138695
test_03482,0.9723917841911316
test_03483,0.053451646119356155
test_03484,0.7735748887062073
test_03485,0.00628778338432312
test_03486,0.9999961853027344
test_03487,0.9832478165626526
test_03488,0.9664616584777832
test_03489,0.00690112542361021
test_03490,0.9997360110282898
test_03491,0.6921589374542236
test_03492,0.9999479055404663
test_03493,0.9992456436157227
test_03494,0.9619756937026978
test_03495,0.6515871286392212
test_03496,8.952818461693823e-05
test_03497,0.9839578866958618
test_03498,0.999994158744812
test_03499,0.9999967813491821
test_03500,0.6774325966835022
test_03501,0.8133847713470459
test_03502,0.5905933976173401
test_03503,0.0289202481508255
test_03504,0.00020180497085675597
test_03505,6.434805754906847e-07
test_03506,0.006988202687352896
test_03507,0.011616671457886696
test_03508,0.2283354550600052
test_03509,0.5608611106872559
test_03510,0.7527676820755005
test_03511,0.0003450934309512377
test_03512,0.15262575447559357
test_03513,0.04252057150006294
test_03514,0.9999250173568726
test_03515,0.6822347044944763
test_03516,0.0775071382522583
test_03517,0.9998262524604797
test_03518,0.0003799877886194736
test_03519,0.5552390813827515
test_03520,0.9850696921348572
test_03521,0.6450484991073608
test_03522,0.7193647027015686
test_03523,0.9999998807907104
test_03524,0.0007651570485904813
test_03525,0.9964798092842102
test_03526,0.9999675750732422
test_03527,0.6583490371704102
test_03528,0.4264656901359558
test_03529,9.563827916281298e-05
test_03530,0.0006019093561917543
test_03531,0.0027652778662741184
test_03532,0.9999771118164062
test_03533,0.7134171724319458
test_03534,0.9218562841415405
test_03535,0.8426755666732788
test_03536,0.9999988079071045
test_03537,0.2097550481557846
test_03538,0.47889289259910583
test_03539,0.17163866758346558
test_03540,0.9239016175270081
test_03541,0.019726810976862907
test_03542,0.17899413406848907
test_03543,0.9507257342338562
test_03544,0.5487955212593079
test_03545,0.3765118718147278
test_03546,0.45893287658691406
test_03547,0.9999998807907104
test_03548,0.9999998807907104
test_03549,0.025301672518253326
test_03550,0.6677585244178772
test_03551,0.9999263286590576
test_03552,0.9944474697113037
test_03553,0.9972534775733948
test_03554,0.7975943088531494
test_03555,0.00017050266615115106
test_03556,0.359832763671875
test_03557,0.9999227523803711
test_03558,0.992630124092102
test_03559,0.8391329050064087
test_03560,0.9887961149215698
test_03561,0.9999651908874512
test_03562,0.9999890327453613
test_03563,0.11070948094129562
test_03564,0.9996263980865479
test_03565,0.9658934473991394
test_03566,7.223909051390365e-06
test_03567,0.9917080998420715
test_03568,0.12932762503623962
test_03569,0.3897821605205536
test_03570,0.999658465385437
test_03571,0.03425857424736023
test_03572,0.9925790429115295
test_03573,0.9872020483016968
test_03574,0.9994460940361023
test_03575,0.9999626874923706
test_03576,0.9999986886978149
test_03577,0.3311418890953064
test_03578,3.0117105325189186e-06
test_03579,0.0001354209380224347
test_03580,0.3370803892612457
test_03581,3.1054081773618236e-05
test_03582,0.5666477680206299
test_03583,0.9999948740005493
test_03584,2.8886297513963655e-06
test_03585,0.04547620564699173
test_03586,0.6744092106819153
test_03587,0.006031449418514967
test_03588,0.005765032954514027
test_03589,0.12299229949712753
test_03590,0.014612476341426373
test_03591,0.0006388607434928417
test_03592,0.8837153911590576
test_03593,0.999982476234436
test_03594,0.002724194899201393
test_03595,0.9829137921333313
test_03596,0.9871810078620911
test_03597,0.25986069440841675
test_03598,0.9489964842796326
test_03599,0.17705468833446503
test_03600,0.9147503972053528
test_03601,0.9540929198265076
test_03602,0.002585098147392273
test_03603,0.9999809265136719
test_03604,0.9999942779541016
test_03605,0.9991843104362488
test_03606,0.0027202994097024202
test_03607,8.44143585254642e-07
test_03608,0.984216570854187
test_03609,0.00634451350197196
test_03610,0.7593591213226318
test_03611,0.9995545744895935
test_03612,0.9993269443511963
test_03613,0.34427961707115173
test_03614,0.00032627087784931064
test_03615,0.80085289478302
test_03616,0.0007944006938487291
test_03617,0.029478726908564568
test_03618,0.9998490810394287
test_03619,0.7373735904693604
test_03620,7.349975203396752e-05
test_03621,0.029591744765639305
test_03622,0.3298764228820801
test_03623,3.765444400727347e-09
test_03624,0.8951695561408997
test_03625,0.999882698059082
test_03626,0.7887068390846252
test_03627,0.6477518677711487
test_03628,0.11713642627000809
test_03629,0.8619400858879089
test_03630,0.05198606103658676
test_03631,0.013185786083340645
test_03632,0.5339311361312866
test_03633,0.09220805764198303
test_03634,0.003084433963522315
test_03635,0.9975117444992065
test_03636,0.9259588122367859
test_03637,0.00025900607579387724
test_03638,0.9644707441329956
test_03639,4.6376866521313787e-05
test_03640,0.018262116238474846
test_03641,0.07608287781476974
test_03642,0.6028791069984436
test_03643,0.9505649209022522
test_03644,0.804975688457489
test_03645,0.4002649784088135
test_03646,0.9987938404083252
test_03647,0.1809919774532318
test_03648,0.891399621963501
test_03649,0.9999803304672241
test_03650,0.9999949932098389
test_03651,0.005694513209164143
test_03652,0.2267833948135376
test_03653,0.12827607989311218
test_03654,0.9996180534362793
test_03655,0.41248515248298645
test_03656,0.24972204864025116
test_03657,0.1845897138118744
test_03658,0.9615259170532227
test_03659,0.9999839067459106
test_03660,0.9934951663017273
test_03661,0.07339535653591156
test_03662,0.9226236939430237
test_03663,0.9973107576370239
test_03664,0.995995044708252
test_03665,0.4168362617492676
test_03666,0.8432347178459167
test_03667,0.13037240505218506
test_03668,0.9983900785446167
test_03669,0.9676469564437866
test_03670,0.7442225813865662
test_03671,0.36815178394317627
test_03672,0.9604871869087219
test_03673,0.3495456576347351
test_03674,0.0007829779642634094
test_03675,0.9999995231628418
test_03676,0.8789570927619934
test_03677,0.9719945192337036
test_03678,0.9722471833229065
test_03679,0.33529818058013916
test_03680,0.9991926550865173
test_03681,0.07490716874599457
test_03682,0.9967920184135437
test_03683,0.9999667406082153
test_03684,0.9992725253105164
test_03685,0.6984882950782776
test_03686,0.9948758482933044
test_03687,0.9123021960258484
test_03688,0.9977676868438721
test_03689,0.008074340410530567
test_03690,0.9908310770988464
test_03691,0.9999628067016602
test_03692,0.013684495352208614
test_03693,0.0887904241681099
test_03694,0.9999516010284424
test_03695,0.005777772516012192
test_03696,0.03276628628373146
test_03697,0.40525850653648376
test_03698,0.999593198299408
test_03699,0.9928537011146545
test_03700,0.998267650604248
test_03701,0.03416825458407402
test_03702,0.9925164580345154
test_03703,0.9980682730674744
test_03704,0.002454800996929407
test_03705,0.022951098158955574
test_03706,0.0011230016825720668
test_03707,0.9798250794410706
test_03708,0.01346242893487215
test_03709,0.9999754428863525
test_03710,0.9573742747306824
test_03711,0.0034935406874865294
test_03712,0.7867167592048645
test_03713,0.17674830555915833
test_03714,0.004876662511378527
test_03715,0.9946657419204712
test_03716,0.5523533225059509
test_03717,2.9999926482560113e-05
test_03718,0.2047019600868225
test_03719,0.9961212277412415
test_03720,0.001240622834302485
test_03721,0.6762380599975586
test_03722,0.0003275230701547116
test_03723,0.011175744235515594
test_03724,0.7416953444480896
test_03725,0.04954592511057854
test_03726,0.9203460216522217
test_03727,0.00022438664746005088
test_03728,0.9257817268371582
test_03729,0.3830723762512207
test_03730,0.18015721440315247
test_03731,0.8787329792976379
test_03732,0.08046028763055801
test_03733,0.9984220266342163
test_03734,0.9170094728469849
test_03735,0.0023772798012942076
test_03736,0.0004265803727321327
test_03737,0.9221397042274475
test_03738,0.6758182644844055
test_03739,0.873731255531311
test_03740,0.0006302043912000954
test_03741,8.86446941876784e-05
test_03742,0.0022109129931777716
test_03743,0.9998416900634766
test_03744,0.9993305206298828
test_03745,0.5205393433570862
test_03746,0.00015661066572647542
test_03747,0.08377180248498917
test_03748,0.03177995607256889
test_03749,0.7082972526550293
test_03750,0.998729407787323
test_03751,0.2585521340370178
test_03752,0.9983345866203308
test_03753,0.9994412064552307
test_03754,0.9995761513710022
test_03755,0.724311113357544
test_03756,0.999995231628418
test_03757,0.4049187898635864
test_03758,0.9991821646690369
test_03759,1.5473349776584655e-05
test_03760,0.23166102170944214
test_03761,0.15225401520729065
test_03762,0.9661045074462891
test_03763,0.0669996440410614
test_03764,0.9559552669525146
test_03765,0.015513462014496326
test_03766,0.9832077026367188
test_03767,0.5296757817268372
test_03768,1.9523016817402095e-05
test_03769,0.6000097990036011
test_03770,0.9999164342880249
test_03771,0.9869886636734009
test_03772,0.8787434697151184
test_03773,0.01468612439930439
test_03774,0.9797377586364746
test_03775,0.9416648745536804
test_03776,6.876440238556825e-06
test_03777,0.018969645723700523
test_03778,0.999998927116394
test_03779,0.03031085804104805
test_03780,0.18956726789474487
test_03781,0.07298438251018524
test_03782,1.4205348861651146e-06
test_03783,1.737657657940872e-05
test_03784,0.03339719772338867
test_03785,0.9995999932289124
test_03786,3.2609528716420755e-05
test_03787,0.0001356561406282708
test_03788,0.0009783910354599357
test_03789,1.3714706255996134e-05
test_03790,0.4393812119960785
test_03791,0.16726064682006836
test_03792,0.9999927282333374
test_03793,0.000196614651940763
test_03794,0.999990701675415
test_03795,0.976860523223877
test_03796,0.9880990386009216
test_03797,3.614094907788967e-07
test_03798,0.690910279750824
test_03799,0.018326014280319214
test_03800,0.9999980926513672
test_03801,7.481825741706416e-05
test_03802,0.3145812749862671
test_03803,0.616527259349823
test_03804,0.23743903636932373
test_03805,0.3546677827835083
test_03806,7.941764010865882e-07
test_03807,0.8346691131591797
test_03808,0.8208304643630981
test_03809,0.12591806054115295
test_03810,0.015120570547878742
test_03811,0.0009993816493079066
test_03812,1.1931515473406762e-06
test_03813,0.9999901056289673
test_03814,7.390127848339034e-06
test_03815,0.6178058385848999
test_03816,0.0044800336472690105
test_03817,0.5357654094696045
test_03818,0.00021403972641564906
test_03819,0.9612345099449158
test_03820,0.9999974966049194
test_03821,0.9979302883148193
test_03822,0.3035763204097748
test_03823,1.017440240502765e-06
test_03824,0.7095460295677185
test_03825,0.7652679681777954
test_03826,0.9993958473205566
test_03827,0.3654141426086426
test_03828,0.9995625615119934
test_03829,0.030543452128767967
test_03830,0.038508862257003784
test_03831,1.5444433287825632e-08
test_03832,3.085993284912547e-06
test_03833,0.27509090304374695
test_03834,0.8418052792549133
test_03835,0.3553248643875122
test_03836,0.22303175926208496
test_03837,0.0038885101675987244
test_03838,0.07167183607816696
test_03839,0.5025323629379272
test_03840,0.9999836683273315
test_03841,0.9999945163726807
test_03842,0.0010011837584897876
test_03843,0.5402358770370483
test_03844,0.012087845243513584
test_03845,0.9978101849555969
test_03846,0.997097373008728
test_03847,0.003499277401715517
test_03848,0.6348062753677368
test_03849,0.7014219164848328
test_03850,0.06980019062757492
test_03851,0.00020144354493822902
test_03852,0.3927692174911499
test_03853,0.9981415271759033
test_03854,0.9676222801208496
test_03855,0.5285660624504089
test_03856,0.061098791658878326
test_03857,0.030515309423208237
test_03858,9.578735138404681e-09
test_03859,0.0003280430391896516
test_03860,4.2459196265554056e-06
test_03861,0.04025416076183319
test_03862,0.8413405418395996
test_03863,0.9924449324607849
test_03864,0.9999208450317383
test_03865,0.12813600897789001
test_03866,0.9999998807907104
test_03867,0.02634461596608162
test_03868,0.04288163408637047
test_03869,0.9899638295173645
test_03870,0.5764055252075195
test_03871,0.05226022005081177
test_03872,0.0025399145670235157
test_03873,0.031085319817066193
test_03874,0.07932098954916
test_03875,0.00013840023893862963
test_03876,0.997681736946106
test_03877,0.02384176291525364
test_03878,0.3865925371646881
test_03879,0.9996297359466553
test_03880,0.9953082203865051
test_03881,0.8926383256912231
test_03882,0.9994267225265503
test_03883,0.46681705117225647
test_03884,0.8431625962257385
test_03885,0.06373395770788193
test_03886,0.09258078038692474
test_03887,0.07013323158025742
test_03888,0.9993919134140015
test_03889,1.6356132164219161e-06
test_03890,0.1448400765657425
test_03891,0.0006968416855670512
test_03892,0.8651136159896851
test_03893,0.0049460893496870995
test_03894,0.04035940021276474
test_03895,0.5860317349433899
test_03896,0.9493567943572998
test_03897,0.9812495112419128
test_03898,0.09165990352630615
test_03899,0.21866333484649658
test_03900,0.2349981814622879
test_03901,3.124800787190907e-05
test_03902,0.0007071552099660039
test_03903,0.9747026562690735
test_03904,0.0017127408646047115
test_03905,0.98423171043396
test_03906,0.016614029183983803
test_03907,0.9962167143821716
test_03908,0.8844004273414612
test_03909,0.7382461428642273
test_03910,0.0008364596869796515
test_03911,0.5906175374984741
test_03912,0.06624087691307068
test_03913,0.0026294984854757786
test_03914,0.819561779499054
test_03915,0.07065770775079727
test_03916,0.9656233787536621
test_03917,0.8855041265487671
test_03918,0.9644968509674072
test_03919,0.9937978386878967
test_03920,0.9622274041175842
test_03921,0.08368843048810959
test_03922,2.0822195523351184e-08
test_03923,0.982548177242279
test_03924,0.9564201235771179
test_03925,2.5441281081839406e-08
test_03926,0.9990831613540649
test_03927,0.0015525816706940532
test_03928,0.08079816401004791
test_03929,0.8955362439155579
test_03930,0.9996509552001953
test_03931,0.9462901949882507
test_03932,8.437242513537058e-07
test_03933,0.09827832132577896
test_03934,0.9551658034324646
test_03935,0.7460837960243225
test_03936,0.4019637107849121
test_03937,9.78720322564186e-07
test_03938,0.12298661470413208
test_03939,4.989987064618617e-05
test_03940,0.01043230015784502
test_03941,0.027690649032592773
test_03942,0.16196587681770325
test_03943,0.2950945794582367
test_03944,0.8865264654159546
test_03945,0.9998708963394165
test_03946,0.00376105890609324
test_03947,0.10234064608812332
test_03948,0.9994093179702759
test_03949,0.07824041694402695
test_03950,0.20315523445606232
test_03951,0.9538799524307251
test_03952,0.3842397630214691
test_03953,0.963431179523468
test_03954,0.999906063079834
test_03955,0.019267968833446503
test_03956,0.00010411330731585622
test_03957,0.7435532212257385
test_03958,0.9984558820724487
test_03959,0.2106001377105713
test_03960,8.590197353441908e-07
test_03961,0.3485191762447357
test_03962,0.9999374151229858
test_03963,0.5649113655090332
test_03964,0.778320848941803
test_03965,2.103956285282038e-05
test_03966,0.0038340638857334852
test_03967,0.008209262043237686
test_03968,0.999717652797699
test_03969,0.7590891122817993
test_03970,0.9187777638435364
test_03971,0.018692849203944206
test_03972,0.009575589559972286
test_03973,0.9996054768562317
test_03974,0.1298161745071411
test_03975,0.12513720989227295
test_03976,0.9947434663772583
test_03977,0.9988425374031067
test_03978,0.0063003599643707275
test_03979,0.8461488485336304
test_03980,0.9997588992118835
test_03981,0.9995959401130676
test_03982,0.9999972581863403
test_03983,0.9998606443405151
test_03984,0.5852376818656921
test_03985,0.25136318802833557
test_03986,0.00033803240512497723
test_03987,0.6870583295822144
test_03988,0.27351444959640503
test_03989,0.0009709403966553509
test_03990,0.0025206448044627905
test_03991,0.27950960397720337
test_03992,0.9995396137237549
test_03993,0.029100803658366203
test_03994,0.3475380539894104
test_03995,0.040448740124702454
test_03996,0.9999464750289917
test_03997,0.967216432094574
test_03998,0.7195883393287659
test_03999,0.9999779462814331
test_04000,0.9104386568069458
test_04001,0.6252735257148743
test_04002,0.9976166486740112
test_04003,0.9943066239356995
test_04004,0.9601659774780273
test_04005,1.607774720469024e-05
test_04006,0.10390136390924454
test_04007,0.0009024621685966849
test_04008,0.3146935701370239
test_04009,4.219168374675064e-07
test_04010,0.508277416229248
test_04011,0.001498064142651856
test_04012,8.67396806825127e-07
test_04013,0.003443606197834015
test_04014,0.7517020106315613
test_04015,0.9998384714126587
test_04016,0.7268121242523193
test_04017,0.5484345555305481
test_04018,0.9999822378158569
test_04019,0.024654114618897438
test_04020,0.9999877214431763
test_04021,0.0004131471214350313
test_04022,3.0043295282666804e-06
test_04023,0.9819756150245667
test_04024,0.0014401300577446818
test_04025,0.10305265337228775
test_04026,0.9991651773452759
test_04027,0.005791991949081421
test_04028,0.028493782505393028
test_04029,0.9998534917831421
test_04030,0.9951938986778259
test_04031,0.04527106136083603
test_04032,0.3515581786632538
test_04033,0.830318808555603
test_04034,0.9999749660491943
test_04035,0.00019736051035579294
test_04036,0.9966515898704529
test_04037,0.6638335585594177
test_04038,0.363715797662735
test_04039,0.09376350045204163
test_04040,0.9993487000465393
test_04041,0.13827930390834808
test_04042,0.9984197616577148
test_04043,0.031799107789993286
test_04044,0.0030602917540818453
test_04045,0.00607097614556551
test_04046,0.06021113693714142
test_04047,0.9377503991127014
test_04048,0.9979302883148193
test_04049,0.924911618232727
test_04050,0.0166223905980587
test_04051,0.999998927116394
test_04052,0.35288378596305847
test_04053,0.8016989827156067
test_04054,0.442179799079895
test_04055,0.9922783374786377
test_04056,0.5740103721618652
test_04057,0.9352665543556213
test_04058,0.9983136653900146
test_04059,0.6679898500442505
test_04060,0.9998536109924316
test_04061,0.10528013855218887
test_04062,0.2796212434768677
test_04063,0.7350211143493652
test_04064,0.5993171334266663
test_04065,0.12168759107589722
test_04066,0.9995067119598389
test_04067,0.03470127657055855
test_04068,0.002115135546773672
test_04069,0.001068214070983231
test_04070,2.4955136268545175e-06
test_04071,0.7714762091636658
test_04072,0.1810731440782547
test_04073,0.22309881448745728
test_04074,0.9268952012062073
test_04075,0.9999829530715942
test_04076,0.08303075283765793
test_04077,0.8440907001495361
test_04078,0.9993076324462891
test_04079,0.0025081876665353775
test_04080,0.1311482936143875
test_04081,0.937445342540741
test_04082,1.8738008122909378e-07
test_04083,0.008107047528028488
test_04084,0.8863993883132935
test_04085,0.017390163615345955
test_04086,0.3248306214809418
test_04087,0.9996960163116455
test_04088,0.9824804663658142
test_04089,0.012483854778110981
test_04090,0.9322669506072998
test_04091,0.9877225160598755
test_04092,0.9994974136352539
test_04093,0.9386695027351379
test_04094,0.9733849167823792
test_04095,0.21359017491340637
test_04096,0.01439274288713932
test_04097,0.4749460816383362
test_04098,0.00013419525930657983
test_04099,0.9999881982803345
test_04100,0.9999935626983643
test_04101,0.00021876810933463275
test_04102,0.44402140378952026
test_04103,1.5498618495257688e-06
test_04104,0.9296338558197021
test_04105,4.411134796100669e-06
test_04106,0.031123673543334007
test_04107,0.7082934379577637
test_04108,0.47793781757354736
test_04109,0.999783456325531
test_04110,0.7780663967132568
test_04111,0.9999912977218628
test_04112,0.2454279661178589
test_04113,0.6983126401901245
test_04114,0.6151711344718933
test_04115,0.24238982796669006
test_04116,0.7239862680435181
test_04117,0.40376248955726624
test_04118,0.007764501962810755
test_04119,0.0001674083323450759
test_04120,0.9776517748832703
test_04121,0.670266330242157
test_04122,0.41202953457832336
test_04123,0.9999033212661743
test_04124,0.46501678228378296
test_04125,0.007063310593366623
test_04126,0.6528679728507996
test_04127,0.0009030741639435291
test_04128,0.7753494381904602
test_04129,0.9622915387153625
test_04130,0.31541141867637634
test_04131,0.002780536189675331
test_04132,2.8489206670201384e-05
test_04133,0.0018267011037096381
test_04134,0.9337807297706604
test_04135,0.9999953508377075
test_04136,0.43586593866348267
test_04137,0.023138245567679405
test_04138,0.3874264657497406
test_04139,0.9718068838119507
test_04140,0.9940686225891113
test_04141,0.2506559491157532
test_04142,0.9810596108436584
test_04143,0.9452075958251953
test_04144,0.9988999366760254
test_04145,0.960566520690918
test_04146,0.557443380355835
test_04147,6.067303183954209e-05
test_04148,0.9550071358680725
test_04149,0.9999383687973022
test_04150,0.012036614120006561
test_04151,0.48747485876083374
test_04152,0.9266249537467957
test_04153,0.35490185022354126
test_04154,0.0008024888229556382
test_04155,0.0028010308742523193
test_04156,0.783238410949707
test_04157,0.9945036172866821
test_04158,0.997088611125946
test_04159,0.05295369401574135
test_04160,0.9663903117179871
test_04161,0.0036836855579167604
test_04162,0.49858975410461426
test_04163,0.006931334268301725
test_04164,0.9999738931655884
test_04165,0.33378881216049194
test_04166,1.2982814041606616e-05
test_04167,0.46127110719680786
test_04168,0.0010112914023920894
test_04169,0.9999700784683228
test_04170,0.9611926674842834
test_04171,0.9978488683700562
test_04172,0.8108949661254883
test_04173,0.9986866116523743
test_04174,0.003719958709552884
test_04175,0.8818195462226868
test_04176,0.9828129410743713
test_04177,0.9645013809204102
test_04178,0.8551474213600159
test_04179,0.1690768301486969
test_04180,0.41502729058265686
test_04181,0.9949074387550354
test_04182,0.9725740551948547
test_04183,0.10929736495018005
test_04184,0.6891174912452698
test_04185,0.8895056843757629
test_04186,0.999990701675415
test_04187,0.994772732257843
test_04188,0.860916793346405
test_04189,0.27719756960868835
test_04190,0.7823079228401184
test_04191,0.9542098045349121
test_04192,1.359940711154195e-06
test_04193,0.00022918875038158149
test_04194,3.652709438028978e-06
test_04195,0.01750820316374302
test_04196,0.9296462535858154
test_04197,0.0009143574279733002
test_04198,0.9999985694885254
test_04199,0.02168630249798298
test_04200,0.9603708386421204
test_04201,0.9273282885551453
test_04202,0.999962568283081
test_04203,0.8864715099334717
test_04204,0.9750254154205322
test_04205,0.7183359861373901
test_04206,6.390248472598614e-07
test_04207,0.9899354577064514
test_04208,0.007635186892002821
test_04209,0.05196923017501831
test_04210,0.9997251629829407
test_04211,0.5592842102050781
test_04212,0.8904001712799072
test_04213,0.0011176408734172583
test_04214,0.9950894713401794
test_04215,0.20074766874313354
test_04216,0.532343327999115
test_04217,0.9999995231628418
test_04218,7.195489160949364e-05
test_04219,0.3904331624507904
test_04220,0.023264268413186073
test_04221,0.5264623165130615
test_04222,0.9900844097137451
test_04223,0.9999829530715942
test_04224,0.9977735877037048
test_04225,0.35817936062812805
test_04226,0.8554651141166687
test_04227,0.9975031018257141
test_04228,0.9890215992927551
test_04229,0.8566778302192688
test_04230,0.010772142559289932
test_04231,0.8767009377479553
test_04232,0.9494694471359253
test_04233,0.9999812841415405
test_04234,0.999995231628418
test_04235,0.9999996423721313
test_04236,0.005000808276236057
test_04237,0.5835921168327332
test_04238,0.002698764903470874
test_04239,0.5164005756378174
test_04240,0.9196349382400513
test_04241,0.9989991784095764
test_04242,0.8913210034370422
test_04243,2.7574267733143643e-05
test_04244,0.9949796795845032
test_04245,0.9119389057159424
test_04246,0.9323700666427612
test_04247,0.9565942883491516
test_04248,0.9999445676803589
test_04249,0.9821304678916931
test_04250,0.951955258846283
test_04251,0.9999922513961792
test_04252,0.02827030047774315
test_04253,0.011906728148460388
test_04254,0.4151734709739685
test_04255,0.984065592288971
test_04256,0.9999257326126099
test_04257,0.006232387851923704
test_04258,0.02374233864247799
test_04259,0.8293262124061584
test_04260,0.8255519866943359
test_04261,0.5700783133506775
test_04262,0.7218621969223022
test_04263,0.12337540835142136
test_04264,0.7291297316551208
test_04265,1.0
test_04266,0.057056326419115067
test_04267,0.03045828640460968
test_04268,0.9054970741271973
test_04269,0.6156178116798401
test_04270,0.03966865688562393
test_04271,0.015431534498929977
test_04272,0.9884127974510193
test_04273,0.6785822510719299
test_04274,0.07470844686031342
test_04275,0.03074263222515583
test_04276,0.9999984502792358
test_04277,0.0009131821570917964
test_04278,0.1441584974527359
test_04279,0.0001114797851187177
test_04280,0.000388006359571591
test_04281,0.9937507510185242
test_04282,0.5667099356651306
test_04283,0.0006289700977504253
test_04284,0.0016199558740481734
test_04285,0.6295345425605774
test_04286,0.0006685028783977032
test_04287,0.9997349381446838
test_04288,0.16720141470432281
test_04289,0.999323844909668
test_04290,0.010293420404195786
test_04291,1.939221692737192e-05
test_04292,0.08930211514234543
test_04293,0.9999507665634155
test_04294,0.4765333831310272
test_04295,0.00802692398428917
test_04296,0.0070630768314003944
test_04297,0.8796818852424622
test_04298,0.9977703094482422
test_04299,0.13815662264823914
test_04300,0.293245792388916
test_04301,0.0050114900805056095
test_04302,0.006619263906031847
test_04303,0.8721104264259338
test_04304,0.9999966621398926
test_04305,0.9178854823112488
test_04306,0.015734761953353882
test_04307,0.9979057312011719
test_04308,0.02199721150100231
test_04309,0.9998466968536377
test_04310,0.9999994039535522
test_04311,0.7277302742004395
test_04312,0.9579654335975647
test_04313,0.0015029760543256998
test_04314,0.7893214821815491
test_04315,0.649376392364502
test_04316,0.0006828164914622903
test_04317,0.002624492160975933
test_04318,0.17686502635478973
test_04319,0.00013231726188678294
test_04320,0.49786046147346497
test_04321,0.6669214963912964
test_04322,0.12015705555677414
test_04323,0.0003816819516941905
test_04324,0.9966650605201721
test_04325,0.9896334409713745
test_04326,0.11168020963668823
test_04327,0.015556576661765575
test_04328,8.699019531377417e-07
test_04329,0.9997385144233704
test_04330,0.9808164238929749
test_04331,0.9057345390319824
test_04332,0.008002611808478832
test_04333,0.7664060592651367
test_04334,0.1885291188955307
test_04335,0.00037088728277012706
test_04336,0.860262930393219
test_04337,0.5453570485115051
test_04338,0.9920338988304138
test_04339,0.9590414762496948
test_04340,0.016315076500177383
test_04341,0.9969398975372314
test_04342,0.141293004155159
test_04343,0.9998912811279297
test_04344,0.00020366045646369457
test_04345,0.9949422478675842
test_04346,0.0002225966745754704
test_04347,0.21432963013648987
test_04348,0.9986366629600525
test_04349,0.9991725087165833
test_04350,0.9885252118110657
test_04351,0.00011509963223943487
test_04352,0.31077322363853455
test_04353,0.8596693277359009
test_04354,0.15553343296051025
test_04355,0.9911823272705078
test_04356,0.0006111387629061937
test_04357,0.48781469464302063
test_04358,0.00010762619785964489
test_04359,0.38817623257637024
test_04360,0.9486165046691895
test_04361,0.4741811454296112
test_04362,0.001654361141845584
test_04363,0.9999818801879883
test_04364,0.9825710654258728
test_04365,0.16529445350170135
test_04366,0.01890016347169876
test_04367,0.007031134329736233
test_04368,0.07769043743610382
test_04369,0.998342752456665
test_04370,0.045898135751485825
test_04371,0.999983549118042
test_04372,0.03737800568342209
test_04373,0.4750654101371765
test_04374,4.89265858050203e-07
test_04375,0.9999035596847534
test_04376,0.20835435390472412
test_04377,0.12664565443992615
test_04378,0.9999730587005615
test_04379,0.020853962749242783
test_04380,0.26575472950935364
test_04381,0.9924399852752686
test_04382,0.015393862500786781
test_04383,0.1164049506187439
test_04384,0.9999562501907349
test_04385,0.2957210838794708
test_04386,0.001748161856085062
test_04387,0.0002764529490377754
test_04388,0.6258377432823181
test_04389,0.00032515948987565935
test_04390,0.10585398972034454
test_04391,0.9986286163330078
test_04392,0.9987919926643372
test_04393,0.9806406497955322
test_04394,0.9984751343727112
test_04395,0.9690461158752441
test_04396,0.011302557773888111
test_04397,0.857262372970581
test_04398,5.9509628044907004e-05
test_04399,0.658207356929779
test_04400,0.00047377237933687866
test_04401,0.010767849162220955
test_04402,0.9999357461929321
test_04403,0.2517026662826538
test_04404,0.25343799591064453
test_04405,0.9872897267341614
test_04406,0.9999467134475708
test_04407,0.00014321903290692717
test_04408,0.9999682903289795
test_04409,0.9985305070877075
test_04410,0.9239148497581482
test_04411,0.99814772605896
test_04412,0.05921768769621849
test_04413,0.9997867941856384
test_04414,0.9999940395355225
test_04415,0.050493329763412476
test_04416,0.6414152383804321
test_04417,0.01526673324406147
test_04418,0.00013864313950762153
test_04419,0.0071561625227332115
test_04420,0.00036289627314545214
test_04421,0.2533470094203949
test_04422,0.09703640639781952
test_04423,0.03063260205090046
test_04424,0.14198023080825806
test_04425,0.9924138188362122
test_04426,0.1886281669139862
test_04427,0.09783288836479187
test_04428,0.06443268060684204
test_04429,0.9999760389328003
test_04430,0.259808212518692
test_04431,0.999161958694458
test_04432,0.024642204865813255
test_04433,0.18666385114192963
test_04434,0.9998340606689453
test_04435,0.540570080280304
test_04436,0.11519904434680939
test_04437,0.9973536729812622
test_04438,0.9994097948074341
test_04439,5.193924152990803e-05
test_04440,0.9999994039535522
test_04441,0.7840056419372559
test_04442,0.40608420968055725
test_04443,9.069638508663047e-06
test_04444,0.9676611423492432
test_04445,0.9999945163726807
test_04446,4.166624876233982e-06
test_04447,0.9167930483818054
test_04448,1.3670496628037654e-06
test_04449,0.4198705554008484
test_04450,0.9979231953620911
test_04451,0.06131412461400032
test_04452,0.3338201642036438
test_04453,0.9885749220848083
test_04454,4.202011950837914e-06
test_04455,0.16903337836265564
test_04456,0.3898073136806488
test_04457,0.6288558840751648
test_04458,0.9948493838310242
test_04459,0.0009289684821851552
test_04460,4.742358214571141e-06
test_04461,0.8691623210906982
test_04462,0.06345009058713913
test_04463,0.9569453597068787
test_04464,0.9990465044975281
test_04465,0.7529422640800476
test_04466,0.04311094060540199
test_04467,0.6917277574539185
test_04468,0.000577873841393739
test_04469,0.12127678841352463
test_04470,0.682794988155365
test_04471,0.35081759095191956
test_04472,0.9999856948852539
test_04473,1.5134686464080005e-06
test_04474,0.10555292665958405
test_04475,0.02640952728688717
test_04476,9.557277280691778e-08
test_04477,0.2031717151403427
test_04478,0.9995520710945129
test_04479,0.8281835317611694
test_04480,0.43805840611457825
test_04481,0.9722169637680054
test_04482,2.997613228217233e-05
test_04483,0.991285502910614
test_04484,0.8250855803489685
test_04485,0.5305415987968445
test_04486,0.9999909400939941
test_04487,0.00011263013584539294
test_04488,0.9889407753944397
test_04489,0.03830542415380478
test_04490,0.9914299845695496
test_04491,0.5970441102981567
test_04492,0.0004071999283041805
test_04493,0.009926737286150455
test_04494,3.1895631309453165e-06
test_04495,0.6072442531585693
test_04496,1.1078512898166082e-06
test_04497,0.04078109934926033
test_04498,0.025513537228107452
test_04499,0.005717101506888866
test_04500,0.9940744042396545
test_04501,0.0012351725017651916
test_04502,0.7032661437988281
test_04503,0.00045907305320724845
test_04504,0.5835233926773071
test_04505,0.17624954879283905
test_04506,0.9999977350234985
test_04507,0.0021784284617751837
test_04508,0.0008433564216829836
test_04509,6.189170380821452e-05
test_04510,0.0004049608833156526
test_04511,0.0004075649776495993
test_04512,0.5552221536636353
test_04513,5.6111453886842355e-05
test_04514,0.5566413998603821
test_04515,2.0580906493705697e-05
test_04516,0.7394955158233643
test_04517,0.6528127789497375
test_04518,0.7482287883758545
test_04519,0.5591185688972473
test_04520,0.5020681619644165
test_04521,0.9997215867042542
test_04522,0.9980953335762024
test_04523,0.29204505681991577
test_04524,0.9999949932098389
test_04525,2.691490954020992e-05
test_04526,0.7658067941665649
test_04527,0.04854642599821091
test_04528,0.9727458357810974
test_04529,0.42465680837631226
test_04530,1.4531641454595956e-06
test_04531,0.1640595644712448
test_04532,0.3247177302837372
test_04533,0.004770791623741388
test_04534,0.04226284474134445
test_04535,0.10268289595842361
test_04536,2.73595596809173e-05
test_04537,0.0007799537270329893
test_04538,0.9556393623352051
test_04539,0.9999042749404907
test_04540,0.9978177547454834
test_04541,0.999932050704956
test_04542,0.9993877410888672
test_04543,5.8760242609423585e-06
test_04544,0.49311864376068115
test_04545,0.9876492619514465
test_04546,0.999929666519165
test_04547,0.9995261430740356
test_04548,0.978402316570282
test_04549,0.012122305110096931
test_04550,0.9445734024047852
test_04551,0.9986127614974976
test_04552,0.48930221796035767
test_04553,0.4337455630302429
test_04554,0.48157140612602234
test_04555,0.004342612810432911
test_04556,0.02322801947593689
test_04557,0.008195176720619202
test_04558,0.019907407462596893
test_04559,0.0051206867210567
test_04560,0.30293282866477966
test_04561,0.027191920205950737
test_04562,0.7061216831207275
test_04563,0.9999998807907104
test_04564,0.0027650727424770594
test_04565,0.9955592155456543
test_04566,0.00038290032534860075
test_04567,0.9999934434890747
test_04568,0.14030897617340088
test_04569,0.9960780739784241
test_04570,0.3392501175403595
test_04571,4.625981455319561e-05
test_04572,0.999896764755249
test_04573,0.9998165965080261
test_04574,0.0023683514446020126
test_04575,0.9002126455307007
test_04576,0.9074906706809998
test_04577,0.6044600009918213
test_04578,0.5647866725921631
test_04579,0.014933338388800621
test_04580,0.38778799772262573
test_04581,0.04020724818110466
test_04582,8.576146683481056e-06
test_04583,0.9351553320884705
test_04584,0.9994565844535828
test_04585,0.9542210698127747
test_04586,0.0022462329361587763
test_04587,0.9916875958442688
test_04588,0.9865792393684387
test_04589,0.450896292924881
test_04590,0.9999649524688721
test_04591,0.9999991655349731
test_04592,0.07821881771087646
test_04593,0.14945679903030396
test_04594,0.21892735362052917
test_04595,0.9951969981193542
test_04596,0.0001374745334032923
test_04597,0.005383753217756748
test_04598,0.06541503220796585
test_04599,0.5684282779693604
test_04600,0.010298492386937141
test_04601,0.8343785405158997
test_04602,0.7272707223892212
test_04603,0.999458372592926
test_04604,0.8259289860725403
test_04605,0.9986372590065002
test_04606,0.7323697209358215
test_04607,0.22831755876541138
test_04608,0.0070261056534945965
test_04609,0.9810341596603394
test_04610,0.001005796599201858
test_04611,0.986111044883728
test_04612,0.9724603295326233
test_04613,0.8067435622215271
test_04614,0.9999996423721313
test_04615,0.9215580224990845
test_04616,0.9996569156646729
test_04617,0.0003257872594986111
test_04618,0.9992907047271729
test_04619,0.034709349274635315
test_04620,4.7037303829711163e-07
test_04621,0.9999922513961792
test_04622,0.8618283271789551
test_04623,0.9913937449455261
test_04624,0.4613502621650696
test_04625,0.9998074173927307
test_04626,0.008070067502558231
test_04627,5.247633089311421e-05
test_04628,0.9926683306694031
test_04629,0.9849969148635864
test_04630,0.46322959661483765
test_04631,0.999987006187439
test_04632,0.0019160424126312137
test_04633,0.039329033344984055
test_04634,0.9981936812400818
test_04635,0.9999998807907104
test_04636,0.9932042360305786
test_04637,0.9329274892807007
test_04638,0.873580813407898
test_04639,0.9995110034942627
test_04640,0.9999963045120239
test_04641,0.8663201928138733
test_04642,0.1889714151620865
test_04643,0.9623647332191467
test_04644,0.4104612469673157
test_04645,0.9721283316612244
test_04646,0.4442574679851532
test_04647,0.9999849796295166
test_04648,0.6997348666191101
test_04649,0.9951981902122498
test_04650,0.44950005412101746
test_04651,0.8184444308280945
test_04652,0.001148015959188342
test_04653,0.9961885809898376
test_04654,0.013084608130156994
test_04655,0.7041594386100769
test_04656,0.026874810457229614
test_04657,0.9960732460021973
test_04658,0.9941294193267822
test_04659,0.23782075941562653
test_04660,0.7581453323364258
test_04661,0.002467487473040819
test_04662,0.08416412025690079
test_04663,0.0035836754832416773
test_04664,0.4138187766075134
test_04665,0.999657154083252
test_04666,0.0008957743993960321
test_04667,0.9999953508377075
test_04668,0.014433907344937325
test_04669,0.9387896060943604
test_04670,0.9923155307769775
test_04671,0.6973279118537903
test_04672,0.04247012734413147
test_04673,0.7208827137947083
test_04674,0.3308868110179901
test_04675,0.0031968699768185616
test_04676,0.11505105346441269
test_04677,0.9999916553497314
test_04678,0.9467898011207581
test_04679,0.18133914470672607
test_04680,0.21235774457454681
test_04681,0.9999781847000122
test_04682,0.003943396732211113
test_04683,0.00023900088854134083
test_04684,0.06895014643669128
test_04685,0.9999481439590454
test_04686,0.5697782039642334
test_04687,0.9632155895233154
test_04688,0.35419830679893494
test_04689,0.981171727180481
test_04690,0.7029737830162048
test_04691,0.00036216029548086226
test_04692,0.0003448189818300307
test_04693,0.931420624256134
test_04694,0.9664146900177002
test_04695,0.013402908109128475
test_04696,0.7733207941055298
test_04697,8.54271183925448e-06
test_04698,0.002948617562651634
test_04699,0.00020588113693520427
test_04700,0.9992926120758057
test_04701,0.005124057177454233
test_04702,0.00423060916364193
test_04703,0.9962867498397827
test_04704,0.07057556509971619
test_04705,0.001978370128199458
test_04706,1.2484205399232451e-05
test_04707,0.9370418787002563
test_04708,0.012252258136868477
test_04709,0.2286805957555771
test_04710,0.9305881261825562
test_04711,0.9991317391395569
test_04712,0.9859245419502258
test_04713,0.6968141198158264
test_04714,0.4913066029548645
test_04715,0.9980602860450745
test_04716,0.0006125520449131727
test_04717,0.042322222143411636
test_04718,0.5037902593612671
test_04719,0.00030940258875489235
test_04720,0.4758216440677643
test_04721,0.9999687671661377
test_04722,0.9944188594818115
test_04723,0.9797653555870056
test_04724,0.9015777111053467
test_04725,0.38549965620040894
test_04726,0.8252527713775635
test_04727,0.9998880624771118
test_04728,0.687290370464325
test_04729,0.3314570188522339
test_04730,0.12256114184856415
test_04731,0.34541934728622437
test_04732,0.9993962049484253
test_04733,0.3645259439945221
test_04734,0.9999960660934448
test_04735,0.999962329864502
test_04736,1.9758704183914233e-06
test_04737,0.7630184292793274
test_04738,0.0003318624512758106
test_04739,0.057050179690122604
test_04740,0.9699109196662903
test_04741,0.5639508962631226
test_04742,0.9999985694885254
test_04743,0.17749947309494019
test_04744,0.007567229680716991
test_04745,0.9825604557991028
test_04746,0.005096494685858488
test_04747,0.002365793101489544
test_04748,0.9748849272727966
test_04749,0.028210077434778214
test_04750,0.9922574758529663
test_04751,0.9999802112579346
test_04752,0.05092652887105942
test_04753,0.9666905403137207
test_04754,0.6310366988182068
test_04755,0.9275103807449341
test_04756,0.00021269985882099718
test_04757,0.0005879107629880309
test_04758,0.001011217595078051
test_04759,0.981491208076477
test_04760,0.8760847449302673
test_04761,0.03380441665649414
test_04762,0.40490224957466125
test_04763,0.043568357825279236
test_04764,0.9867573976516724
test_04765,0.9999842643737793
test_04766,5.2485491323750466e-05
test_04767,0.9987370371818542
test_04768,0.03527587279677391
test_04769,0.951292872428894
test_04770,0.987450361251831
test_04771,0.6577998399734497
test_04772,0.8066145181655884
test_04773,0.9994435906410217
test_04774,6.181872777233366e-06
test_04775,0.5872642993927002
test_04776,0.9999951124191284
test_04777,0.004252030048519373
test_04778,0.00320576224476099
test_04779,0.9998786449432373
test_04780,0.9925703406333923
test_04781,0.4206894338130951
test_04782,0.3464808166027069
test_04783,0.9856782555580139
test_04784,8.283969776812228e-08
test_04785,0.9827971458435059
test_04786,1.9141125449095853e-05
test_04787,0.8847350478172302
test_04788,0.026505714282393456
test_04789,0.00018680533685255796
test_04790,0.9749852418899536
test_04791,0.0011034050257876515
test_04792,0.346355140209198
test_04793,0.9959238767623901
test_04794,0.8754902482032776
test_04795,8.764614904066548e-06
test_04796,0.2084328830242157
test_04797,0.9999997615814209
test_04798,0.9999887943267822
test_04799,0.7586023807525635
test_04800,0.9999955892562866
test_04801,0.32758358120918274
test_04802,0.22613994777202606
test_04803,0.9957886338233948
test_04804,0.922905445098877
test_04805,0.00450621685013175
test_04806,0.8143124580383301
test_04807,0.410075843334198
test_04808,0.060729581862688065
test_04809,0.9999109506607056
test_04810,0.20903849601745605
test_04811,1.395777962898137e-05
test_04812,0.815838634967804
test_04813,0.9988576173782349
test_04814,0.3124706745147705
test_04815,0.0031225024722516537
test_04816,0.6934909224510193
test_04817,0.05649382621049881
test_04818,0.846078634262085
test_04819,0.0015670640859752893
test_04820,0.5237507820129395
test_04821,0.9999707937240601
test_04822,0.5237914323806763
test_04823,0.9988340735435486
test_04824,0.002653056988492608
test_04825,0.5252529382705688
test_04826,0.3349279463291168
test_04827,0.0001264487800654024
test_04828,0.9995866417884827
test_04829,0.34490761160850525
test_04830,0.8735088109970093
test_04831,0.10643503814935684
test_04832,0.9697936177253723
test_04833,0.7913147807121277
test_04834,0.005063410382717848
test_04835,0.9989253878593445
test_04836,0.8222334980964661
test_04837,0.974090576171875
test_04838,0.0024216093588620424
test_04839,0.0460524782538414
test_04840,3.960638878197642e-06
test_04841,0.005940528586506844
test_04842,0.9059510231018066
test_04843,9.014013357955264e-07
test_04844,0.0005446771974675357
test_04845,0.9986984729766846
test_04846,0.0003782906278502196
test_04847,0.7766931653022766
test_04848,0.9355709552764893
test_04849,0.8880623579025269
test_04850,0.9000580906867981
test_04851,0.9998558759689331
test_04852,0.9994303584098816
test_04853,0.01059349812567234
test_04854,3.688131982926279e-05
test_04855,0.9995470643043518
test_04856,0.9236376285552979
test_04857,0.056199319660663605
test_04858,0.9990574717521667
test_04859,0.9782313704490662
test_04860,0.1398782581090927
test_04861,0.5134047269821167
test_04862,0.0031338538974523544
test_04863,0.37530717253685
test_04864,0.9249910712242126
test_04865,0.08861801028251648
test_04866,0.9427992105484009
test_04867,0.035243548452854156
test_04868,2.484194737917278e-05
test_04869,0.5384438633918762
test_04870,0.9999915361404419
test_04871,0.9959773421287537
test_04872,0.9993649125099182
test_04873,0.7636523246765137
test_04874,1.7865058907773346e-05
test_04875,0.9999140501022339
test_04876,0.9973082542419434
test_04877,0.8004128336906433
test_04878,0.07569843530654907
test_04879,0.880307137966156
test_04880,0.37225067615509033
test_04881,1.0464292188316904e-07
test_04882,0.45149582624435425
test_04883,0.9973898530006409
test_04884,0.22269104421138763
test_04885,0.013723603449761868
test_04886,0.9939170479774475
test_04887,0.05109298974275589
test_04888,0.06422489136457443
test_04889,0.9999409914016724
test_04890,0.07427968084812164
test_04891,0.9945593476295471
test_04892,0.0029413271695375443
test_04893,0.44906720519065857
test_04894,0.089613176882267
test_04895,2.126738536389894e-06
test_04896,2.564456147435834e-10
test_04897,0.06437590718269348
test_04898,0.23565639555454254
test_04899,0.020661357790231705
test_04900,0.9995285272598267
test_04901,0.26524457335472107
test_04902,5.677771241607843e-06
test_04903,0.9999909400939941
test_04904,0.9999963045120239
test_04905,0.06619847565889359
test_04906,0.7918428182601929
test_04907,0.9961400628089905
test_04908,0.014457395300269127
test_04909,0.9992460012435913
test_04910,0.9993058443069458
test_04911,0.824629008769989
test_04912,0.9961695075035095
test_04913,0.9996076226234436
test_04914,1.4577362890122458e-06
test_04915,0.8452531695365906
test_04916,0.004865830764174461
test_04917,0.9944777488708496
test_04918,0.9982357025146484
test_04919,0.07181859761476517
test_04920,0.801637589931488
test_04921,0.26589176058769226
test_04922,0.0741262212395668
test_04923,0.33321478962898254
test_04924,0.0005014820490032434
test_04925,0.999582827091217
test_04926,0.9999704360961914
test_04927,0.00012314855121076107
test_04928,2.802144445013255e-05
test_04929,0.2793237566947937
test_04930,0.013515831902623177
test_04931,0.9953118562698364
test_04932,0.9980131387710571
test_04933,0.9963816404342651
test_04934,0.9506937861442566
test_04935,8.116522803902626e-05
test_04936,0.9997807145118713
test_04937,0.2553938031196594
test_04938,0.029643956571817398
test_04939,0.9998247027397156
test_04940,0.8907057642936707
test_04941,0.6420232653617859
test_04942,0.025645215064287186
test_04943,0.9357609748840332
test_04944,0.5848456025123596
test_04945,0.0014112271601334214
test_04946,0.0052962093614041805
test_04947,0.973487377166748
test_04948,0.9909623265266418
test_04949,0.9959973096847534
test_04950,0.0019393149996176362
test_04951,0.20177584886550903
test_04952,0.8526032567024231
test_04953,0.018135040998458862
test_04954,0.790686309337616
test_04955,0.9982306361198425
test_04956,0.9837851524353027
test_04957,0.9827532768249512
test_04958,0.0006592884892597795
test_04959,0.019521716982126236
test_04960,0.08126341551542282
test_04961,0.2131318300962448
test_04962,0.918919026851654
test_04963,0.2740101218223572
test_04964,0.1881682276725769
test_04965,0.9998900890350342
test_04966,0.6864818930625916
test_04967,0.8624170422554016
test_04968,0.021542413160204887
test_04969,0.8203155994415283
test_04970,0.9872019290924072
test_04971,0.5954485535621643
test_04972,6.123015919001773e-05
test_04973,0.9215508103370667
test_04974,0.016409628093242645
test_04975,0.03180333599448204
test_04976,0.12864546477794647
test_04977,0.00029577178065665066
test_04978,0.00040809737402014434
test_04979,0.8496371507644653
test_04980,0.999991774559021
test_04981,0.9986969828605652
test_04982,0.5146810412406921
test_04983,0.1051800474524498
test_04984,0.9998276233673096
test_04985,0.7046950459480286
test_04986,0.12118390947580338
test_04987,0.5288295149803162
test_04988,0.5356080532073975
test_04989,3.89848850090857e-07
test_04990,0.9990608096122742
test_04991,1.761021303536836e-05
test_04992,0.0008825466502457857
test_04993,0.97691810131073
test_04994,0.15036293864250183
test_04995,0.9999017715454102
test_04996,0.927630603313446
test_04997,2.106491956510581e-05
test_04998,0.022960104048252106
test_04999,0.005394940264523029
test_05000,0.9994757771492004
test_05001,0.7238672971725464
test_05002,0.02621804177761078
test_05003,0.9373338222503662
test_05004,0.1237926334142685
test_05005,0.7537702918052673
test_05006,8.053470423874387e-08
test_05007,0.9304534196853638
test_05008,0.9363147616386414
test_05009,0.9892122745513916
test_05010,5.120746209286153e-06
test_05011,0.15085236728191376
test_05012,0.40619102120399475
test_05013,0.9971328973770142
test_05014,1.0
test_05015,0.9998942613601685
test_05016,0.4991248548030853
test_05017,0.9974578022956848
test_05018,0.46960243582725525
test_05019,0.0007152347825467587
test_05020,0.5987849235534668
test_05021,0.5022063851356506
test_05022,0.9999979734420776
test_05023,0.5864946842193604
test_05024,0.9993860721588135
test_05025,0.004231941420584917
test_05026,0.7570757865905762
test_05027,0.7021929025650024
test_05028,0.9993398785591125
test_05029,0.9995049238204956
test_05030,0.9988065958023071
test_05031,0.8754645586013794
test_05032,0.9990082383155823
test_05033,0.9999709129333496
test_05034,0.9443230628967285
test_05035,3.2874555472517386e-05
test_05036,0.4696950912475586
test_05037,0.8042248487472534
test_05038,0.2199617624282837
test_05039,0.4006428122520447
test_05040,0.6106794476509094
test_05041,0.9989140033721924
test_05042,0.9765172004699707
test_05043,0.998595654964447
test_05044,0.959587574005127
test_05045,0.9389996528625488
test_05046,0.02804199792444706
test_05047,0.9999258518218994
test_05048,8.208188955904916e-05
test_05049,0.9723940491676331
test_05050,0.9090928435325623
test_05051,0.6059352159500122
test_05052,0.9820618033409119
test_05053,0.9880313873291016
test_05054,0.0005740798660553992
test_05055,1.1517849998199381e-05
test_05056,0.9996449947357178
test_05057,0.9995167255401611
test_05058,0.978620171546936
test_05059,0.022037139162421227
test_05060,0.9993522763252258
test_05061,0.9111824631690979
test_05062,0.010559223592281342
test_05063,0.9999707937240601
test_05064,0.4387476146221161
test_05065,0.001233861898072064
test_05066,0.9041503071784973
test_05067,0.9992964267730713
test_05068,0.8637106418609619
test_05069,0.253924697637558
test_05070,0.9929805994033813
test_05071,3.0191558835213073e-05
test_05072,0.7546785473823547
test_05073,0.3943035304546356
test_05074,0.002891507698222995
test_05075,0.9951750040054321
test_05076,0.9993150234222412
test_05077,0.0021325903944671154
test_05078,0.9296594262123108
test_05079,0.005785564426332712
test_05080,0.999220609664917
test_05081,0.09847552329301834
test_05082,0.7549208402633667
test_05083,0.9930232763290405
test_05084,0.9999940395355225
test_05085,0.9993342757225037
test_05086,0.32772496342658997
test_05087,0.3812461495399475
test_05088,0.9872056245803833
test_05089,0.15700316429138184
test_05090,0.9990251064300537
test_05091,0.9997707009315491
test_05092,0.02229641191661358
test_05093,0.03862017020583153
test_05094,0.8805843591690063
test_05095,0.9999771118164062
test_05096,0.00036272575380280614
test_05097,0.9987527132034302
test_05098,0.0061052106320858
test_05099,0.9999366998672485
test_05100,0.0018845588201656938
test_05101,0.4821815490722656
test_05102,2.4138446974575345e-07
test_05103,0.9999693632125854
test_05104,0.4219488501548767
test_05105,0.9840176701545715
test_05106,0.9957798719406128
test_05107,4.156977979619114e-07
test_05108,0.058225367218256
test_05109,0.004821073263883591
test_05110,0.9977002739906311
test_05111,0.9994999170303345
test_05112,0.8474252820014954
test_05113,0.6225242614746094
test_05114,0.016879403963685036
test_05115,0.00012834662629757077
test_05116,0.8799486756324768
test_05117,0.8501712083816528
test_05118,0.022150641307234764
test_05119,0.961540699005127
test_05120,0.9993784427642822
test_05121,0.201986625790596
test_05122,0.4598087966442108
test_05123,0.0013840325409546494
test_05124,0.0017424263060092926
test_05125,0.4575103521347046
test_05126,0.9999300241470337
test_05127,0.9996896982192993
test_05128,0.1832544356584549
test_05129,0.09380953758955002
test_05130,0.0002814197796396911
test_05131,0.7230730652809143
test_05132,0.044370491057634354
test_05133,0.2920430600643158
test_05134,0.6974433064460754
test_05135,0.02482684887945652
test_05136,0.20241330564022064
test_05137,0.9961122870445251
test_05138,0.9678749442100525
test_05139,0.9893395304679871
test_05140,0.8039989471435547
test_05141,0.8791338205337524
test_05142,0.9989627599716187
test_05143,0.9805083870887756
test_05144,0.2469329833984375
test_05145,0.9995017051696777
test_05146,0.9798632264137268
test_05147,0.9638084173202515
test_05148,0.20163623988628387
test_05149,0.16241730749607086
test_05150,0.004925122484564781
test_05151,0.9996887445449829
test_05152,0.995931088924408
test_05153,0.4597669541835785
test_05154,0.8619754314422607
test_05155,0.33026474714279175
test_05156,0.9999949932098389
test_05157,0.4919271767139435
test_05158,0.9995251893997192
test_05159,0.0003593813453335315
test_05160,0.23374731838703156
test_05161,0.30400633811950684
test_05162,0.024613237008452415
test_05163,1.7919719539349899e-06
test_05164,0.17343838512897491
test_05165,0.23580294847488403
test_05166,0.9999681711196899
test_05167,0.9963710308074951
test_05168,0.3467329144477844
test_05169,0.9239683747291565
test_05170,0.004072946961969137
test_05171,0.998762845993042
test_05172,0.9071975350379944
test_05173,0.005497647449374199
test_05174,0.9975224137306213
test_05175,0.0376339890062809
test_05176,0.01789323054254055
test_05177,0.9995136260986328
test_05178,0.9936257600784302
test_05179,0.05839710682630539
test_05180,1.819816588977119e-06
test_05181,0.18902434408664703
test_05182,0.019091282039880753
test_05183,0.0006750089814886451
test_05184,0.9998034834861755
test_05185,0.8051285743713379
test_05186,0.9890034794807434
test_05187,0.9999419450759888
test_05188,0.9974223375320435
test_05189,0.6609023213386536
test_05190,0.9688689708709717
test_05191,0.6898245215415955
test_05192,0.0010762914316728711
test_05193,1.435588046660996e-06
test_05194,0.4458533525466919
test_05195,0.926943838596344
test_05196,0.0031948406249284744
test_05197,0.020614314824342728
test_05198,0.9991340041160583
test_05199,0.8212207555770874
test_05200,0.9342160224914551
test_05201,0.9999934434890747
test_05202,0.8234723806381226
test_05203,0.8699090480804443
test_05204,0.00020407138799782842
test_05205,0.009481171146035194
test_05206,0.999060332775116
test_05207,0.0006246950943022966
test_05208,0.977728545665741
test_05209,0.3073312044143677
test_05210,0.8672151565551758
test_05211,0.4674989581108093
test_05212,0.9756726622581482
test_05213,0.0015094284899532795
test_05214,0.0007345175836235285
test_05215,0.8884222507476807
test_05216,0.5792793035507202
test_05217,0.33393678069114685
test_05218,0.9996786117553711
test_05219,0.12086036801338196
test_05220,0.9999895095825195
test_05221,0.001186012290418148
test_05222,0.022912785410881042
test_05223,0.9225627183914185
test_05224,0.04074345529079437
test_05225,0.9992305040359497
test_05226,5.374049123929581e-06
test_05227,0.9964262843132019
test_05228,0.8155782222747803
test_05229,0.6207520365715027
test_05230,0.0029770005494356155
test_05231,0.27686548233032227
test_05232,0.3934500217437744
test_05233,0.5668792724609375
test_05234,0.0005811493028886616
test_05235,0.22699858248233795
test_05236,0.6824318170547485
test_05237,0.8399952054023743
test_05238,0.016351843252778053
test_05239,0.9914831519126892
test_05240,0.9998288154602051
test_05241,0.6456234455108643
test_05242,0.9106696248054504
test_05243,0.9995437264442444
test_05244,0.013623346574604511
test_05245,0.000313393771648407
test_05246,0.4862273931503296
test_05247,0.2546082139015198
test_05248,0.1863487809896469
test_05249,0.9529716372489929
test_05250,0.5392215847969055
test_05251,0.998566210269928
test_05252,0.010836695320904255
test_05253,0.760992169380188
test_05254,0.972703218460083
test_05255,0.1175726056098938
test_05256,0.00090788520174101
test_05257,0.8517759442329407
test_05258,0.55372154712677
test_05259,0.00221101101487875
test_05260,0.8470273017883301
test_05261,0.9994819760322571
test_05262,0.4587242603302002
test_05263,0.9999885559082031
test_05264,0.10578509420156479
test_05265,0.41649696230888367
test_05266,0.9999713897705078
test_05267,0.9998828172683716
test_05268,0.9708959460258484
test_05269,0.9640653133392334
test_05270,0.7897915840148926
test_05271,0.9659879207611084
test_05272,0.9999986886978149
test_05273,1.5268497008946724e-05
test_05274,0.00016451705596409738
test_05275,0.03125280514359474
test_05276,0.8809486627578735
test_05277,0.02420932985842228
test_05278,0.9820032715797424
test_05279,8.4497687566909e-06
test_05280,0.8774659037590027
test_05281,0.7699037790298462
test_05282,0.00027686471003107727
test_05283,0.7675216794013977
test_05284,0.885039210319519
test_05285,2.3134820366976783e-05
test_05286,0.9222999811172485
test_05287,3.513860846737771e-08
test_05288,0.6618501543998718
test_05289,0.999998927116394
test_05290,0.9999874830245972
test_05291,0.000245974981226027
test_05292,0.8658486008644104
test_05293,0.6606006026268005
test_05294,0.1510009616613388
test_05295,0.9735682606697083
test_05296,0.06208018213510513
test_05297,0.12934821844100952
test_05298,0.9976480603218079
test_05299,0.8900277614593506
test_05300,0.322498619556427
test_05301,0.3098301291465759
test_05302,7.241290859383298e-06
test_05303,0.9999538660049438
test_05304,0.6275791525840759
test_05305,0.9905564785003662
test_05306,2.415313974779565e-05
test_05307,0.9999988079071045
test_05308,0.999955415725708
test_05309,6.4205436501652e-05
test_05310,0.265644371509552
test_05311,0.9999995231628418
test_05312,0.9994781613349915
test_05313,0.9999194145202637
test_05314,0.9863643050193787
test_05315,0.5053496956825256
test_05316,0.9982028007507324
test_05317,0.9999973773956299
test_05318,0.01892603002488613
test_05319,0.34928247332572937
test_05320,0.9817926287651062
test_05321,0.992973804473877
test_05322,0.37915223836898804
test_05323,0.03200233727693558
test_05324,0.9999985694885254
test_05325,0.974894106388092
test_05326,0.9775502681732178
test_05327,0.9999637603759766
test_05328,0.00026210458599962294
test_05329,0.9983962178230286
test_05330,0.003995132632553577
test_05331,0.8450605273246765
test_05332,0.10923467576503754
test_05333,0.00690801814198494
test_05334,8.235245331889018e-05
test_05335,0.581795334815979
test_05336,0.9746886491775513
test_05337,0.07538162171840668
test_05338,0.6761422753334045
test_05339,0.09142980724573135
test_05340,0.9986957907676697
test_05341,0.0017707808874547482
test_05342,0.0015466050244867802
test_05343,0.9981610178947449
test_05344,0.0013218189124017954
test_05345,0.11574892699718475
test_05346,0.9661909341812134
test_05347,0.16295431554317474
test_05348,0.9613152742385864
test_05349,0.0001227024185936898
test_05350,0.45224401354789734
test_05351,0.9816856384277344
test_05352,0.0010270454222336411
test_05353,6.959892743907403e-06
test_05354,1.7150861822301522e-05
test_05355,0.15725372731685638
test_05356,0.5155783891677856
test_05357,0.7052297592163086
test_05358,0.4794933795928955
test_05359,2.0647122767059045e-07
test_05360,0.0004070433205924928
test_05361,0.28415003418922424
test_05362,0.9996899366378784
test_05363,0.40349695086479187
test_05364,0.9235005378723145
test_05365,0.024092616513371468
test_05366,0.08350222557783127
test_05367,0.6263827681541443
test_05368,0.475821316242218
test_05369,0.9721316695213318
test_05370,0.9062201380729675
test_05371,0.05310570076107979
test_05372,0.4522625803947449
test_05373,0.7676572799682617
test_05374,0.03826083242893219
test_05375,0.055177267640829086
test_05376,0.00536691676825285
test_05377,0.6409766674041748
test_05378,0.9999997615814209
test_05379,0.9999918937683105
test_05380,0.27960750460624695
test_05381,0.964722752571106
test_05382,0.1508106291294098
test_05383,0.6308790445327759
test_05384,0.12800359725952148
test_05385,0.20801307260990143
test_05386,0.3924228250980377
test_05387,0.9652118682861328
test_05388,0.9989686012268066
test_05389,0.002189217833802104
test_05390,0.9692224860191345
test_05391,0.9982219338417053
test_05392,0.3181639015674591
test_05393,0.8342198133468628
test_05394,0.8703526854515076
test_05395,0.9845688343048096
test_05396,0.27165350317955017
test_05397,0.01484119612723589
test_05398,0.9999098777770996
test_05399,0.9903117418289185
test_05400,0.6129739284515381
test_05401,0.08278066664934158
test_05402,0.9999866485595703
test_05403,0.8375986814498901
test_05404,0.7844448685646057
test_05405,0.00027112229145132005
test_05406,0.9967173933982849
test_05407,0.3795134127140045
test_05408,0.9924519658088684
test_05409,0.00011471197649370879
test_05410,0.8482741117477417
test_05411,0.9804830551147461
test_05412,0.9994742274284363
test_05413,0.015135212801396847
test_05414,0.4024241864681244
test_05415,0.0006294417544268072
test_05416,0.6441076993942261
test_05417,0.3334561288356781
test_05418,0.9999990463256836
test_05419,0.6447409987449646
test_05420,0.015415494330227375
test_05421,0.9983396530151367
test_05422,0.3485136330127716
test_05423,0.6913440823554993
test_05424,0.7888555526733398
test_05425,0.6089246273040771
test_05426,7.656944944756106e-05
test_05427,0.0013006216613575816
test_05428,0.9999988079071045
test_05429,0.9920309782028198
test_05430,0.9999547004699707
test_05431,0.01101171225309372
test_05432,0.999683141708374
test_05433,0.9496259093284607
test_05434,0.9999852180480957
test_05435,0.9997426867485046
test_05436,1.895997775136493e-05
test_05437,0.9918730854988098
test_05438,0.03962474688887596
test_05439,0.9486916065216064
test_05440,0.00013812245742883533
test_05441,0.9709060788154602
test_05442,0.9985916018486023
test_05443,0.8912083506584167
test_05444,0.9850075244903564
test_05445,0.00209796242415905
test_05446,0.0006034600082784891
test_05447,0.9989587068557739
test_05448,0.9377164840698242
test_05449,0.0013564825057983398
test_05450,0.5826913118362427
test_05451,0.39298900961875916
test_05452,0.9995085000991821
test_05453,0.18850354850292206
test_05454,1.1382545380911324e-05
test_05455,5.0917889893753454e-05
test_05456,0.0005379528156481683
test_05457,0.0016699200496077538
test_05458,0.2843151390552521
test_05459,0.006528641562908888
test_05460,0.9979183077812195
test_05461,2.7224710720474832e-05
test_05462,0.9999997615814209
test_05463,0.9969774484634399
test_05464,0.9999966621398926
test_05465,0.8462035059928894
test_05466,0.9445045590400696
test_05467,0.9551531672477722
test_05468,0.7888442277908325
test_05469,0.698100745677948
test_05470,2.8615738667525648e-09
test_05471,0.00047462419024668634
test_05472,0.5395150184631348
test_05473,0.07316888868808746
test_05474,0.0003183905500918627
test_05475,0.7315998077392578
test_05476,0.000298101658700034
test_05477,0.08077691495418549
test_05478,0.7886393666267395
test_05479,0.9979550838470459
test_05480,2.296194725204259e-05
test_05481,0.9731085300445557
test_05482,0.03820684924721718
test_05483,0.9977591037750244
test_05484,4.384594376460882e-06
test_05485,9.441826477996074e-06
test_05486,0.34384000301361084
test_05487,0.1693664789199829
test_05488,0.9996427297592163
test_05489,0.0033447612076997757
test_05490,0.00011709517275448889
test_05491,0.9197743535041809
test_05492,4.198054375592619e-05
test_05493,0.5541757941246033
test_05494,0.9777341485023499
test_05495,0.9995383024215698
test_05496,0.8459779024124146
test_05497,0.006610935088247061
test_05498,0.29704549908638
test_05499,0.13499000668525696
test_05500,0.6387906074523926
test_05501,0.9218341708183289
test_05502,8.49474236019887e-05
test_05503,0.007500447332859039
test_05504,0.9985548853874207
test_05505,0.7045997977256775
test_05506,0.054407451301813126
test_05507,0.0013915580930188298
test_05508,0.9954735636711121
test_05509,0.0003494999255053699
test_05510,0.9976730942726135
test_05511,0.989963948726654
test_05512,0.0010039403568953276
test_05513,0.0005142801674082875
test_05514,0.0038604503497481346
test_05515,0.00020113357459194958
test_05516,0.2279413938522339
test_05517,0.34638866782188416
test_05518,1.3783032045466825e-05
test_05519,0.2713472247123718
test_05520,0.7186112403869629
test_05521,0.9967001080513
test_05522,0.025343840941786766
test_05523,0.29257649183273315
test_05524,0.9994208812713623
test_05525,0.023411668837070465
test_05526,0.34443390369415283
test_05527,0.9765322208404541
test_05528,2.009184299822664e-06
test_05529,0.9981774091720581
test_05530,0.0057290541008114815
test_05531,1.2473641390897683e-06
test_05532,0.986136794090271
test_05533,0.9407006502151489
test_05534,0.9999475479125977
test_05535,0.11706284433603287
test_05536,0.3868942856788635
test_05537,0.9973745346069336
test_05538,0.17587871849536896
test_05539,0.5242021679878235
test_05540,0.9995658993721008
test_05541,0.09215254336595535
test_05542,0.7571033239364624
test_05543,0.04770190641283989
test_05544,0.9615125060081482
test_05545,0.02020072005689144
test_05546,0.012450028210878372
test_05547,0.06526724249124527
test_05548,0.9992483258247375
test_05549,0.8580069541931152
test_05550,0.020219912752509117
test_05551,0.9999496936798096
test_05552,0.0009617795003578067
test_05553,0.9165893197059631
test_05554,0.990362286567688
test_05555,0.8201243877410889
test_05556,0.9905431866645813
test_05557,0.42021745443344116
test_05558,0.6219357848167419
test_05559,8.833127367324778e-07
test_05560,0.9306058883666992
test_05561,0.10881174355745316
test_05562,0.7966393828392029
test_05563,0.6999765038490295
test_05564,0.7999343276023865
test_05565,0.7610403299331665
test_05566,2.7843610951094888e-05
test_05567,0.9956216216087341
test_05568,0.816957414150238
test_05569,0.38653767108917236
test_05570,0.0001382051850669086
test_05571,0.9971351623535156
test_05572,0.7605467438697815
test_05573,0.931415855884552
test_05574,0.6965445876121521
test_05575,0.9825677275657654
test_05576,0.0018921790178865194
test_05577,0.9978601336479187
test_05578,0.9634259939193726
test_05579,0.8747310042381287
test_05580,0.9885247349739075
test_05581,4.845883267989848e-06
test_05582,0.9999988079071045
test_05583,0.04692494869232178
test_05584,0.9994014501571655
test_05585,0.0240445826202631
test_05586,0.7300108075141907
test_05587,0.0003799955593422055
test_05588,0.9970947504043579
test_05589,1.5198457958831568e-06
test_05590,0.992989182472229
test_05591,0.10889463126659393
test_05592,0.34171250462532043
test_05593,0.9999979734420776
test_05594,0.29282346367836
test_05595,0.9998759031295776
test_05596,0.8311425447463989
test_05597,0.004949869122356176
test_05598,0.9904243350028992
test_05599,0.033178698271512985
test_05600,0.9993911981582642
test_05601,0.9987004995346069
test_05602,0.14414863288402557
test_05603,0.9998959302902222
test_05604,0.9737393856048584
test_05605,0.9999395608901978
test_05606,0.0001808845263440162
test_05607,0.0032200501300394535
test_05608,0.18627966940402985
test_05609,0.17373232543468475
test_05610,0.9035377502441406
test_05611,0.17164480686187744
test_05612,0.7411717772483826
test_05613,0.7385674118995667
test_05614,0.5350134968757629
test_05615,0.9989012479782104
test_05616,7.53668700781418e-08
test_05617,0.0114452438428998
test_05618,0.0012089331867173314
test_05619,0.17718945443630219
test_05620,0.17806407809257507
test_05621,5.0394055506330915e-06
test_05622,0.931476354598999
test_05623,6.431050678656902e-07
test_05624,0.99992835521698
test_05625,0.10664940625429153
test_05626,0.9997351765632629
test_05627,0.0055869389325380325
test_05628,0.5898697972297668
test_05629,0.20068682730197906
test_05630,7.114178970368812e-06
test_05631,0.005050932057201862
test_05632,0.8985788226127625
test_05633,0.9999985694885254
test_05634,0.9551726579666138
test_05635,0.006069396156817675
test_05636,0.9993098974227905
test_05637,0.6636213660240173
test_05638,0.028156666085124016
test_05639,0.6234339475631714
test_05640,0.9999979734420776
test_05641,0.7141225337982178
test_05642,0.9999841451644897
test_05643,0.27977773547172546
test_05644,0.41444021463394165
test_05645,0.998722493648529
test_05646,0.02943326346576214
test_05647,0.2267516851425171
test_05648,5.309198604663834e-05
test_05649,0.02670525386929512
test_05650,0.9098010063171387
test_05651,0.6796236038208008
test_05652,0.5902681946754456
test_05653,0.0001437221944797784
test_05654,0.9149240851402283
test_05655,0.9839352369308472
test_05656,0.1264084279537201
test_05657,0.9915090799331665
test_05658,0.4266660511493683
test_05659,0.9621745347976685
test_05660,0.9899417757987976
test_05661,0.010351554490625858
test_05662,0.7714478373527527
test_05663,0.9698833227157593
test_05664,0.9999986886978149
test_05665,0.266097754240036
test_05666,0.006946866866201162
test_05667,0.9218499660491943
test_05668,0.9339355230331421
test_05669,0.9980971217155457
test_05670,0.02771507389843464
test_05671,0.012754329480230808
test_05672,0.9999837875366211
test_05673,0.05596648156642914
test_05674,0.0028674001805484295
test_05675,0.4604235291481018
test_05676,0.0007578158983960748
test_05677,0.006532995030283928
test_05678,0.02435602806508541
test_05679,0.9999749660491943
test_05680,9.129502842597503e-08
test_05681,3.225774491966149e-07
test_05682,0.9936642646789551
test_05683,0.001884383033029735
test_05684,0.09399817883968353
test_05685,0.10908447951078415
test_05686,0.9999552965164185
test_05687,0.016480382531881332
test_05688,0.1104242280125618
test_05689,0.6479090452194214
test_05690,1.0159023986489046e-05
test_05691,0.9872844219207764
test_05692,0.22389985620975494
test_05693,0.9988369345664978
test_05694,0.834686279296875
test_05695,0.4676084816455841
test_05696,0.8899809718132019
test_05697,0.551632821559906
test_05698,5.301217697706306e-06
test_05699,0.9582662582397461
test_05700,0.9999984502792358
test_05701,0.9975675344467163
test_05702,0.665284276008606
test_05703,0.9999587535858154
test_05704,0.8374111652374268
test_05705,0.0394897535443306
test_05706,0.04616491496562958
test_05707,0.9968427419662476
test_05708,0.49960917234420776
test_05709,0.08013264834880829
test_05710,0.4872460961341858
test_05711,0.007705667521804571
test_05712,0.9111286997795105
test_05713,0.22551311552524567
test_05714,0.9999748468399048
test_05715,0.6361727714538574
test_05716,0.9999781847000122
test_05717,0.10224985331296921
test_05718,0.994212806224823
test_05719,0.0036040344275534153
test_05720,0.009820527397096157
test_05721,0.9903258085250854
test_05722,0.709475040435791
test_05723,0.042467664927244186
test_05724,0.993553876876831
test_05725,0.10049829632043839
test_05726,0.6289197206497192
test_05727,0.9396958947181702
test_05728,0.8796095252037048
test_05729,4.917258775094524e-05
test_05730,0.9966128468513489
test_05731,0.999272882938385
test_05732,0.0031794277019798756
test_05733,0.9841460585594177
test_05734,0.8468157052993774
test_05735,0.0803937092423439
test_05736,0.009286745451390743
test_05737,0.011646213941276073
test_05738,0.10124426335096359
test_05739,0.33810290694236755
test_05740,0.6118337512016296
test_05741,3.718371544891852e-06
test_05742,2.3480009758714004e-07
test_05743,0.0002542603760957718
test_05744,0.005862705875188112
test_05745,0.5871902704238892
test_05746,0.1999114602804184
test_05747,0.10110756009817123
test_05748,0.0018671295838430524
test_05749,0.9998327493667603
test_05750,0.02824462577700615
test_05751,0.8059670329093933
test_05752,0.00045985638280399144
test_05753,0.00018252752488479018
test_05754,0.9997463822364807
test_05755,0.9999998807907104
test_05756,0.3603193461894989
test_05757,0.8269403576850891
test_05758,0.028001582249999046
test_05759,0.8658701181411743
test_05760,0.9998960494995117
test_05761,0.907528281211853
test_05762,0.6681950688362122
test_05763,0.38588303327560425
test_05764,0.9987492561340332
test_05765,0.9658921360969543
test_05766,0.21871913969516754
test_05767,0.8653879761695862
test_05768,0.9871147871017456
test_05769,0.41823744773864746
test_05770,0.9994522929191589
test_05771,0.6653417944908142
test_05772,0.5476916432380676
test_05773,0.993108868598938
test_05774,0.8052123188972473
test_05775,0.8619948625564575
test_05776,0.002485179342329502
test_05777,0.8602561354637146
test_05778,0.9631036520004272
test_05779,0.3494885563850403
test_05780,0.240827739238739
test_05781,0.8619898557662964
test_05782,0.7465334534645081
test_05783,0.6059912443161011
test_05784,0.9954200983047485
test_05785,0.9903545379638672
test_05786,0.7762367129325867
test_05787,0.026951435953378677
test_05788,0.9984942674636841
test_05789,0.7561522126197815
test_05790,0.19940128922462463
test_05791,0.0006273464532569051
test_05792,0.10277671366930008
test_05793,0.7972529530525208
test_05794,0.9973433613777161
test_05795,0.9910047054290771
test_05796,0.9991697072982788
test_05797,0.9988706707954407
test_05798,0.8907639980316162
test_05799,0.949702262878418
test_05800,0.029171977192163467
test_05801,0.17638489603996277
test_05802,0.058761853724718094
test_05803,0.3105703890323639
test_05804,0.9512301683425903
test_05805,0.9808176755905151
test_05806,0.7278910875320435
test_05807,0.002939040306955576
test_05808,0.8303561210632324
test_05809,0.002427533967420459
test_05810,0.9932311773300171
test_05811,0.07341684401035309
test_05812,0.969667375087738
test_05813,0.9998630285263062
test_05814,0.7414291501045227
test_05815,0.9697279334068298
test_05816,0.07810241729021072
test_05817,0.9995181560516357
test_05818,0.9999979734420776
test_05819,0.9827385544776917
test_05820,0.04449731484055519
test_05821,0.8492955565452576
test_05822,0.05807230621576309
test_05823,0.9623240828514099
test_05824,0.0001407768577337265
test_05825,7.212606305984082e-06
test_05826,0.6626314520835876
test_05827,0.004670466296374798
test_05828,0.03971891850233078
test_05829,0.028429796919226646
test_05830,6.260026566451415e-05
test_05831,0.001022367738187313
test_05832,0.7811831831932068
test_05833,0.13539256155490875
test_05834,0.014716771431267262
test_05835,0.9995924830436707
test_05836,0.9158778786659241
test_05837,0.5982292890548706
test_05838,0.0007293031085282564
test_05839,0.705729067325592
test_05840,0.9998648166656494
test_05841,0.051433395594358444
test_05842,0.030896447598934174
test_05843,0.9215027093887329
test_05844,0.005422464106231928
test_05845,5.057663656771183e-07
test_05846,0.4544745087623596
test_05847,0.9997543692588806
test_05848,0.038609787821769714
test_05849,2.6949915081786457e-06
test_05850,0.6351972222328186
test_05851,0.4743511974811554
test_05852,0.9983695149421692
test_05853,0.4147334694862366
test_05854,0.32021206617355347
test_05855,0.9989839196205139
test_05856,0.2548438012599945
test_05857,0.007959366776049137
test_05858,0.0010219179093837738
test_05859,5.465475260280073e-05
test_05860,0.01726439595222473
test_05861,1.7499536625109613e-05
test_05862,0.01284047495573759
test_05863,0.27904921770095825
test_05864,0.10091022402048111
test_05865,0.5898318886756897
test_05866,0.6813925504684448
test_05867,0.9924039244651794
test_05868,0.7276349663734436
test_05869,0.9996129870414734
test_05870,0.0021197099704295397
test_05871,0.9869556427001953
test_05872,0.9993337988853455
test_05873,0.025965537875890732
test_05874,0.9309809803962708
test_05875,0.0005570620996877551
test_05876,0.02582453563809395
test_05877,0.9945659637451172
test_05878,0.8707671165466309
test_05879,0.9987899661064148
test_05880,0.41106346249580383
test_05881,0.9879647493362427
test_05882,0.8470978736877441
test_05883,0.9990578293800354
test_05884,0.9857843518257141
test_05885,0.0121493274345994
test_05886,0.2787081003189087
test_05887,0.044200342148542404
test_05888,0.0461534708738327
test_05889,0.34316354990005493
test_05890,0.0026897231582552195
test_05891,7.619077950948849e-05
test_05892,0.4008886516094208
test_05893,0.13119445741176605
test_05894,0.8649599552154541
test_05895,0.0014398435596376657
test_05896,0.9986886382102966
test_05897,0.9520434141159058
test_05898,0.0005691202240996063
test_05899,0.9999990463256836
test_05900,0.16846917569637299
test_05901,0.958418607711792
test_05902,0.056277066469192505
test_05903,0.06268558651208878
test_05904,0.0011725471122190356
test_05905,0.6763433218002319
test_05906,0.0011033009504899383
test_05907,0.07182212918996811
test_05908,0.0003196387260686606
test_05909,0.9887152314186096
test_05910,0.7247318029403687
test_05911,0.0027340189553797245
test_05912,0.6656984090805054
test_05913,0.04723146930336952
test_05914,2.3101596525521018e-05
test_05915,0.9756459593772888
test_05916,0.5300499796867371
test_05917,0.00045273039722815156
test_05918,0.6815071702003479
test_05919,0.6529797911643982
test_05920,0.0005640824092552066
test_05921,0.9999923706054688
test_05922,0.9994041919708252
test_05923,0.9999852180480957
test_05924,2.7061971650255146e-06
test_05925,0.0018137902952730656
test_05926,0.3265035152435303
test_05927,0.13848739862442017
test_05928,0.9999699592590332
test_05929,2.029661800406757e-06
test_05930,0.001173961441963911
test_05931,0.897095263004303
test_05932,9.944652390458941e-08
test_05933,0.059528954327106476
test_05934,0.0023209122009575367
test_05935,2.1349042071960866e-05
test_05936,0.9741542935371399
test_05937,0.03046327829360962
test_05938,0.4506649076938629
test_05939,3.368950274307281e-08
test_05940,0.30274128913879395
test_05941,0.9893397688865662
test_05942,2.2583411407595122e-07
test_05943,0.9999978542327881
test_05944,0.09042486548423767
test_05945,0.0004846628289669752
test_05946,0.05378880724310875
test_05947,0.9997645020484924
test_05948,0.9999943971633911
test_05949,0.9991747736930847
test_05950,4.313917816034518e-05
test_05951,0.6982707381248474
test_05952,0.10778633505105972
test_05953,0.7428445816040039
test_05954,0.06138337031006813
test_05955,0.8542436957359314
test_05956,0.4493502974510193
test_05957,0.00010287369514117017
test_05958,2.8155618565506302e-05
test_05959,0.9998704195022583
test_05960,0.0008735303417779505
test_05961,0.23472779989242554
test_05962,0.9992426633834839
test_05963,0.4131852686405182
test_05964,0.39411550760269165
test_05965,0.9270667433738708
test_05966,0.00014433181786444038
test_05967,0.8617416620254517
test_05968,0.9932286143302917
test_05969,0.0037634787149727345
test_05970,0.8902781009674072
test_05971,1.1907434327440569e-07
test_05972,0.7669612765312195
test_05973,2.5330399111567203e-08
test_05974,0.061715662479400635
test_05975,0.9999963045120239
test_05976,0.1945151388645172
test_05977,0.9999252557754517
test_05978,0.7893163561820984
test_05979,0.003640079637989402
test_05980,0.00018156466830987483
test_05981,0.9932235479354858
test_05982,0.9554111957550049
test_05983,0.0071782441809773445
test_05984,0.15561968088150024
test_05985,0.028815794736146927
test_05986,0.1683887541294098
test_05987,0.9999915361404419
test_05988,0.8335076570510864
test_05989,0.9251663088798523
test_05990,0.9965118765830994
test_05991,0.9799624681472778
test_05992,0.3297274708747864
test_05993,0.9782330989837646
test_05994,0.006346984766423702
test_05995,0.01850045844912529
test_05996,0.8423314690589905
test_05997,0.9587356448173523
test_05998,0.0013130165170878172
test_05999,0.20343689620494843
test_06000,0.9702812433242798
test_06001,0.9967325925827026
test_06002,0.9731133580207825
test_06003,0.9999996423721313
test_06004,0.00029542233096435666
test_06005,0.9998941421508789
test_06006,0.9983934760093689
test_06007,0.0005363111267797649
test_06008,0.009397391229867935
test_06009,1.2847118568970473e-06
test_06010,0.9718076586723328
test_06011,0.8781241178512573
test_06012,0.999948263168335
test_06013,0.8701717257499695
test_06014,0.07536453753709793
test_06015,0.013052073307335377
test_06016,0.0021262657828629017
test_06017,0.008502929471433163
test_06018,0.005019687581807375
test_06019,0.999534010887146
test_06020,0.06569831818342209
test_06021,2.345152779525961e-06
test_06022,0.0014402446104213595
test_06023,0.11267031729221344
test_06024,0.7145488858222961
test_06025,0.9087754487991333
test_06026,0.012864140793681145
test_06027,0.9996324777603149
test_06028,4.168692248640582e-05
test_06029,0.10239963978528976
test_06030,0.9654015898704529
test_06031,0.16883991658687592
test_06032,0.01337701827287674
test_06033,0.020145384594798088
test_06034,0.7543942332267761
test_06035,8.05986492196098e-05
test_06036,0.8048399090766907
test_06037,0.2788988947868347
test_06038,0.8199588656425476
test_06039,0.00012149391113780439
test_06040,0.6524616479873657
test_06041,0.06905530393123627
test_06042,0.9897962212562561
test_06043,0.008463654667139053
test_06044,0.9997863173484802
test_06045,0.40124958753585815
test_06046,0.05774856358766556
test_06047,0.004282189533114433
test_06048,0.9997938275337219
test_06049,0.007591004949063063
test_06050,0.00010544234100962058
test_06051,0.001713341916911304
test_06052,0.9998844861984253
test_06053,0.024671876803040504
test_06054,0.003226119326427579
test_06055,0.0005223415791988373
test_06056,0.9862982630729675
test_06057,0.9521752595901489
test_06058,0.999991774559021
test_06059,0.9912145137786865
test_06060,0.9993220567703247
test_06061,9.974929525924381e-06
test_06062,0.9603191018104553
test_06063,0.9418531060218811
test_06064,0.9974331259727478
test_06065,0.19572460651397705
test_06066,0.6488423943519592
test_06067,0.45009511709213257
test_06068,0.81730055809021
test_06069,0.9999967813491821
test_06070,0.10376771539449692
test_06071,8.348887058673427e-05
test_06072,0.9999817609786987
test_06073,0.9211893081665039
test_06074,0.4625677466392517
test_06075,2.2696983137393545e-07
test_06076,0.9999972581863403
test_06077,0.999862551689148
test_06078,0.5983854532241821
test_06079,0.4290122091770172
test_06080,0.8295652866363525
test_06081,0.9267881512641907
test_06082,0.9461030960083008
test_06083,0.29565301537513733
test_06084,0.10712672770023346
test_06085,1.0
test_06086,0.00016665786097291857
test_06087,0.36500421166419983
test_06088,0.107578806579113
test_06089,0.5026461482048035
test_06090,0.9999798536300659
test_06091,0.9502360820770264
test_06092,8.792146672931267e-07
test_06093,0.12237945199012756
test_06094,0.9962015748023987
test_06095,0.17808178067207336
test_06096,0.9999992847442627
test_06097,0.000189896221854724
test_06098,0.01065753772854805
test_06099,0.00015795939543750137
test_06100,0.0075502279214560986
test_06101,1.6258048844974837e-06
test_06102,0.688929557800293
test_06103,0.9986074566841125
test_06104,0.9458469748497009
test_06105,0.9974134564399719
test_06106,0.8516725897789001
test_06107,0.5343289971351624
test_06108,0.9551300406455994
test_06109,0.881609320640564
test_06110,0.9428010582923889
test_06111,0.060589518398046494
test_06112,0.04287228733301163
test_06113,2.1035830286564305e-05
test_06114,2.1697546870314e-08
test_06115,0.9998296499252319
test_06116,0.9982219338417053
test_06117,0.0012124497443437576
test_06118,0.0041166311129927635
test_06119,0.946923017501831
test_06120,0.8769424557685852
test_06121,0.5973746180534363
test_06122,0.005975294858217239
test_06123,0.016526665538549423
test_06124,0.44572970271110535
test_06125,0.6716766953468323
test_06126,0.4335789978504181
test_06127,0.00011762821668526158
test_06128,0.9911811351776123
test_06129,0.6067635416984558
test_06130,0.6378964185714722
test_06131,0.5376429557800293
test_06132,0.9964271187782288
test_06133,0.22106100618839264
test_06134,4.030169657198712e-05
test_06135,6.19421234659967e-06
test_06136,0.9865929484367371
test_06137,0.20514048635959625
test_06138,0.9935752749443054
test_06139,0.8597272634506226
test_06140,0.4026505947113037
test_06141,0.5876457095146179
test_06142,0.15581800043582916
test_06143,9.412293366040103e-06
test_06144,0.9999744892120361
test_06145,0.8827810287475586
test_06146,0.00993484165519476
test_06147,0.9998873472213745
test_06148,0.008184963837265968
test_06149,3.090866084676236e-05
test_06150,1.3583361351265921e-06
test_06151,0.7859452962875366
test_06152,0.0009663790697231889
test_06153,0.5238990783691406
test_06154,0.014420521445572376
test_06155,0.8781295418739319
test_06156,0.009455223567783833
test_06157,0.006550178397446871
test_06158,0.0078340545296669
test_06159,0.1246350035071373
test_06160,0.9889857769012451
test_06161,0.33091187477111816
test_06162,0.5002986788749695
test_06163,0.9996843338012695
test_06164,0.5883199572563171
test_06165,0.07502008974552155
test_06166,0.23926357924938202
test_06167,0.4464527666568756
test_06168,0.5973426103591919
test_06169,0.9925290942192078
test_06170,0.9073180556297302
test_06171,0.0011495101498439908
test_06172,0.9001991748809814
test_06173,0.9999988079071045
test_06174,0.05382011830806732
test_06175,9.728403711051214e-06
test_06176,0.7643113732337952
test_06177,0.9999997615814209
test_06178,0.5510789155960083
test_06179,0.39268070459365845
test_06180,0.6036567687988281
test_06181,0.0003616464091464877
test_06182,0.00035490194568410516
test_06183,0.9999632835388184
test_06184,0.9979401230812073
test_06185,0.7005725502967834
test_06186,0.9998136162757874
test_06187,0.0006139941979199648
test_06188,0.5273184180259705
test_06189,0.0002226841461379081
test_06190,0.5506419539451599
test_06191,4.607793471222976e-06
test_06192,0.8425041437149048
test_06193,0.6569254398345947
test_06194,0.8833796977996826
test_06195,0.014739557169377804
test_06196,1.621098635951057e-05
test_06197,0.5118411779403687
test_06198,0.082837775349617
test_06199,0.9999663829803467
test_06200,0.9999206066131592
test_06201,0.9677414298057556
test_06202,0.02395057864487171
test_06203,0.08911870419979095
test_06204,0.16103507578372955
test_06205,0.9816437363624573
test_06206,0.030571039766073227
test_06207,0.04011352360248566
test_06208,0.0009863845771178603
test_06209,0.6806686520576477
test_06210,0.9964147806167603
test_06211,0.9459097981452942
test_06212,0.9910109043121338
test_06213,0.17000825703144073
test_06214,0.9995788931846619
test_06215,0.9998830556869507
test_06216,0.41124841570854187
test_06217,0.7893068790435791
test_06218,0.6948254704475403
test_06219,0.6764973402023315
test_06220,1.8142075077776099e-06
test_06221,0.33176755905151367
test_06222,0.03520487621426582
test_06223,6.07311037015279e-08
test_06224,0.06465237587690353
test_06225,0.9994962215423584
test_06226,0.8863705992698669
test_06227,0.00012532173423096538
test_06228,0.8001866340637207
test_06229,3.326129444758408e-05
test_06230,0.1989777684211731
test_06231,0.0011205609189346433
test_06232,0.1044342890381813
test_06233,0.9659974575042725
test_06234,0.9999995231628418
test_06235,0.0006526874494738877
test_06236,0.07494696229696274
test_06237,0.14333699643611908
test_06238,0.5452982783317566
test_06239,0.9962064027786255
test_06240,0.42430198192596436
test_06241,0.8058618307113647
test_06242,0.04476489499211311
test_06243,0.9999592304229736
test_06244,0.9577110409736633
test_06245,0.9741711020469666
test_06246,0.9999910593032837
test_06247,0.9309446215629578
test_06248,0.9983951449394226
test_06249,0.9921073317527771
test_06250,0.9891063570976257
test_06251,0.07299775630235672
test_06252,0.9948794841766357
test_06253,0.49641433358192444
test_06254,0.990664005279541
test_06255,2.6286001229891554e-05
test_06256,0.02766655758023262
test_06257,0.030886469408869743
test_06258,0.999976634979248
test_06259,0.9708760380744934
test_06260,0.9927331209182739
test_06261,0.06679927557706833
test_06262,0.9628182649612427
test_06263,0.5263830423355103
test_06264,0.5661928057670593
test_06265,0.8410334587097168
test_06266,0.9999982118606567
test_06267,0.9990776777267456
test_06268,0.9999773502349854
test_06269,0.07871685177087784
test_06270,0.08176692575216293
test_06271,0.5543457865715027
test_06272,0.9902753829956055
test_06273,0.26995140314102173
test_06274,0.9672972559928894
test_06275,0.9905756711959839
test_06276,0.06936196982860565
test_06277,0.9992243051528931
test_06278,0.9738931059837341
test_06279,0.0003989058895967901
test_06280,0.8412495851516724
test_06281,0.9771668314933777
test_06282,0.9999752044677734
test_06283,0.33392196893692017
test_06284,0.3383823335170746
test_06285,0.3250751793384552
test_06286,0.9928334951400757
test_06287,0.004305714275687933
test_06288,0.9912728667259216
test_06289,0.209857776761055
test_06290,0.2221508026123047
test_06291,0.00031397544080391526
test_06292,1.028144106385298e-05
test_06293,6.931013558642007e-07
test_06294,0.8954439163208008
test_06295,1.5386942322948016e-05
test_06296,0.009808959439396858
test_06297,0.7727742195129395
test_06298,0.9982498288154602
test_06299,0.9990474581718445
test_06300,0.3509970009326935
test_06301,0.36779648065567017
test_06302,0.1359950304031372
test_06303,0.05297909304499626
test_06304,0.7540428042411804
test_06305,0.05031279847025871
test_06306,0.030344631522893906
test_06307,0.41562971472740173
test_06308,0.9968337416648865
test_06309,0.9999927282333374
test_06310,5.996628260618309e-07
test_06311,0.06900335103273392
test_06312,0.0003175369347445667
test_06313,0.4481354355812073
test_06314,0.28372085094451904
test_06315,0.6717272400856018
test_06316,0.3909461498260498
test_06317,0.6276222467422485
test_06318,0.9999992847442627
test_06319,0.19401881098747253
test_06320,0.9857802987098694
test_06321,0.45207247138023376
test_06322,0.9989940524101257
test_06323,0.4006125032901764
test_06324,0.0002962453290820122
test_06325,0.9922434687614441
test_06326,0.9997592568397522
test_06327,2.817302402036148e-06
test_06328,0.9969137907028198
test_06329,0.9507100582122803
test_06330,0.0003941977920476347
test_06331,0.006687723565846682
test_06332,0.018237443640828133
test_06333,0.6735882759094238
test_06334,0.053464412689208984
test_06335,0.9128495454788208
test_06336,0.10370919853448868
test_06337,4.309842552174814e-05
test_06338,0.9969655871391296
test_06339,0.7754784822463989
test_06340,0.9994120597839355
test_06341,0.018422627821564674
test_06342,0.998507559299469
test_06343,0.9949245452880859
test_06344,0.20289072394371033
test_06345,0.009949332103133202
test_06346,0.9322339296340942
test_06347,0.29547929763793945
test_06348,0.9061871767044067
test_06349,0.00788381602615118
test_06350,0.3947314918041229
test_06351,0.99607914686203
test_06352,0.1430547833442688
test_06353,9.333210618933663e-05
test_06354,0.7994357347488403
test_06355,0.37736010551452637
test_06356,0.7978801727294922
test_06357,0.00013228596071712673
test_06358,0.39168301224708557
test_06359,0.9955554604530334
test_06360,0.4515147805213928
test_06361,0.0545913502573967
test_06362,8.199887815862894e-06
test_06363,0.5058177709579468
test_06364,0.9954807758331299
test_06365,0.00033196876756846905
test_06366,0.06750572472810745
test_06367,0.9787817597389221
test_06368,0.9997497200965881
test_06369,0.999477207660675
test_06370,0.9212605357170105
test_06371,0.07067140936851501
test_06372,0.9989720582962036
test_06373,0.9957666397094727
test_06374,0.9900936484336853
test_06375,0.00035124283749610186
test_06376,0.0003515523858368397
test_06377,0.9778144955635071
test_06378,0.3596869111061096
test_06379,0.00020264217164367437
test_06380,0.5926679372787476
test_06381,0.00135241134557873
test_06382,0.9997208714485168
test_06383,0.8870370388031006
test_06384,0.957217812538147
test_06385,0.0022009550593793392
test_06386,0.9830942749977112
test_06387,0.9992621541023254
test_06388,0.9999868869781494
test_06389,0.003058446105569601
test_06390,0.8073439002037048
test_06391,0.015109817497432232
test_06392,0.08760213106870651
test_06393,0.003514134092256427
test_06394,0.9951930046081543
test_06395,0.0646248310804367
test_06396,0.1993659883737564
test_06397,0.0005769963026978076
test_06398,0.9721493721008301
test_06399,0.012517365626990795
test_06400,0.00015798666572663933
test_06401,0.8206714987754822
test_06402,0.9991801381111145
test_06403,0.8523730635643005
test_06404,4.9497215513838455e-05
test_06405,0.0002649348462000489
test_06406,9.625024404158466e-07
test_06407,0.025932015851140022
test_06408,0.01960224285721779
test_06409,0.8956446647644043
test_06410,0.922404944896698
test_06411,0.8822699189186096
test_06412,0.010043664835393429
test_06413,0.008859522640705109
test_06414,0.9998314380645752
test_06415,0.9277041554450989
test_06416,0.9908400177955627
test_06417,0.7032517790794373
test_06418,0.14189507067203522
test_06419,0.8172855377197266
test_06420,0.613163948059082
test_06421,0.9978225231170654
test_06422,0.9999165534973145
test_06423,0.4820472300052643
test_06424,0.9869976043701172
test_06425,0.832900881767273
test_06426,0.12232756614685059
test_06427,0.006809592247009277
test_06428,0.8111971616744995
test_06429,0.0052460976876318455
test_06430,0.4221867620944977
test_06431,0.9924635887145996
test_06432,4.8424732085550204e-05
test_06433,0.09255438297986984
test_06434,0.9978530406951904
test_06435,0.2822568416595459
test_06436,0.009416703134775162
test_06437,0.1299571394920349
test_06438,0.00013847099035046995
test_06439,0.9999958276748657
test_06440,0.001338210073299706
test_06441,0.7763152718544006
test_06442,0.14074885845184326
test_06443,0.015660054981708527
test_06444,4.0882572648115456e-05
test_06445,1.3629230579681462e-06
test_06446,0.6493369340896606
test_06447,0.09651412814855576
test_06448,0.9851905703544617
test_06449,0.05735045671463013
test_06450,0.972855269908905
test_06451,0.9999597072601318
test_06452,0.9859929084777832
test_06453,0.48258766531944275
test_06454,0.9993970394134521
test_06455,0.9977912902832031
test_06456,0.0016311195213347673
test_06457,0.01846843585371971
test_06458,0.29164424538612366
test_06459,0.8499200344085693
test_06460,0.038034837692976
test_06461,6.027478072212489e-09
test_06462,0.9999319314956665
test_06463,0.45901966094970703
test_06464,0.0013027566019445658
test_06465,0.5810620188713074
test_06466,0.49005967378616333
test_06467,0.9801797866821289
test_06468,1.6477672033943236e-05
test_06469,0.9969657063484192
test_06470,0.7422501444816589
test_06471,0.3343864977359772
test_06472,0.20075096189975739
test_06473,0.9999997615814209
test_06474,0.0003012932138517499
test_06475,0.9501555562019348
test_06476,0.8080684542655945
test_06477,9.774165846465621e-06
test_06478,0.9986332058906555
test_06479,0.5781861543655396
test_06480,0.9999200105667114
test_06481,0.7904636859893799
test_06482,0.4394979774951935
test_06483,5.283784048515372e-06
test_06484,2.5151364752673544e-05
test_06485,0.054076120257377625
test_06486,0.39285045862197876
test_06487,0.0010899287881329656
test_06488,0.9923336505889893
test_06489,9.955849122889049e-08
test_06490,0.8345123529434204
test_06491,0.0001832395064411685
test_06492,0.3540347218513489
test_06493,0.005105121992528439
test_06494,0.8550381064414978
test_06495,0.0003059197624679655
test_06496,0.004836900159716606
test_06497,0.23223024606704712
test_06498,0.9997232556343079
test_06499,1.546731436974369e-05
test_06500,0.46774187684059143
test_06501,0.7551605701446533
test_06502,0.9999949932098389
test_06503,0.6625816822052002
test_06504,2.7623853384284303e-05
test_06505,8.693303243489936e-05
test_06506,0.01080478634685278
test_06507,0.28011414408683777
test_06508,0.9991942048072815
test_06509,0.009016976691782475
test_06510,0.5167526602745056
test_06511,0.8598829507827759
test_06512,0.6044962406158447
test_06513,0.9981095790863037
test_06514,0.017457274720072746
test_06515,0.9989125728607178
test_06516,0.9999961853027344
test_06517,0.7245607376098633
test_06518,0.30838823318481445
test_06519,0.500883162021637
test_06520,0.07641267776489258
test_06521,0.9985206723213196
test_06522,0.9789354205131531
test_06523,0.9966177344322205
test_06524,0.000152238440932706
test_06525,0.5206150412559509
test_06526,0.9988436698913574
test_06527,0.04241840913891792
test_06528,0.9410945177078247
test_06529,0.034395482391119
test_06530,0.015898847952485085
test_06531,0.8411179184913635
test_06532,0.6449434757232666
test_06533,0.9984122514724731
test_06534,0.9999456405639648
test_06535,0.9965025186538696
test_06536,0.49102815985679626
test_06537,8.216210289901937e-07
test_06538,0.9848092198371887
test_06539,0.46086421608924866
test_06540,0.04076244682073593
test_06541,0.3083310127258301
test_06542,0.17369788885116577
test_06543,0.04911690205335617
test_06544,0.9999516010284424
test_06545,0.9935448169708252
test_06546,0.188875213265419
test_06547,0.7369084358215332
test_06548,0.9999905824661255
test_06549,0.06600239127874374
test_06550,0.8021076917648315
test_06551,1.3301364560902584e-06
test_06552,0.5111045837402344
test_06553,0.9999768733978271
test_06554,0.01042226143181324
test_06555,0.24096891283988953
test_06556,0.9999904632568359
test_06557,0.36217933893203735
test_06558,0.06810857355594635
test_06559,0.007039038930088282
test_06560,0.0012458782875910401
test_06561,0.8035610914230347
test_06562,0.0204031839966774
test_06563,0.0020974702201783657
test_06564,0.8578692674636841
test_06565,0.9565300941467285
test_06566,0.8762624859809875
test_06567,0.509807288646698
test_06568,0.005951907020062208
test_06569,0.015965277329087257
test_06570,6.892749752296368e-06
test_06571,0.0018713268218562007
test_06572,0.003668876364827156
test_06573,0.40442001819610596
test_06574,0.0314139761030674
test_06575,5.445491751743248e-06
test_06576,0.9414469003677368
test_06577,0.007637304253876209
test_06578,0.9990215301513672
test_06579,0.8154018521308899
test_06580,0.8656274080276489
test_06581,0.007902950048446655
test_06582,0.9947541952133179
test_06583,0.013031445443630219
test_06584,0.9988530874252319
test_06585,0.5847136378288269
test_06586,0.46334412693977356
test_06587,0.6681939363479614
test_06588,2.7500449505168945e-05
test_06589,0.9974128603935242
test_06590,0.009046658873558044
test_06591,9.664997196523473e-05
test_06592,0.9737178087234497
test_06593,0.9477787613868713
test_06594,0.9999864101409912
test_06595,0.16110137104988098
test_06596,0.9790496230125427
test_06597,0.0322725735604763
test_06598,0.0008446929859928787
test_06599,2.144364401601706e-07
test_06600,0.5084811449050903
test_06601,4.4103168761466804e-07
test_06602,0.017580902203917503
test_06603,0.0015524884220212698
test_06604,0.06789085268974304
test_06605,0.05919450893998146
test_06606,0.5422691106796265
test_06607,0.0002087512839352712
test_06608,0.9999997615814209
test_06609,0.7042928338050842
test_06610,0.534957230091095
test_06611,0.4730854332447052
test_06612,1.5725746607131441e-06
test_06613,0.00011902392725460231
test_06614,0.0207186508923769
test_06615,0.00023978081298992038
test_06616,0.9568207263946533
test_06617,0.9467015862464905
test_06618,0.3490346074104309
test_06619,0.2733275294303894
test_06620,0.1346612423658371
test_06621,1.0640525260896538e-06
test_06622,0.28205040097236633
test_06623,0.3154876232147217
test_06624,0.9980839490890503
test_06625,0.9999808073043823
test_06626,9.997022516472498e-07
test_06627,0.0010294282110407948
test_06628,0.17855754494667053
test_06629,0.00033606382203288376
test_06630,0.00026790061383508146
test_06631,3.0636096198577434e-05
test_06632,1.3105129255563952e-05
test_06633,0.013246104121208191
test_06634,0.8547542691230774
test_06635,0.8949751853942871
test_06636,8.293287828564644e-05
test_06637,0.4151220917701721
test_06638,5.790162686025724e-05
test_06639,0.9912503957748413
test_06640,0.06331449002027512
test_06641,0.5702477693557739
test_06642,0.017205405980348587
test_06643,0.9999247789382935
test_06644,0.9888097643852234
test_06645,0.9940845370292664
test_06646,0.16704221069812775
test_06647,0.9982022047042847
test_06648,0.31974920630455017
test_06649,0.5883249044418335
test_06650,0.41371721029281616
test_06651,0.2502802014350891
test_06652,0.0003705848939716816
test_06653,0.988584041595459
test_06654,0.15808609127998352
test_06655,0.16652438044548035
test_06656,0.9993694424629211
test_06657,0.9076853394508362
test_06658,3.977058076998219e-05
test_06659,0.8883468508720398
test_06660,0.8793075680732727
test_06661,0.2576085925102234
test_06662,0.0510600320994854
test_06663,0.1472553312778473
test_06664,7.780222949804738e-05
test_06665,0.5508489012718201
test_06666,0.025154486298561096
test_06667,0.9986685514450073
test_06668,0.16400116682052612
test_06669,0.0007156775682233274
test_06670,0.8874558210372925
test_06671,0.9996606111526489
test_06672,0.12240356206893921
test_06673,0.44238990545272827
test_06674,0.9999711513519287
test_06675,0.52178555727005
test_06676,0.9941239953041077
test_06677,0.9980635046958923
test_06678,0.721497654914856
test_06679,0.021302152425050735
test_06680,0.554573118686676
test_06681,0.32126423716545105
test_06682,0.09282613545656204
test_06683,0.9990354776382446
test_06684,0.250061959028244
test_06685,0.8986513018608093
test_06686,0.059528812766075134
test_06687,0.23302128911018372
test_06688,0.5868644714355469
test_06689,0.5999407768249512
test_06690,0.9998039603233337
test_06691,0.01987891085445881
test_06692,0.7487790584564209
test_06693,0.9824426174163818
test_06694,0.8986386060714722
test_06695,0.04951311647891998
test_06696,0.9678135514259338
test_06697,0.9999649524688721
test_06698,0.004582282621413469
test_06699,0.032733116298913956
test_06700,0.9998270869255066
test_06701,0.9993757605552673
test_06702,0.16498519480228424
test_06703,0.5767335295677185
test_06704,0.8602768778800964
test_06705,0.9995135068893433
test_06706,0.7738516926765442
test_06707,5.5817017710069194e-05
test_06708,0.6116558313369751
test_06709,0.9674792289733887
test_06710,0.8806076645851135
test_06711,0.9999600648880005
test_06712,0.0002648073132149875
test_06713,0.9935384392738342
test_06714,0.8108683824539185
test_06715,5.210637391428463e-05
test_06716,0.6363393068313599
test_06717,0.4882507026195526
test_06718,0.9982404708862305
test_06719,0.8272119164466858
test_06720,0.9437750577926636
test_06721,0.00018089280638378114
test_06722,0.9940939545631409
test_06723,0.9999700784683228
test_06724,7.051975359217977e-08
test_06725,0.5282291769981384
test_06726,0.804771900177002
test_06727,0.8428780436515808
test_06728,9.500604392087553e-07
test_06729,0.0001519144861958921
test_06730,0.3156431317329407
test_06731,0.4874037206172943
test_06732,0.725732684135437
test_06733,0.8290078043937683
test_06734,0.07765132188796997
test_06735,0.5864977240562439
test_06736,0.9496602416038513
test_06737,0.9995102882385254
test_06738,0.35976842045783997
test_06739,0.8679958581924438
test_06740,0.9980236291885376
test_06741,0.9667991995811462
test_06742,0.9869526624679565
test_06743,0.8495880961418152
test_06744,0.44031184911727905
test_06745,0.0018192119896411896
test_06746,0.9968891739845276
test_06747,0.9999896287918091
test_06748,0.033293839544057846
test_06749,0.9996733665466309
test_06750,0.6265095472335815
test_06751,0.4191972315311432
test_06752,0.00023391403374262154
test_06753,3.0193314159987494e-05
test_06754,0.010400493629276752
test_06755,0.9673758149147034
test_06756,1.5722310990895494e-06
test_06757,0.9999997615814209
test_06758,4.542824171949178e-06
test_06759,0.6302229762077332
test_06760,0.7447617650032043
test_06761,0.9998161196708679
test_06762,0.9999994039535522
test_06763,0.9998774528503418
test_06764,0.7428670525550842
test_06765,0.9469672441482544
test_06766,0.07422047108411789
test_06767,4.829546469409252e-07
test_06768,0.4908323287963867
test_06769,1.3722182075071032e-06
test_06770,0.28019338846206665
test_06771,0.9330524206161499
test_06772,0.00356246973387897
test_06773,0.9999988079071045
test_06774,0.3510102927684784
test_06775,5.694054152627359e-07
test_06776,0.9999438524246216
test_06777,0.9991812109947205
test_06778,0.8164058923721313
test_06779,0.06510971486568451
test_06780,0.9999496936798096
test_06781,0.9701151251792908
test_06782,0.6308526396751404
test_06783,0.7936909794807434
test_06784,0.00010762149031506851
test_06785,0.9768449068069458
test_06786,0.9999513626098633
test_06787,4.0772357579044183e-07
test_06788,4.756171256303787e-05
test_06789,0.7379781603813171
test_06790,0.9700788855552673
test_06791,0.26451605558395386
test_06792,0.922624409198761
test_06793,0.0007087106350809336
test_06794,0.6873919367790222
test_06795,0.005480371415615082
test_06796,0.9964809417724609
test_06797,0.9793521761894226
test_06798,0.9962376356124878
test_06799,0.47866833209991455
test_06800,0.0050791045650839806
test_06801,0.5334118008613586
test_06802,0.02178960107266903
test_06803,0.16784901916980743
test_06804,0.9712266325950623
test_06805,0.5430285334587097
test_06806,0.9999997615814209
test_06807,0.03671199828386307
test_06808,0.999334990978241
test_06809,0.9988705515861511
test_06810,0.5402135252952576
test_06811,0.9984834790229797
test_06812,0.8428037166595459
test_06813,0.9997337460517883
test_06814,0.9988214373588562
test_06815,0.9999569654464722
test_06816,0.9998838901519775
test_06817,0.08466364443302155
test_06818,0.975784420967102
test_06819,0.9997397065162659
test_06820,0.03469346463680267
test_06821,0.6390459537506104
test_06822,0.0006211684667505324
test_06823,0.01652420125901699
test_06824,0.7152628898620605
test_06825,0.0008507837192155421
test_06826,0.00036957269185222685
test_06827,0.03687151521444321
test_06828,0.9967701435089111
test_06829,0.9792158007621765
test_06830,0.0024711452424526215
test_06831,0.6499138474464417
test_06832,0.3577116131782532
test_06833,0.003931013401597738
test_06834,0.0018711808370426297
test_06835,0.043095264583826065
test_06836,0.0016548437997698784
test_06837,0.035183168947696686
test_06838,0.3604203164577484
test_06839,0.025224147364497185
test_06840,0.9993500113487244
test_06841,0.03208502382040024
test_06842,0.9958989024162292
test_06843,0.15580163896083832
test_06844,2.7230089472141117e-07
test_06845,0.007458747364580631
test_06846,0.8668783903121948
test_06847,0.9921658039093018
test_06848,0.0038842165376991034
test_06849,0.996483564376831
test_06850,0.17752496898174286
test_06851,0.02913791872560978
test_06852,0.5297269821166992
test_06853,0.48656001687049866
test_06854,0.9460839033126831
test_06855,0.00015755085041746497
test_06856,0.2490382343530655
test_06857,0.018643556162714958
test_06858,0.0024385577999055386
test_06859,0.7537076473236084
test_06860,0.29306963086128235
test_06861,0.0024711124133318663
test_06862,0.6489622592926025
test_06863,0.9898248314857483
test_06864,0.6880720853805542
test_06865,0.02709001488983631
test_06866,0.8811764717102051
test_06867,0.20081369578838348
test_06868,0.985309898853302
test_06869,0.42543265223503113
test_06870,0.9999959468841553
test_06871,0.5959133505821228
test_06872,0.5135639905929565
test_06873,0.750822126865387
test_06874,0.6153565049171448
test_06875,0.01292681135237217
test_06876,0.0019331712974235415
test_06877,0.9999878406524658
test_06878,0.13498511910438538
test_06879,0.6734218597412109
test_06880,0.1182442158460617
test_06881,0.580753743648529
test_06882,0.8831450343132019
test_06883,0.9999971389770508
test_06884,2.088065230054781e-05
test_06885,0.233711838722229
test_06886,0.001919667818583548
test_06887,0.999256432056427
test_06888,0.013628820888698101
test_06889,0.21937179565429688
test_06890,0.015527904033660889
test_06891,0.056072551757097244
test_06892,0.08976035565137863
test_06893,0.7006286978721619
test_06894,0.0022716529201716185
test_06895,0.445473313331604
test_06896,0.9881182312965393
test_06897,0.6217902302742004
test_06898,0.0012517841532826424
test_06899,0.6379287838935852
test_06900,0.000649055524263531
test_06901,0.8713935017585754
test_06902,0.6205276250839233
test_06903,0.9940117001533508
test_06904,0.7071864604949951
test_06905,0.9981610178947449
test_06906,0.04594855010509491
test_06907,0.9979187846183777
test_06908,0.9969513416290283
test_06909,0.00016404570487793535
test_06910,0.9960749745368958
test_06911,0.8109461069107056
test_06912,8.786203397903591e-05
test_06913,0.4608124792575836
test_06914,0.9777646064758301
test_06915,0.6781766414642334
test_06916,0.9999957084655762
test_06917,0.003231436712667346
test_06918,0.9935674071311951
test_06919,0.6807493567466736
test_06920,0.08350624144077301
test_06921,0.9962484240531921
test_06922,0.9999923706054688
test_06923,0.9967118501663208
test_06924,0.20351438224315643
test_06925,2.755853302005562e-06
test_06926,0.16825030744075775
test_06927,0.014217865653336048
test_06928,1.4474013987353374e-08
test_06929,0.3456992506980896
test_06930,3.493229087325744e-05
test_06931,0.005410649813711643
test_06932,0.8395587801933289
test_06933,0.9998816251754761
test_06934,0.00021139760792721063
test_06935,0.0004317088460084051
test_06936,0.9905588626861572
test_06937,0.7336738109588623
test_06938,0.0001521777594462037
test_06939,4.6502460463671014e-05
test_06940,0.9984748959541321
test_06941,0.8939663171768188
test_06942,0.021056780591607094
test_06943,0.006232458166778088
test_06944,0.3713204264640808
test_06945,0.00013415342255029827
test_06946,0.0003718116204254329
test_06947,0.7930307388305664
test_06948,0.5497680902481079
test_06949,0.9962605834007263
test_06950,0.0819549411535263
test_06951,3.2268005725200055e-06
test_06952,0.9721460938453674
test_06953,0.01355606410652399
test_06954,0.7808175086975098
test_06955,0.9999939203262329
test_06956,0.8896581530570984
test_06957,0.7314595580101013
test_06958,0.9999934434890747
test_06959,0.00022479692415799946
test_06960,0.9271921515464783
test_06961,0.6934756636619568
test_06962,0.0004821612674277276
test_06963,0.6210291981697083
test_06964,0.9994938373565674
test_06965,0.7077339887619019
test_06966,7.348981512222963e-07
test_06967,0.001848501618951559
test_06968,6.427092557714786e-06
test_06969,0.11928056180477142
test_06970,0.9999128580093384
test_06971,0.948816180229187
test_06972,0.003250301582738757
test_06973,0.9676543474197388
test_06974,0.14094077050685883
test_06975,0.9195490479469299
test_06976,0.8629963994026184
test_06977,0.9751715660095215
test_06978,0.00010831550025613979
test_06979,0.30989158153533936
test_06980,0.8383397459983826
test_06981,0.9999926090240479
test_06982,0.9985259175300598
test_06983,5.077723926660838e-06
test_06984,0.720763623714447
test_06985,0.01811002381145954
test_06986,0.1768355667591095
test_06987,0.00771664222702384
test_06988,0.0032575009390711784
test_06989,0.5019214749336243
test_06990,0.9481984376907349
test_06991,0.99689781665802
test_06992,0.2842719554901123
test_06993,0.05290745198726654
test_06994,8.780801294960838e-07
test_06995,0.0010285733733326197
test_06996,0.08844982087612152
test_06997,0.4646020829677582
test_06998,0.00014815655595157295
test_06999,0.861598551273346
test_07000,0.06643538922071457
test_07001,0.8403382897377014
test_07002,0.9999972581863403
test_07003,0.4289010465145111
test_07004,0.80186927318573
test_07005,0.6356250047683716
test_07006,0.02129577286541462
test_07007,0.26445651054382324
test_07008,0.0021994151175022125
test_07009,0.9960581064224243
test_07010,0.32541075348854065
test_07011,0.9926602244377136
test_07012,0.8166057467460632
test_07013,0.3778057396411896
test_07014,0.9922160506248474
test_07015,0.7931631207466125
test_07016,0.9999998807907104
test_07017,2.5162111342069693e-05
test_07018,0.9951654672622681
test_07019,0.724124550819397
test_07020,0.0007743675960227847
test_07021,0.91288161277771
test_07022,0.07656057178974152
test_07023,0.38361993432044983
test_07024,0.0040135569870471954
test_07025,0.999982476234436
test_07026,0.9996546506881714
test_07027,0.011848698370158672
test_07028,0.999988317489624
test_07029,0.3058573603630066
test_07030,0.09485674649477005
test_07031,0.1156325414776802
test_07032,0.9795175790786743
test_07033,0.999966025352478
test_07034,0.019259370863437653
test_07035,0.1755957305431366
test_07036,0.00010224875586573035
test_07037,0.7781995534896851
test_07038,0.9971538782119751
test_07039,0.02789285220205784
test_07040,4.825306314160116e-05
test_07041,0.9633156061172485
test_07042,0.9988993406295776
test_07043,0.8481430411338806
test_07044,0.9999827146530151
test_07045,0.00562551012262702
test_07046,0.9996944665908813
test_07047,0.8290411233901978
test_07048,0.0028665370773524046
test_07049,0.8684214949607849
test_07050,0.9350605607032776
test_07051,3.520249811117537e-05
test_07052,0.9691734313964844
test_07053,0.00015118790906853974
test_07054,0.9994753003120422
test_07055,0.9998383522033691
test_07056,0.9999996423721313
test_07057,0.5259867310523987
test_07058,0.00749134412035346
test_07059,0.3347967267036438
test_07060,0.9983447790145874
test_07061,0.9996389150619507
test_07062,0.001910074963234365
test_07063,0.47228631377220154
test_07064,2.9970442483318038e-05
test_07065,0.018106162548065186
test_07066,0.6377473473548889
test_07067,0.9984099864959717
test_07068,0.6830734610557556
test_07069,0.9969413876533508
test_07070,0.005914931185543537
test_07071,0.6922524571418762
test_07072,0.9999984502792358
test_07073,0.3396545648574829
test_07074,0.9999971389770508
test_07075,0.9998103976249695
test_07076,0.6373213529586792
test_07077,0.0011438722722232342
test_07078,0.9999967813491821
test_07079,0.9990874528884888
test_07080,0.008708938956260681
test_07081,0.004014706239104271
test_07082,0.9962565898895264
test_07083,0.00012407833128236234
test_07084,0.20751598477363586
test_07085,0.13089461624622345
test_07086,0.999923825263977
test_07087,3.502170329738874e-06
test_07088,0.9999282360076904
test_07089,0.0052518295124173164
test_07090,0.9888638257980347
test_07091,0.002460517454892397
test_07092,0.9990942478179932
test_07093,0.4540233910083771
test_07094,0.8964712023735046
test_07095,0.0006845574826002121
test_07096,0.9764017462730408
test_07097,0.02792571298778057
test_07098,0.09934667497873306
test_07099,1.5369372704299167e-05
test_07100,0.5874837636947632
test_07101,0.9996874332427979
test_07102,0.9765037894248962
test_07103,0.9998776912689209
test_07104,0.7399234175682068
test_07105,0.0038731032982468605
test_07106,0.7887994647026062
test_07107,2.4300054064951837e-05
test_07108,0.21561716496944427
test_07109,0.7213026881217957
test_07110,0.6478965282440186
test_07111,0.17971308529376984
test_07112,0.9992121458053589
test_07113,0.008876492269337177
test_07114,0.9995323419570923
test_07115,0.9970075488090515
test_07116,0.27985063195228577
test_07117,0.028235433623194695
test_07118,1.3692181255464675e-06
test_07119,0.3117663860321045
test_07120,0.10001131892204285
test_07121,0.08214835822582245
test_07122,0.15156571567058563
test_07123,0.19439372420310974
test_07124,0.9999891519546509
test_07125,0.9660657644271851
test_07126,0.7042476534843445
test_07127,0.9990304708480835
test_07128,0.002015861216932535
test_07129,8.939893450587988e-05
test_07130,0.9219834208488464
test_07131,0.9976248145103455
test_07132,1.2689002687693574e-05
test_07133,0.08033877611160278
test_07134,0.021902596578001976
test_07135,0.19896157085895538
test_07136,0.36488771438598633
test_07137,0.9964210987091064
test_07138,0.004603174980729818
test_07139,0.3063574433326721
test_07140,0.26718199253082275
test_07141,0.07715421915054321
test_07142,6.429188215406612e-05
test_07143,0.7516125440597534
test_07144,0.030197609215974808
test_07145,0.0060029723681509495
test_07146,0.9533910751342773
test_07147,0.9459505081176758
test_07148,0.48042502999305725
test_07149,0.004474802874028683
test_07150,0.5301309823989868
test_07151,0.13911108672618866
test_07152,0.9498496651649475
test_07153,0.05956169590353966
test_07154,0.9980775117874146
test_07155,0.5384272933006287
test_07156,0.9063029885292053
test_07157,0.9560438394546509
test_07158,0.8048576712608337
test_07159,0.32226356863975525
test_07160,0.004937170073390007
test_07161,2.431654309020814e-07
test_07162,0.9946320056915283
test_07163,0.9999173879623413
test_07164,0.7328182458877563
test_07165,0.07078972458839417
test_07166,0.8272904753684998
test_07167,0.01566099375486374
test_07168,0.9997186064720154
test_07169,0.0048156906850636005
test_07170,0.28893327713012695
test_07171,0.9916856288909912
test_07172,0.9911858439445496
test_07173,0.9987760186195374
test_07174,0.9998276233673096
test_07175,0.8141135573387146
test_07176,0.23093187808990479
test_07177,0.09245114028453827
test_07178,0.8688744306564331
test_07179,0.24988579750061035
test_07180,4.8359294346767e-10
test_07181,0.3676201403141022
test_07182,0.00158193230163306
test_07183,0.0038051954470574856
test_07184,8.737851021578535e-05
test_07185,0.9915367364883423
test_07186,0.9999969005584717
test_07187,0.7936725616455078
test_07188,0.15412461757659912
test_07189,0.0010247413301840425
test_07190,0.17048126459121704
test_07191,0.00029874921892769635
test_07192,1.990575583477039e-06
test_07193,0.15762007236480713
test_07194,0.17553971707820892
test_07195,0.949906051158905
test_07196,0.9963393211364746
test_07197,0.3381364345550537
test_07198,0.09975597262382507
test_07199,0.0003997805470135063
test_07200,0.9999256134033203
test_07201,0.3673478960990906
test_07202,0.00737092737108469
test_07203,0.999983549118042
test_07204,0.9807478189468384
test_07205,2.1907439986534882e-06
test_07206,0.33011606335639954
test_07207,0.999327540397644
test_07208,0.23666724562644958
test_07209,0.40601155161857605
test_07210,0.005122710485011339
test_07211,0.031477924436330795
test_07212,0.8629176616668701
test_07213,0.9999605417251587
test_07214,0.8873692750930786
test_07215,0.9999935626983643
test_07216,0.012184006161987782
test_07217,0.004499827511608601
test_07218,0.05687533691525459
test_07219,0.9910434484481812
test_07220,0.9266146421432495
test_07221,0.9939082860946655
test_07222,0.14980675280094147
test_07223,0.810383141040802
test_07224,0.4359435439109802
test_07225,0.38320231437683105
test_07226,0.22172610461711884
test_07227,0.9999897480010986
test_07228,7.723865991238199e-08
test_07229,0.00019089887791778892
test_07230,0.6615452170372009
test_07231,0.040442291647195816
test_07232,0.5443295836448669
test_07233,0.9999649524688721
test_07234,0.984045147895813
test_07235,0.9955766201019287
test_07236,0.038102298974990845
test_07237,0.8696339130401611
test_07238,2.6786161470226943e-05
test_07239,0.02720210887491703
test_07240,0.08894466608762741
test_07241,0.0780191645026207
test_07242,0.010987372137606144
test_07243,0.004398676101118326
test_07244,0.9999376535415649
test_07245,0.9783838391304016
test_07246,0.15395057201385498
test_07247,0.11280960589647293
test_07248,0.9190072417259216
test_07249,1.2637930922210217e-05
test_07250,0.010406158864498138
test_07251,0.0006848063785582781
test_07252,0.9998772144317627
test_07253,0.19385747611522675
test_07254,0.41716527938842773
test_07255,0.8474119305610657
test_07256,2.377278860876686e-06
test_07257,0.9909684062004089
test_07258,0.008239883929491043
test_07259,0.3278290629386902
test_07260,0.9610564112663269
test_07261,0.588953971862793
test_07262,3.3257248333029565e-07
test_07263,0.9999980926513672
test_07264,0.22770453989505768
test_07265,0.9932160973548889
test_07266,0.03516683354973793
test_07267,0.012399756349623203
test_07268,0.9775418043136597
test_07269,0.5260010361671448
test_07270,0.814734160900116
test_07271,0.999879002571106
test_07272,0.49147331714630127
test_07273,0.9888267517089844
test_07274,0.26359739899635315
test_07275,0.6628625392913818
test_07276,0.1464875191450119
test_07277,0.9999998807907104
test_07278,0.11609195917844772
test_07279,0.06040237098932266
test_07280,0.00031451499671675265
test_07281,0.00037445846828632057
test_07282,0.48996347188949585
test_07283,0.03151123225688934
test_07284,0.08075805008411407
test_07285,0.3081660568714142
test_07286,0.02688215859234333
test_07287,0.8320636749267578
test_07288,0.019573744386434555
test_07289,0.8951286673545837
test_07290,6.20791397523135e-05
test_07291,0.38221609592437744
test_07292,0.7034130096435547
test_07293,0.03548109903931618
test_07294,0.9999995231628418
test_07295,0.13168367743492126
test_07296,0.8623313307762146
test_07297,0.8842830657958984
test_07298,0.27603307366371155
test_07299,0.6981313228607178
test_07300,0.12359081953763962
test_07301,0.9991191029548645
test_07302,0.010333622805774212
test_07303,0.7475905418395996
test_07304,0.00025810557417571545
test_07305,0.03536400943994522
test_07306,0.22067975997924805
test_07307,2.7159856472280808e-05
test_07308,0.00010976001067319885
test_07309,0.00010469640983501449
test_07310,0.04701827093958855
test_07311,4.6507251681759953e-05
test_07312,0.019777720794081688
test_07313,0.08041827380657196
test_07314,0.9994506239891052
test_07315,0.22419913113117218
test_07316,0.06698685884475708
test_07317,0.999723494052887
test_07318,0.05908536911010742
test_07319,0.5185879468917847
test_07320,0.43529605865478516
test_07321,0.5021343231201172
test_07322,0.09985952824354172
test_07323,0.23733052611351013
test_07324,0.520618200302124
test_07325,0.05318502336740494
test_07326,0.999940037727356
test_07327,0.9999897480010986
test_07328,0.9989060163497925
test_07329,0.2828882038593292
test_07330,0.20773164927959442
test_07331,0.004105294588953257
test_07332,0.4107934534549713
test_07333,0.2079329639673233
test_07334,0.6317144632339478
test_07335,0.9840223789215088
test_07336,0.003474939614534378
test_07337,0.6334472894668579
test_07338,0.19119016826152802
test_07339,6.473977555288002e-05
test_07340,0.9832490682601929
test_07341,0.32845523953437805
test_07342,0.5335210561752319
test_07343,0.9983161687850952
test_07344,0.12793569266796112
test_07345,8.082576528067875e-07
test_07346,0.016418078914284706
test_07347,0.0022675972431898117
test_07348,0.660155713558197
test_07349,0.003416067687794566
test_07350,0.9999767541885376
test_07351,0.11749064177274704
test_07352,0.7299564480781555
test_07353,0.46413013339042664
test_07354,0.9717787504196167
test_07355,0.9472469687461853
test_07356,0.9997634291648865
test_07357,0.6900109648704529
test_07358,0.4817585349082947
test_07359,0.3812471926212311
test_07360,0.9998825788497925
test_07361,0.011420599184930325
test_07362,0.8559818863868713
test_07363,0.9834138751029968
test_07364,0.003963021095842123
test_07365,0.5143536925315857
test_07366,0.9998291730880737
test_07367,0.8114697933197021
test_07368,0.00025394008844159544
test_07369,0.07942208647727966
test_07370,0.9351642727851868
test_07371,0.006792920175939798
test_07372,1.1669709238049109e-05
test_07373,0.45828568935394287
test_07374,0.00027986973873339593
test_07375,0.4485269784927368
test_07376,0.5205820798873901
test_07377,1.969498407561332e-05
test_07378,0.9195582866668701
test_07379,1.7794682207750157e-05
test_07380,0.2556346356868744
test_07381,0.25397640466690063
test_07382,0.06002156436443329
test_07383,0.06941859424114227
test_07384,0.7511388659477234
test_07385,0.3125569224357605
test_07386,0.0003562986385077238
test_07387,0.7907013297080994
test_07388,0.7402151226997375
test_07389,0.01174952182918787
test_07390,0.00022173579782247543
test_07391,0.9998472929000854
test_07392,0.19929517805576324
test_07393,0.9916236996650696
test_07394,0.931580126285553
test_07395,0.9104359745979309
test_07396,0.04291124269366264
test_07397,0.9999731779098511
test_07398,0.7071673274040222
test_07399,0.6876556873321533
test_07400,0.45533570647239685
test_07401,0.022569989785552025
test_07402,0.9997537732124329
test_07403,0.3744509220123291
test_07404,0.004980076104402542
test_07405,0.9987074136734009
test_07406,0.086435966193676
test_07407,0.045203808695077896
test_07408,0.7138050198554993
test_07409,0.9984773993492126
test_07410,0.9873835444450378
test_07411,0.06138210371136665
test_07412,0.08874490112066269
test_07413,0.5949691534042358
test_07414,0.0012994033750146627
test_07415,0.13387557864189148
test_07416,0.03829985484480858
test_07417,0.001438707229681313
test_07418,0.9983394145965576
test_07419,4.586630439007422e-06
test_07420,0.0032417932525277138
test_07421,0.7272045016288757
test_07422,0.987717866897583
test_07423,0.9980656504631042
test_07424,4.327821898186812e-06
test_07425,0.532839834690094
test_07426,0.00026134203653782606
test_07427,0.1703653186559677
test_07428,8.074488141573966e-05
test_07429,0.5698879361152649
test_07430,0.05499306693673134
test_07431,0.9990235567092896
test_07432,0.15956543385982513
test_07433,0.15721911191940308
test_07434,4.812810416865432e-08
test_07435,0.002037275116890669
test_07436,2.4578590455348603e-05
test_07437,0.9639385938644409
test_07438,0.9379672408103943
test_07439,0.2714219093322754
test_07440,0.0001590280153322965
test_07441,6.36537151876837e-07
test_07442,0.008457958698272705
test_07443,0.9998632669448853
test_07444,0.4996338188648224
test_07445,0.719389796257019
test_07446,9.253725785640654e-09
test_07447,2.3361726562143303e-06
test_07448,0.009846043772995472
test_07449,0.9719997048377991
test_07450,0.9682562351226807
test_07451,0.998783528804779
test_07452,0.002906006993725896
test_07453,0.0003563465434126556
test_07454,0.5692626237869263
test_07455,0.38151589035987854
test_07456,0.8962993621826172
test_07457,0.958340048789978
test_07458,0.9994581341743469
test_07459,0.9990493655204773
test_07460,0.9806171655654907
test_07461,0.725115180015564
test_07462,0.19239985942840576
test_07463,0.24367162585258484
test_07464,4.206678568152711e-05
test_07465,0.9999359846115112
test_07466,0.15413987636566162
test_07467,0.8039177060127258
test_07468,0.8865371942520142
test_07469,0.019327670335769653
test_07470,0.9953804016113281
test_07471,0.004709226079285145
test_07472,0.583412766456604
test_07473,0.0007220397819764912
test_07474,0.000578091770876199
test_07475,0.9455417394638062
test_07476,0.00521185202524066
test_07477,0.02962314710021019
test_07478,0.3199233412742615
test_07479,0.9999922513961792
test_07480,0.2936956584453583
test_07481,0.048663072288036346
test_07482,0.1936182826757431
test_07483,0.9424236416816711
test_07484,0.00039594757254235446
test_07485,0.9618676900863647
test_07486,0.9998362064361572
test_07487,0.07679585367441177
test_07488,3.826954980468145e-06
test_07489,0.9999991655349731
test_07490,0.8195580840110779
test_07491,0.05256422236561775
test_07492,0.011013498529791832
test_07493,0.8610264658927917
test_07494,0.9806859493255615
test_07495,0.9756869673728943
test_07496,0.4280414283275604
test_07497,0.03574807941913605
test_07498,0.04029800742864609
test_07499,0.00993298552930355
test_07500,0.885447084903717
test_07501,0.18663981556892395
test_07502,0.9970025420188904
test_07503,0.0012447064509615302
test_07504,0.9776602983474731
test_07505,0.999447762966156
test_07506,0.9999997615814209
test_07507,0.04789092764258385
test_07508,1.111607275561255e-06
test_07509,0.9857106804847717
test_07510,0.007913435809314251
test_07511,0.9979846477508545
test_07512,0.000940046040341258
test_07513,0.8814737200737
test_07514,0.6880527138710022
test_07515,0.7920453548431396
test_07516,0.9996404647827148
test_07517,0.9924357533454895
test_07518,0.015661993995308876
test_07519,0.7129210829734802
test_07520,0.5710740685462952
test_07521,6.6039028752129525e-06
test_07522,0.9999998807907104
test_07523,6.384144057847152e-07
test_07524,0.7188448309898376
test_07525,0.27152007818222046
test_07526,0.0027186390943825245
test_07527,0.6413798928260803
test_07528,0.9999438524246216
test_07529,0.14308635890483856
test_07530,0.992354154586792
test_07531,0.8653668761253357
test_07532,0.9916965961456299
test_07533,0.00046814794768579304
test_07534,0.11241067200899124
test_07535,0.2901037335395813
test_07536,0.10032901912927628
test_07537,0.5855012536048889
test_07538,0.348885715007782
test_07539,0.9999953508377075
test_07540,0.02079675905406475
test_07541,0.5399308800697327
test_07542,0.5725734233856201
test_07543,0.028852073475718498
test_07544,0.9815518260002136
test_07545,0.21016137301921844
test_07546,0.951636791229248
test_07547,0.10645593702793121
test_07548,0.6585526466369629
test_07549,0.9931665062904358
test_07550,0.9366358518600464
test_07551,0.700218141078949
test_07552,0.0001285986218135804
test_07553,0.9980207681655884
test_07554,0.9423050880432129
test_07555,0.022862473502755165
test_07556,0.0007926826365292072
test_07557,1.0
test_07558,0.9740469455718994
test_07559,0.9870023727416992
test_07560,0.4902852475643158
test_07561,0.0010006398661062121
test_07562,0.0583767369389534
test_07563,0.985016942024231
test_07564,0.9952173233032227
test_07565,0.0032089408487081528
test_07566,0.28018704056739807
test_07567,0.00021764588018413633
test_07568,0.035007722675800323
test_07569,0.6018134355545044
test_07570,0.8343173861503601
test_07571,0.042867742478847504
test_07572,0.3634607195854187
test_07573,0.17102167010307312
test_07574,0.5948001742362976
test_07575,0.5092381238937378
test_07576,9.751705221106022e-09
test_07577,0.04208587110042572
test_07578,0.0014769601402804255
test_07579,0.00014506446314044297
test_07580,0.9999505281448364
test_07581,0.0023427444975823164
test_07582,2.9436116619763197e-06
test_07583,0.9903850555419922
test_07584,0.9967952370643616
test_07585,0.9911653399467468
test_07586,0.9407299160957336
test_07587,0.3450494408607483
test_07588,0.9800994992256165
test_07589,0.8288703560829163
test_07590,3.709010627517273e-07
test_07591,0.99998939037323
test_07592,6.661512452410534e-05
test_07593,0.9971960783004761
test_07594,0.9826654195785522
test_07595,1.8851464744784607e-07
test_07596,3.5926288610710344e-09
test_07597,0.9999107122421265
test_07598,0.16971725225448608
test_07599,0.7715995907783508
test_07600,0.6916347742080688
test_07601,0.06620823591947556
test_07602,0.12892413139343262
test_07603,0.4282383322715759
test_07604,0.00016836175927892327
test_07605,0.75658118724823
test_07606,0.1958521604537964
test_07607,0.006463535595685244
test_07608,0.5645631551742554
test_07609,0.9999885559082031
test_07610,0.014245267026126385
test_07611,0.07711126655340195
test_07612,0.16099406778812408
test_07613,0.05655885860323906
test_07614,0.9999163150787354
test_07615,0.6954488754272461
test_07616,0.9927033185958862
test_07617,0.059953607618808746
test_07618,0.9989411234855652
test_07619,0.18099135160446167
test_07620,0.9874140620231628
test_07621,0.0048322249203920364
test_07622,0.010332316160202026
test_07623,0.9998273253440857
test_07624,0.6373468637466431
test_07625,0.00041720265289768577
test_07626,0.9997425675392151
test_07627,0.9976683259010315
test_07628,0.9963142275810242
test_07629,0.1262415498495102
test_07630,0.9997586607933044
test_07631,0.031488172709941864
test_07632,0.655306875705719
test_07633,0.3242727816104889
test_07634,0.9999196529388428
test_07635,0.9990324974060059
test_07636,0.10244179517030716
test_07637,0.7908579111099243
test_07638,0.9994837045669556
test_07639,6.8604517764470074e-06
test_07640,0.13676396012306213
test_07641,0.3517391085624695
test_07642,0.8972615599632263
test_07643,0.833312451839447
test_07644,0.9743363261222839
test_07645,0.012665700167417526
test_07646,0.013955434784293175
test_07647,0.9996764659881592
test_07648,2.8976137400604784e-05
test_07649,0.9911032915115356
test_07650,0.9442760944366455
test_07651,0.09743498265743256
test_07652,0.9185218214988708
test_07653,0.9404290318489075
test_07654,0.9999929666519165
test_07655,0.04558752104640007
test_07656,0.14910848438739777
test_07657,0.9999788999557495
test_07658,0.0001057956469594501
test_07659,0.840468168258667
test_07660,0.9386443495750427
test_07661,0.9053215384483337
test_07662,0.56026291847229
test_07663,0.049915798008441925
test_07664,0.00022859689488541335
test_07665,0.44417333602905273
test_07666,0.9999250173568726
test_07667,0.00010095554171130061
test_07668,0.004108780063688755
test_07669,0.9999598264694214
test_07670,0.0004805486823897809
test_07671,0.0038635358214378357
test_07672,4.480052666622214e-06
test_07673,0.00013163918629288673
test_07674,0.43938368558883667
test_07675,2.161396196243004e-06
test_07676,0.970434308052063
test_07677,0.10090048611164093
test_07678,0.7481430172920227
test_07679,0.009786402806639671
test_07680,0.7231749892234802
test_07681,6.545721407746896e-05
test_07682,0.144064798951149
test_07683,0.9982251524925232
test_07684,0.7216128706932068
test_07685,0.07065072655677795
test_07686,0.03598497807979584
test_07687,0.03193899989128113
test_07688,0.9657873511314392
test_07689,0.9681706428527832
test_07690,0.9788615107536316
test_07691,0.07651548087596893
test_07692,0.8807206749916077
test_07693,0.9999990463256836
test_07694,0.003944143652915955
test_07695,0.4347527027130127
test_07696,0.7866304516792297
test_07697,0.891825795173645
test_07698,0.9999964237213135
test_07699,0.0019625634886324406
test_07700,0.9156457781791687
test_07701,1.8897375412052497e-05
test_07702,3.131668336209259e-06
test_07703,0.996224045753479
test_07704,0.9999978542327881
test_07705,0.4467390179634094
test_07706,0.8329300284385681
test_07707,0.5408734083175659
test_07708,0.9978736639022827
test_07709,0.9595365524291992
test_07710,0.9964956641197205
test_07711,0.9926708936691284
test_07712,0.00255045504309237
test_07713,0.002059117890894413
test_07714,0.28603148460388184
test_07715,0.796006977558136
test_07716,0.9999510049819946
test_07717,0.00019261756096966565
test_07718,0.13775499165058136
test_07719,8.348764595211833e-07
test_07720,0.00014489622844848782
test_07721,0.18439316749572754
test_07722,0.029136547818779945
test_07723,0.00023669777147006243
test_07724,0.99458247423172
test_07725,0.9683490991592407
test_07726,0.9037119746208191
test_07727,8.761890768482772e-08
test_07728,0.0692419782280922
test_07729,0.487885057926178
test_07730,0.004813478793948889
test_07731,8.539755071979016e-06
test_07732,0.6138688325881958
test_07733,0.940137505531311
test_07734,0.009228167124092579
test_07735,0.002799526322633028
test_07736,0.2336658090353012
test_07737,0.9999964237213135
test_07738,0.0023162937723100185
test_07739,0.006537582725286484
test_07740,6.72550095259794e-06
test_07741,0.00026561139384284616
test_07742,0.9816511869430542
test_07743,0.9403160214424133
test_07744,0.382902055978775
test_07745,0.1780724823474884
test_07746,0.07109718024730682
test_07747,0.2890740931034088
test_07748,0.4794413149356842
test_07749,0.985952615737915
test_07750,0.27412843704223633
test_07751,0.6419142484664917
test_07752,0.9423539638519287
test_07753,0.2608775496482849
test_07754,0.010480091907083988
test_07755,0.24881772696971893
test_07756,0.9399484992027283
test_07757,0.8836291432380676
test_07758,0.007994960993528366
test_07759,0.10036203265190125
test_07760,0.15863671898841858
test_07761,0.998683750629425
test_07762,0.6912440657615662
test_07763,0.9999992847442627
test_07764,0.9999884366989136
test_07765,0.22382542490959167
test_07766,0.999977707862854
test_07767,2.441115327656007e-07
test_07768,0.6625145673751831
test_07769,0.2724260985851288
test_07770,0.056184321641922
test_07771,0.3877415359020233
test_07772,0.9993401169776917
test_07773,0.9999927282333374
test_07774,0.0008582032169215381
test_07775,0.052779216319322586
test_07776,0.6085967421531677
test_07777,0.24780641496181488
test_07778,0.6626516580581665
test_07779,0.9918853044509888
test_07780,0.6647276878356934
test_07781,0.0005420097731985152
test_07782,0.037602104246616364
test_07783,0.00010448697139509022
test_07784,0.8305559158325195
test_07785,0.7696505784988403
test_07786,0.1961340308189392
test_07787,0.9291239976882935
test_07788,0.8974829316139221
test_07789,0.7072188258171082
test_07790,0.0832851380109787
test_07791,0.7897021770477295
test_07792,0.22232607007026672
test_07793,0.45024222135543823
test_07794,0.01731763780117035
test_07795,0.557479202747345
test_07796,3.78808326786384e-05
test_07797,0.7933503985404968
test_07798,0.9724503755569458
test_07799,0.9999946355819702
test_07800,0.9846273064613342
test_07801,7.126960554160178e-05
test_07802,0.9564884901046753
test_07803,0.9996529817581177
test_07804,0.9613524675369263
test_07805,1.3587737157649826e-07
test_07806,0.13900943100452423
test_07807,0.2050878405570984
test_07808,1.5607355408064905e-06
test_07809,1.2798732740293417e-08
test_07810,8.659100421937183e-05
test_07811,0.5017710328102112
test_07812,0.06297922879457474
test_07813,0.9997379183769226
test_07814,0.0015794504433870316
test_07815,0.000564366637263447
test_07816,0.0009151645936071873
test_07817,0.9999922513961792
test_07818,0.02062069997191429
test_07819,0.7818858623504639
test_07820,0.023290904238820076
test_07821,0.997087299823761
test_07822,0.00011354220623616129
test_07823,0.08960440009832382
test_07824,0.9993942975997925
test_07825,0.9461408853530884
test_07826,0.09259208291769028
test_07827,0.9645769000053406
test_07828,2.1913998352829367e-05
test_07829,0.05587638542056084
test_07830,0.04807279258966446
test_07831,0.9999997615814209
test_07832,0.6087830662727356
test_07833,0.5768610239028931
test_07834,0.993375837802887
test_07835,0.6908601522445679
test_07836,0.15156491100788116
test_07837,0.005412292666733265
test_07838,0.9996323585510254
test_07839,0.8938418030738831
test_07840,0.16453295946121216
test_07841,0.03911225497722626
test_07842,0.00043667139834724367
test_07843,0.00039848516462370753
test_07844,0.5558732748031616
test_07845,0.9997150301933289
test_07846,0.3688024580478668
test_07847,0.9848430156707764
test_07848,4.159221862209961e-05
test_07849,0.9986549615859985
test_07850,0.9975670576095581
test_07851,0.19702324271202087
test_07852,0.381321519613266
test_07853,0.00025028243544511497
test_07854,0.6060698628425598
test_07855,0.03077446110546589
test_07856,0.08368866890668869
test_07857,0.01288914866745472
test_07858,0.0007879309705458581
test_07859,0.46876052021980286
test_07860,0.007234585005789995
test_07861,0.5487608909606934
test_07862,9.552871915730066e-07
test_07863,0.26302433013916016
test_07864,0.05913275107741356
test_07865,0.999057948589325
test_07866,0.6616125106811523
test_07867,0.001885630888864398
test_07868,0.990260660648346
test_07869,0.5267753601074219
test_07870,0.002513986313715577
test_07871,0.9697209596633911
test_07872,0.9943378567695618
test_07873,0.01742224581539631
test_07874,0.0022080177441239357
test_07875,2.020453621298657e-06
test_07876,0.03557400405406952
test_07877,0.020936336368322372
test_07878,0.38705047965049744
test_07879,0.03248095139861107
test_07880,0.9326372146606445
test_07881,0.8573452234268188
test_07882,0.31686604022979736
test_07883,0.9991711378097534
test_07884,0.6966248154640198
test_07885,0.7371982336044312
test_07886,0.5834668278694153
test_07887,0.9799633622169495
test_07888,0.07683204114437103
test_07889,0.9945569038391113
test_07890,0.45345979928970337
test_07891,0.8876992464065552
test_07892,0.537369430065155
test_07893,0.9912757873535156
test_07894,1.1712725012102965e-07
test_07895,0.14109601080417633
test_07896,0.9547129273414612
test_07897,0.052048880606889725
test_07898,0.9951733946800232
test_07899,0.9999574422836304
test_07900,0.4532634913921356
test_07901,0.9969088435173035
test_07902,3.090301788688521e-06
test_07903,0.9402474761009216
test_07904,0.002318504499271512
test_07905,0.2380923330783844
test_07906,0.36283615231513977
test_07907,0.41787388920783997
test_07908,0.3877197206020355
test_07909,0.9978958368301392
test_07910,0.6967988014221191
test_07911,0.995557963848114
test_07912,1.96307223632175e-06
test_07913,0.025111334398388863
test_07914,0.08764971047639847
test_07915,3.127675540781638e-07
test_07916,0.99997878074646
test_07917,0.06086819991469383
test_07918,0.5446073412895203
test_07919,0.007180358283221722
test_07920,0.002693296642974019
test_07921,0.997173547744751
test_07922,0.2336282730102539
test_07923,0.9567468166351318
test_07924,0.37580278515815735
test_07925,1.9387520296731964e-05
test_07926,0.12146440893411636
test_07927,0.9980802536010742
test_07928,0.07134057581424713
test_07929,0.3785209655761719
test_07930,0.4158145487308502
test_07931,0.0004355479031801224
test_07932,0.8089698553085327
test_07933,0.8413317203521729
test_07934,0.005982030648738146
test_07935,0.10362113267183304
test_07936,0.0005434820777736604
test_07937,0.5095189213752747
test_07938,0.23918935656547546
test_07939,2.2774636363465106e-06
test_07940,0.022286731749773026
test_07941,0.09671914577484131
test_07942,0.000727419275790453
test_07943,0.9992963075637817
test_07944,0.1119762435555458
test_07945,3.797302633756772e-05
test_07946,0.012607045471668243
test_07947,0.9999997615814209
test_07948,0.11026741564273834
test_07949,0.9982751607894897
test_07950,0.9987819790840149
test_07951,0.016981424763798714
test_07952,0.0006499608280137181
test_07953,6.051203399692895e-06
test_07954,0.3533991277217865
test_07955,8.67477065185085e-05
test_07956,0.02297685109078884
test_07957,0.2121403068304062
test_07958,0.009036551229655743
test_07959,0.7248424887657166
test_07960,0.12971879541873932
test_07961,0.7254999279975891
test_07962,0.6925894618034363
test_07963,0.9998689889907837
test_07964,2.947133907582611e-06
test_07965,0.0016910599078983068
test_07966,0.9998935461044312
test_07967,0.9984960556030273
test_07968,0.0005164598114788532
test_07969,0.03211149573326111
test_07970,0.004446652252227068
test_07971,0.10563710331916809
test_07972,0.9981305003166199
test_07973,8.71842971150727e-08
test_07974,0.9995755553245544
test_07975,6.695259071420878e-05
test_07976,0.7677820920944214
test_07977,0.020255224779248238
test_07978,0.9997829794883728
test_07979,0.0005491244955919683
test_07980,0.5144985318183899
test_07981,0.001063307747244835
test_07982,0.008621801622211933
test_07983,0.5982605218887329
test_07984,0.9989506006240845
test_07985,0.9996886253356934
test_07986,0.0008740324410609901
test_07987,0.20980077981948853
test_07988,0.42254841327667236
test_07989,0.00014961425040382892
test_07990,0.9654915928840637
test_07991,0.4571470320224762
test_07992,0.06038634479045868
test_07993,0.9999970197677612
test_07994,0.033268146216869354
test_07995,0.021081577986478806
test_07996,0.5469597578048706
test_07997,0.9986618757247925
test_07998,0.9952300786972046
test_07999,0.9988833069801331
test_08000,0.5469828844070435
test_08001,0.0004158178926445544
test_08002,0.20580430328845978
test_08003,0.8256266713142395
test_08004,0.013085217215120792
test_08005,0.9999454021453857
test_08006,0.4702431857585907
test_08007,1.5592074475989648e-07
test_08008,0.8642046451568604
test_08009,2.8293374271015637e-05
test_08010,0.9963569045066833
test_08011,0.7772918939590454
test_08012,0.9970501661300659
test_08013,2.448748637107201e-05
test_08014,0.3289862275123596
test_08015,0.06848259270191193
test_08016,0.004648332018405199
test_08017,0.6546115279197693
test_08018,0.1428215056657791
test_08019,0.9926005005836487
test_08020,0.9992853999137878
test_08021,0.5427879095077515
test_08022,0.0011056567309424281
test_08023,0.753192663192749
test_08024,0.001021748990751803
test_08025,0.7715321779251099
test_08026,0.9642489552497864
test_08027,0.8877763748168945
test_08028,0.0007104107062332332
test_08029,0.41842830181121826
test_08030,0.9958140254020691
test_08031,0.05372805893421173
test_08032,0.5442962646484375
test_08033,0.08411082625389099
test_08034,0.9487298727035522
test_08035,0.014366284012794495
test_08036,0.9623188972473145
test_08037,0.30680859088897705
test_08038,0.5387209057807922
test_08039,0.8461939096450806
test_08040,0.18361662328243256
test_08041,0.9913747906684875
test_08042,0.9991336464881897
test_08043,0.750565230846405
test_08044,0.2850448489189148
test_08045,0.5610902905464172
test_08046,0.7700537443161011
test_08047,0.003261103993281722
test_08048,0.5417084097862244
test_08049,0.9751712083816528
test_08050,0.13334356248378754
test_08051,0.22656753659248352
test_08052,0.9478240609169006
test_08053,0.8541455864906311
test_08054,0.005722794681787491
test_08055,0.99830162525177
test_08056,0.9972918629646301
test_08057,0.7413384914398193
test_08058,0.00044640019768849015
test_08059,0.0029414796736091375
test_08060,0.9988844990730286
test_08061,0.09092984348535538
test_08062,0.5175817012786865
test_08063,0.5628523826599121
test_08064,0.04929646849632263
test_08065,0.9999997615814209
test_08066,0.544862687587738
test_08067,0.9999977350234985
test_08068,0.9897934198379517
test_08069,0.028960194438695908
test_08070,0.0042945160530507565
test_08071,0.43591123819351196
test_08072,3.292843473445828e-07
test_08073,0.19920040667057037
test_08074,0.29753705859184265
test_08075,0.13134045898914337
test_08076,0.003853446803987026
test_08077,0.03560077026486397
test_08078,0.9670037031173706
test_08079,9.41133748710854e-07
test_08080,0.9438592791557312
test_08081,0.001143408240750432
test_08082,4.56654061053996e-06
test_08083,0.9600270390510559
test_08084,0.0025400198064744473
test_08085,1.6664414943079464e-05
test_08086,0.9858728647232056
test_08087,0.5674931406974792
test_08088,0.9125978946685791
test_08089,0.02465638518333435
test_08090,0.027004873380064964
test_08091,0.999742329120636
test_08092,0.7424497604370117
test_08093,0.5205616354942322
test_08094,0.0235843937844038
test_08095,0.9634203314781189
test_08096,0.002479069633409381
test_08097,0.9998788833618164
test_08098,0.15683583915233612
test_08099,0.12952938675880432
test_08100,0.999954104423523
test_08101,2.906020881709992e-07
test_08102,0.017437834292650223
test_08103,0.6362112164497375
test_08104,0.4122067391872406
test_08105,0.9998952150344849
test_08106,0.8927724957466125
test_08107,0.9166926741600037
test_08108,0.9070014357566833
test_08109,0.8430781960487366
test_08110,0.7456129789352417
test_08111,0.00041260552825406194
test_08112,0.9953552484512329
test_08113,0.08106893301010132
test_08114,0.008022425696253777
test_08115,0.16070297360420227
test_08116,0.9997547268867493
test_08117,0.07538303732872009
test_08118,0.3577927350997925
test_08119,0.0001489648420829326
test_08120,0.05343769118189812
test_08121,0.01545175351202488
test_08122,0.9921630024909973
test_08123,0.057348769158124924
test_08124,0.8754957318305969
test_08125,0.2551570534706116
test_08126,0.18022902309894562
test_08127,0.02596009522676468
test_08128,0.21702800691127777
test_08129,0.2513923943042755
test_08130,0.0037294181529432535
test_08131,0.9999669790267944
test_08132,0.0007012449204921722
test_08133,0.015342402271926403
test_08134,0.2012595236301422
test_08135,0.46281495690345764
test_08136,0.9993146657943726
test_08137,1.6124253932048305e-07
test_08138,1.2642241919991193e-08
test_08139,0.9981910586357117
test_08140,0.9932382106781006
test_08141,0.9999939203262329
test_08142,0.9994526505470276
test_08143,0.19116555154323578
test_08144,0.3514140546321869
test_08145,2.5373759626745596e-07
test_08146,0.7086001038551331
test_08147,0.0005029409076087177
test_08148,0.000280948996078223
test_08149,0.0015122981276363134
test_08150,0.9880926012992859
test_08151,0.6883567571640015
test_08152,0.19874030351638794
test_08153,0.27848780155181885
test_08154,0.8560428023338318
test_08155,0.01499519869685173
test_08156,0.0011102986754849553
test_08157,0.0006166253006085753
test_08158,5.964421347925963e-07
test_08159,0.998761773109436
test_08160,0.9999998807907104
test_08161,0.7990694046020508
test_08162,0.5750320553779602
test_08163,0.8335726857185364
test_08164,0.025311309844255447
test_08165,0.027346033602952957
test_08166,0.8283811211585999
test_08167,0.0014567883918061852
test_08168,0.9996637105941772
test_08169,0.6198679804801941
test_08170,0.0010746332118287683
test_08171,0.998525083065033
test_08172,0.9070512652397156
test_08173,0.041435644030570984
test_08174,0.3727536201477051
test_08175,0.9958933591842651
test_08176,0.9994951486587524
test_08177,0.986312210559845
test_08178,0.8229658007621765
test_08179,0.998422384262085
test_08180,0.19769243896007538
test_08181,0.4860546290874481
test_08182,0.20057250559329987
test_08183,0.9231610298156738
test_08184,0.9897105097770691
test_08185,0.3181236684322357
test_08186,0.8167666792869568
test_08187,0.9976646900177002
test_08188,1.5617047210980672e-07
test_08189,2.1091975213494152e-05
test_08190,0.13964104652404785
test_08191,0.04073052480816841
test_08192,0.9995518326759338
test_08193,0.7103607654571533
test_08194,0.0004863988724537194
test_08195,0.00012624300143215805
test_08196,0.2439437210559845
test_08197,0.9989432692527771
test_08198,0.9984496831893921
test_08199,3.1382635370391654e-06
test_08200,0.6187938451766968
test_08201,6.428409687941894e-05
test_08202,0.8712607026100159
test_08203,0.9986442923545837
test_08204,0.9074764847755432
test_08205,0.6538388729095459
test_08206,7.719646418991033e-06
test_08207,0.9999215602874756
test_08208,0.0012858185218647122
test_08209,0.028754927217960358
test_08210,0.08437290787696838
test_08211,0.00707781920209527
test_08212,0.7902161478996277
test_08213,0.3441002368927002
test_08214,0.1352376788854599
test_08215,2.4547425709897652e-06
test_08216,1.9416514987824485e-05
test_08217,0.993884265422821
test_08218,0.97724848985672
test_08219,0.012274247594177723
test_08220,0.00011437469947850332
test_08221,0.000885502842720598
test_08222,0.9963927865028381
test_08223,0.33062633872032166
test_08224,0.0024001228157430887
test_08225,0.005553036462515593
test_08226,0.06515689194202423
test_08227,0.9999959468841553
test_08228,0.9958950281143188
test_08229,0.0018390100449323654
test_08230,0.09062504023313522
test_08231,0.015583977103233337
test_08232,0.0032277852296829224
test_08233,0.000255223159911111
test_08234,0.4110279679298401
test_08235,0.0002190193918067962
test_08236,0.002129561500623822
test_08237,0.9999995231628418
test_08238,0.9990442395210266
test_08239,0.9999995231628418
test_08240,0.9666017889976501
test_08241,0.9722838997840881
test_08242,0.9980803728103638
test_08243,0.4772496223449707
test_08244,0.999883770942688
test_08245,0.9295703172683716
test_08246,0.9320591688156128
test_08247,0.5446698069572449
test_08248,0.5662953853607178
test_08249,0.9652695059776306
test_08250,0.3377096354961395
test_08251,0.700104296207428
test_08252,0.9996131062507629
test_08253,0.09858786314725876
test_08254,0.8038831949234009
test_08255,0.7178119421005249
test_08256,7.592336623929441e-05
test_08257,0.6239777207374573
test_08258,0.5779282450675964
test_08259,0.9999284744262695
test_08260,0.47873154282569885
test_08261,0.9999688863754272
test_08262,0.96300208568573
test_08263,0.9999935626983643
test_08264,0.9314642548561096
test_08265,0.9999971389770508
test_08266,0.43995970487594604
test_08267,0.0008151119691319764
test_08268,0.8172491192817688
test_08269,0.5373084545135498
test_08270,7.022078352747485e-05
test_08271,0.5213639140129089
test_08272,0.650939404964447
test_08273,0.005610602907836437
test_08274,0.9999921321868896
test_08275,0.018084295094013214
test_08276,0.9983258843421936
test_08277,0.30354535579681396
test_08278,0.0002359440695727244
test_08279,0.5521271824836731
test_08280,1.8541065855970373e-06
test_08281,0.604001522064209
test_08282,0.7708653807640076
test_08283,0.997908353805542
test_08284,0.9960674047470093
test_08285,0.99994957447052
test_08286,0.07062898576259613
test_08287,0.13987566530704498
test_08288,4.58566501038149e-05
test_08289,0.28131937980651855
test_08290,7.697650289628655e-06
test_08291,0.7334016561508179
test_08292,3.958671641157707e-06
test_08293,0.9594288468360901
test_08294,0.005449287593364716
test_08295,0.998759388923645
test_08296,0.9932833909988403
test_08297,0.9999997615814209
test_08298,0.5331424474716187
test_08299,1.1477443877083715e-05
test_08300,0.39541569352149963
test_08301,0.9998278617858887
test_08302,0.625902533531189
test_08303,0.918545126914978
test_08304,0.99752277135849
test_08305,0.0027556901331990957
test_08306,3.9832906622905284e-05
test_08307,0.5587692856788635
test_08308,0.9741485118865967
test_08309,0.010383129119873047
test_08310,0.582592248916626
test_08311,0.21410226821899414
test_08312,0.06825238466262817
test_08313,0.9008270502090454
test_08314,3.561316407285631e-05
test_08315,0.9860012531280518
test_08316,0.9979655742645264
test_08317,0.7901842594146729
test_08318,2.776949440885801e-05
test_08319,0.9998408555984497
test_08320,0.6654950976371765
test_08321,0.39918744564056396
test_08322,0.9950012564659119
test_08323,0.9999871253967285
test_08324,0.23819665610790253
test_08325,0.9999985694885254
test_08326,0.0015355510404333472
test_08327,0.010963712818920612
test_08328,0.0022732734214514494
test_08329,0.8651456832885742
test_08330,0.8582945466041565
test_08331,0.9746763110160828
test_08332,0.0018613074207678437
test_08333,0.6583579182624817
test_08334,0.9245492219924927
test_08335,0.7352709174156189
test_08336,0.2830215394496918
test_08337,0.8784326314926147
test_08338,0.9494991898536682
test_08339,7.83106152084656e-05
test_08340,0.00024519339785911143
test_08341,0.9303515553474426
test_08342,3.175041229042108e-06
test_08343,0.9617095589637756
test_08344,0.9952818751335144
test_08345,0.9482154250144958
test_08346,0.33824923634529114
test_08347,0.0558147095143795
test_08348,0.9510108232498169
test_08349,0.0004376063297968358
test_08350,0.9894668459892273
test_08351,0.999998927116394
test_08352,6.327921255433466e-06
test_08353,0.9716022610664368
test_08354,5.467362370836781e-06
test_08355,0.7835350632667542
test_08356,0.3664073050022125
test_08357,0.00012952987162861973
test_08358,0.9999990463256836
test_08359,0.9974435567855835
test_08360,0.9534576535224915
test_08361,0.7374882102012634
test_08362,0.004282490350306034
test_08363,0.9793416857719421
test_08364,0.010478426702320576
test_08365,0.00010983288666466251
test_08366,0.16023653745651245
test_08367,0.7835732698440552
test_08368,0.9995225667953491
test_08369,0.000993258785456419
test_08370,0.994657039642334
test_08371,0.05422698333859444
test_08372,0.004152105189859867
test_08373,0.7589489817619324
test_08374,0.9999990463256836
test_08375,0.009681840427219868
test_08376,0.8969796299934387
test_08377,0.9837639331817627
test_08378,0.9785833358764648
test_08379,0.9998972415924072
test_08380,0.9996422529220581
test_08381,0.9806365370750427
test_08382,0.7157433032989502
test_08383,0.00021001561253797263
test_08384,0.990949809551239
test_08385,0.17507004737854004
test_08386,3.970649686380057e-06
test_08387,0.007010497152805328
test_08388,1.7115453374572098e-05
test_08389,0.8026469945907593
test_08390,3.1223491532728076e-05
test_08391,0.37077760696411133
test_08392,0.9904202818870544
test_08393,0.8847613334655762
test_08394,0.16303865611553192
test_08395,0.0002442889381200075
test_08396,0.3265088200569153
test_08397,0.00018341151007916778
test_08398,0.8043514490127563
test_08399,5.705179864889942e-05
test_08400,4.0515164556609307e-08
test_08401,0.11782502382993698
test_08402,0.19451914727687836
test_08403,0.009267693385481834
test_08404,0.35095107555389404
test_08405,6.001914243825013e-06
test_08406,0.602490246295929
test_08407,0.9893860816955566
test_08408,0.8646113276481628
test_08409,0.0024501197040081024
test_08410,0.5338780879974365
test_08411,0.9993829727172852
test_08412,0.9999990463256836
test_08413,2.929063839474111e-06
test_08414,0.00012574692664202303
test_08415,0.123203344643116
test_08416,0.9907183051109314
test_08417,0.7836515307426453
test_08418,0.6483901143074036
test_08419,0.011366053484380245
test_08420,0.0025235959328711033
test_08421,0.15217402577400208
test_08422,0.9822506308555603
test_08423,0.9999947547912598
test_08424,0.16896705329418182
test_08425,0.7241429686546326
test_08426,0.01302772294729948
test_08427,0.42934557795524597
test_08428,0.9926590323448181
test_08429,0.09995672106742859
test_08430,0.8721723556518555
test_08431,0.0002193591935792938
test_08432,0.30626389384269714
test_08433,0.44275185465812683
test_08434,0.9682719707489014
test_08435,0.00010290949285263196
test_08436,0.9900379180908203
test_08437,2.9250606530695222e-05
test_08438,0.8984679579734802
test_08439,0.624768853187561
test_08440,0.9993131160736084
test_08441,0.03949102759361267
test_08442,0.7384065389633179
test_08443,0.004616488702595234
test_08444,0.6126480102539062
test_08445,0.8030184507369995
test_08446,0.5360655188560486
test_08447,0.04571199789643288
test_08448,0.7786866426467896
test_08449,0.9346798062324524
test_08450,0.14236919581890106
test_08451,3.605318852351047e-05
test_08452,0.031236952170729637
test_08453,4.039009581902064e-06
test_08454,0.5560382604598999
test_08455,0.06866423785686493
test_08456,0.9956910014152527
test_08457,0.9999580383300781
test_08458,0.000638364115729928
test_08459,0.9375665783882141
test_08460,0.9476877450942993
test_08461,0.0003133151913061738
test_08462,4.163999983575195e-05
test_08463,0.999552309513092
test_08464,0.45873892307281494
test_08465,0.9993237257003784
test_08466,0.06259071081876755
test_08467,0.43154624104499817
test_08468,0.9998598098754883
test_08469,0.0017949091270565987
test_08470,4.634247261492419e-07
test_08471,6.133447459433228e-05
test_08472,0.6578344702720642
test_08473,0.17752091586589813
test_08474,0.9995467066764832
test_08475,0.1552172154188156
test_08476,0.13496091961860657
test_08477,0.9998600482940674
test_08478,0.7904845476150513
test_08479,0.005222327541559935
test_08480,0.014449814334511757
test_08481,0.007616123184561729
test_08482,1.0
test_08483,0.17428018152713776
test_08484,0.9824364185333252
test_08485,0.7345249652862549
test_08486,0.8445234894752502
test_08487,0.3746080994606018
test_08488,0.42058300971984863
test_08489,0.3590124249458313
test_08490,0.970464289188385
test_08491,0.9997146725654602
test_08492,0.9793890118598938
test_08493,0.9352748394012451
test_08494,0.9127443432807922
test_08495,0.6016354560852051
test_08496,0.9341877698898315
test_08497,0.9999998807907104
test_08498,3.532166829245398e-06
test_08499,0.008581070229411125
test_08500,0.9895162582397461
test_08501,0.005718134343624115
test_08502,0.06677889823913574
test_08503,0.020131437107920647
test_08504,0.9906976819038391
test_08505,0.0008113245712593198
test_08506,0.8467044830322266
test_08507,0.0018334105843678117
test_08508,0.9999805688858032
test_08509,0.007232551462948322
test_08510,0.9307917356491089
test_08511,0.05268106237053871
test_08512,0.9940237402915955
test_08513,0.9999924898147583
test_08514,0.4024295210838318
test_08515,0.999998927116394
test_08516,0.9991430044174194
test_08517,0.9998360872268677
test_08518,0.8587953448295593
test_08519,0.9999825954437256
test_08520,0.7816806435585022
test_08521,0.0024851628113538027
test_08522,0.5831159949302673
test_08523,5.558875727729173e-06
test_08524,1.723306741041597e-05
test_08525,0.99460768699646
test_08526,0.0004087623965460807
test_08527,7.069317507557571e-05
test_08528,0.013820655643939972
test_08529,0.9973862767219543
test_08530,0.009790059179067612
test_08531,0.9989588260650635
test_08532,0.04078591242432594
test_08533,0.1919843554496765
test_08534,0.8262729644775391
test_08535,0.05470990762114525
test_08536,9.376869275001809e-05
test_08537,0.9996476173400879
test_08538,0.013815822079777718
test_08539,0.9969437718391418
test_08540,0.9999955892562866
test_08541,7.336674570979085e-06
test_08542,0.9999364614486694
test_08543,0.07111290842294693
test_08544,0.9315255284309387
test_08545,0.5680187940597534
test_08546,0.5392634272575378
test_08547,0.9995149374008179
test_08548,0.0004938506754115224
test_08549,0.0021369142923504114
test_08550,0.5620253086090088
test_08551,0.9995937943458557
test_08552,0.8079783916473389
test_08553,0.30948176980018616
test_08554,4.019490233986289e-07
test_08555,0.9998102784156799
test_08556,5.079976290289778e-06
test_08557,0.0499851368367672
test_08558,0.01660035364329815
test_08559,0.998731791973114
test_08560,0.3223796486854553
test_08561,0.9689612984657288
test_08562,0.9727393984794617
test_08563,3.787939203903079e-05
test_08564,0.0014512145426124334
test_08565,0.9998553991317749
test_08566,0.996336817741394
test_08567,0.6644909381866455
test_08568,0.05744597688317299
test_08569,0.003725393209606409
test_08570,0.0013880545739084482
test_08571,0.871356725692749
test_08572,0.5586940050125122
test_08573,0.9614373445510864
test_08574,9.708346624393016e-06
test_08575,0.8929097056388855
test_08576,0.41495606303215027
test_08577,0.9997758269309998
test_08578,0.033676519989967346
test_08579,0.03504100814461708
test_08580,0.9986529350280762
test_08581,0.9897907376289368
test_08582,0.1700442135334015
test_08583,0.0005226291832514107
test_08584,0.028054608032107353
test_08585,0.017682133242487907
test_08586,0.9895856976509094
test_08587,0.0045361812226474285
test_08588,0.8263395428657532
test_08589,0.9947608113288879
test_08590,0.9616749882698059
test_08591,0.0006779939867556095
test_08592,0.9999324083328247
test_08593,0.03791777789592743
test_08594,0.07417222857475281
test_08595,0.6598724722862244
test_08596,0.9687820076942444
test_08597,0.8819804787635803
test_08598,0.259277880191803
test_08599,0.0012888683704659343
test_08600,0.9999984502792358
test_08601,0.9975983500480652
test_08602,0.9937159419059753
test_08603,0.9976217150688171
test_08604,0.9911026954650879
test_08605,0.5939910411834717
test_08606,0.9652242064476013
test_08607,0.9979604482650757
test_08608,0.9985359907150269
test_08609,0.597433865070343
test_08610,0.951158881187439
test_08611,0.001088507822714746
test_08612,0.7080085277557373
test_08613,0.5922573804855347
test_08614,0.7702655792236328
test_08615,0.9687942266464233
test_08616,0.9999971389770508
test_08617,0.7674645781517029
test_08618,0.022565528750419617
test_08619,0.5570237040519714
test_08620,0.9581079483032227
test_08621,0.9923940896987915
test_08622,0.8723945021629333
test_08623,0.000580640509724617
test_08624,0.9821500182151794
test_08625,0.007043906487524509
test_08626,0.9586066603660583
test_08627,0.00016172518371604383
test_08628,0.9990184307098389
test_08629,0.11144270747900009
test_08630,0.999988317489624
test_08631,0.7612979412078857
test_08632,0.9667405486106873
test_08633,0.8177326917648315
test_08634,0.4947144091129303
test_08635,0.5565004944801331
test_08636,0.09007707238197327
test_08637,0.9826683402061462
test_08638,0.9931932091712952
test_08639,4.660403646994382e-05
test_08640,0.8610407710075378
test_08641,0.5690222382545471
test_08642,0.9939249157905579
test_08643,0.0003585492668207735
test_08644,0.5317887663841248
test_08645,0.00010356346319895238
test_08646,0.030734635889530182
test_08647,0.9026933312416077
test_08648,0.5034782886505127
test_08649,0.9999673366546631
test_08650,0.941895067691803
test_08651,0.9999678134918213
test_08652,0.21656319499015808
test_08653,0.9980238676071167
test_08654,0.003042906988412142
test_08655,0.33244815468788147
test_08656,0.11400378495454788
test_08657,0.3333442211151123
test_08658,0.2384115308523178
test_08659,1.203010810968408e-06
test_08660,0.6592862010002136
test_08661,0.031327955424785614
test_08662,0.014301690272986889
test_08663,0.0036051184870302677
test_08664,0.017265433445572853
test_08665,0.7734698057174683
test_08666,0.9926013350486755
test_08667,0.9403429627418518
test_08668,0.9928209185600281
test_08669,0.9999088048934937
test_08670,0.15252085030078888
test_08671,0.7665731310844421
test_08672,0.9626911878585815
test_08673,0.9907802939414978
test_08674,0.9999922513961792
test_08675,0.06897149980068207
test_08676,0.9945539236068726
test_08677,0.9511691331863403
test_08678,0.8365479707717896
test_08679,0.4856637120246887
test_08680,0.7831292748451233
test_08681,5.044532258580148e-07
test_08682,0.07260831445455551
test_08683,0.5595420002937317
test_08684,0.19823965430259705
test_08685,0.09906717389822006
test_08686,0.635615885257721
test_08687,0.005423706490546465
test_08688,0.9945418238639832
test_08689,0.9994195699691772
test_08690,0.6461240649223328
test_08691,0.9984807372093201
test_08692,0.9895479679107666
test_08693,0.0023236488923430443
test_08694,0.0017374618910253048
test_08695,0.28986141085624695
test_08696,0.001836127252317965
test_08697,0.0033765111584216356
test_08698,0.03993520513176918
test_08699,0.6929214596748352
test_08700,0.9999793767929077
test_08701,0.9866986274719238
test_08702,2.9165573778300313e-07
test_08703,0.05512728542089462
test_08704,2.3661668819840997e-05
test_08705,0.8160691261291504
test_08706,0.6465358138084412
test_08707,0.9894614815711975
test_08708,0.8001593947410583
test_08709,0.9958378076553345
test_08710,5.622096068691462e-06
test_08711,0.9973094463348389
test_08712,0.00015396325034089386
test_08713,0.9998960494995117
test_08714,0.9832174777984619
test_08715,0.0004930327413603663
test_08716,0.999984622001648
test_08717,0.061996862292289734
test_08718,0.5170477628707886
test_08719,0.6132718324661255
test_08720,0.9990500807762146
test_08721,0.996758759021759
test_08722,0.9999501705169678
test_08723,0.9989578723907471
test_08724,0.029650002717971802
test_08725,0.9999988079071045
test_08726,0.9999498128890991
test_08727,0.9951586127281189
test_08728,0.01903136819601059
test_08729,0.9338359236717224
test_08730,0.09389294683933258
test_08731,0.9102464914321899
test_08732,0.26848939061164856
test_08733,0.0005112903309054673
test_08734,0.9739131331443787
test_08735,0.03390677645802498
test_08736,0.9999895095825195
test_08737,0.11123806238174438
test_08738,0.8919669985771179
test_08739,0.031990937888622284
test_08740,0.03317805007100105
test_08741,0.10853435099124908
test_08742,0.9733973741531372
test_08743,0.017178786918520927
test_08744,0.10517486929893494
test_08745,0.9976072311401367
test_08746,0.25051799416542053
test_08747,0.9999587535858154
test_08748,1.0041578207165003e-05
test_08749,0.0003244240942876786
test_08750,0.9986949563026428
test_08751,0.0010429556714370847
test_08752,1.8997494407813065e-05
test_08753,0.889148473739624
test_08754,0.001255950890481472
test_08755,0.9995028972625732
test_08756,0.9994469285011292
test_08757,0.9999996423721313
test_08758,0.5134817361831665
test_08759,0.0007168783922679722
test_08760,3.235360418329947e-05
test_08761,0.23268932104110718
test_08762,0.6856666207313538
test_08763,0.2938336730003357
test_08764,0.9834866523742676
test_08765,0.0035101016983389854
test_08766,0.9997515082359314
test_08767,2.3318045350606553e-05
test_08768,0.9938564896583557
test_08769,0.15910261869430542
test_08770,0.9948221445083618
test_08771,0.14162516593933105
test_08772,0.04428480193018913
test_08773,0.0017397585324943066
test_08774,6.709410081384704e-05
test_08775,0.8964213728904724
test_08776,0.9994767308235168
test_08777,0.9373403787612915
test_08778,0.9899352192878723
test_08779,0.628308117389679
test_08780,0.0179784893989563
test_08781,0.7284809947013855
test_08782,0.3598625659942627
test_08783,0.9029281735420227
test_08784,0.3463096618652344
test_08785,0.04575814679265022
test_08786,0.6050156950950623
test_08787,0.059976883232593536
test_08788,0.021510062739253044
test_08789,0.6255896091461182
test_08790,3.653232488431968e-05
test_08791,5.2470375521807e-05
test_08792,0.001713717938400805
test_08793,0.004811042454093695
test_08794,0.8018361926078796
test_08795,0.35560935735702515
test_08796,0.9999765157699585
test_08797,0.8590105175971985
test_08798,0.9539941549301147
test_08799,0.6932820677757263
test_08800,0.9995055198669434
test_08801,0.9997013211250305
test_08802,0.4927619993686676
test_08803,0.9972758889198303
test_08804,0.2100692093372345
test_08805,0.9999828338623047
test_08806,0.9855960607528687
test_08807,0.12371150404214859
test_08808,0.9999947547912598
test_08809,0.9999675750732422
test_08810,0.053916364908218384
test_08811,0.9978359341621399
test_08812,0.10054681450128555
test_08813,0.7167057394981384
test_08814,0.00037374108796939254
test_08815,0.00021221187489572912
test_08816,0.7167296409606934
test_08817,0.9999176263809204
test_08818,0.004941890016198158
test_08819,0.9506989121437073
test_08820,0.9999725818634033
test_08821,3.361076596775092e-05
test_08822,0.9978098273277283
test_08823,0.2551243305206299
test_08824,0.006242259405553341
test_08825,0.9992387294769287
test_08826,0.05512621998786926
test_08827,0.07463476806879044
test_08828,0.9949021339416504
test_08829,0.40807464718818665
test_08830,0.06924938410520554
test_08831,0.9884585738182068
test_08832,6.603787596759503e-07
test_08833,0.9969130754470825
test_08834,0.6264986395835876
test_08835,0.007870471104979515
test_08836,0.07069394737482071
test_08837,0.8117377758026123
test_08838,0.8430005311965942
test_08839,0.971356987953186
test_08840,0.5353244543075562
test_08841,0.514564037322998
test_08842,0.0018411794444546103
test_08843,0.9968480467796326
test_08844,0.0041589923202991486
test_08845,8.823507960187271e-05
test_08846,0.8004303574562073
test_08847,0.4569648504257202
test_08848,0.0029603801667690277
test_08849,0.00457698293030262
test_08850,0.9999268054962158
test_08851,0.005610914435237646
test_08852,0.003321757074445486
test_08853,0.9769390225410461
test_08854,0.8557679653167725
test_08855,0.5531911849975586
test_08856,0.9828312397003174
test_08857,0.3707907497882843
test_08858,0.9997413754463196
test_08859,8.353739758604206e-06
test_08860,0.9729471206665039
test_08861,0.9945791959762573
test_08862,0.64583420753479
test_08863,0.0023019076324999332
test_08864,0.9145078659057617
test_08865,0.013865740969777107
test_08866,0.9784265160560608
test_08867,0.9700846076011658
test_08868,0.005844597239047289
test_08869,0.37681204080581665
test_08870,0.9919940233230591
test_08871,0.8912484049797058
test_08872,0.0005194481927901506
test_08873,0.9569268226623535
test_08874,0.055852554738521576
test_08875,0.1697271168231964
test_08876,0.8457866311073303
test_08877,0.7367777824401855
test_08878,0.6317630410194397
test_08879,0.6820287108421326
test_08880,0.8641998171806335
test_08881,0.9705731272697449
test_08882,0.9318776726722717
test_08883,0.4859340786933899
test_08884,0.115948885679245
test_08885,0.9995668530464172
test_08886,0.00020850860164500773
test_08887,0.03736507147550583
test_08888,0.016746588051319122
test_08889,0.9995976090431213
test_08890,0.837549090385437
test_08891,0.015088188461959362
test_08892,0.8052106499671936
test_08893,0.003607704071328044
test_08894,0.9798722863197327
test_08895,0.9937744140625
test_08896,0.995712161064148
test_08897,0.10133174061775208
test_08898,0.2717069089412689
test_08899,0.002547347918152809
test_08900,0.9993246793746948
test_08901,0.9979075193405151
test_08902,0.25927963852882385
test_08903,0.9730147123336792
test_08904,0.8998780250549316
test_08905,0.8854500651359558
test_08906,0.9907425045967102
test_08907,0.99826979637146
test_08908,0.9679848551750183
test_08909,0.19452762603759766
test_08910,0.013795649632811546
test_08911,0.8766182661056519
test_08912,3.302263166915509e-06
test_08913,8.916724254959263e-06
test_08914,0.09033087641000748
test_08915,0.4019065499305725
test_08916,0.9955143332481384
test_08917,0.9704477787017822
test_08918,0.9035210013389587
test_08919,0.9126758575439453
test_08920,0.06781195849180222
test_08921,0.23035898804664612
test_08922,0.05436025932431221
test_08923,0.9965971112251282
test_08924,0.9999074935913086
test_08925,0.9990285634994507
test_08926,0.0007552915485575795
test_08927,0.03507981449365616
test_08928,0.3671339452266693
test_08929,0.36912307143211365
test_08930,0.993874728679657
test_08931,0.9034560322761536
test_08932,0.01875496283173561
test_08933,0.025557613000273705
test_08934,0.6095307469367981
test_08935,0.9870703816413879
test_08936,0.9995342493057251
test_08937,0.6392959952354431
test_08938,0.9896097183227539
test_08939,0.00428586732596159
test_08940,0.00046086040674708784
test_08941,0.1656017154455185
test_08942,0.7698310017585754
test_08943,0.9974603652954102
test_08944,0.044739749282598495
test_08945,0.997891366481781
test_08946,0.10813664644956589
test_08947,0.6535775661468506
test_08948,0.7574899196624756
test_08949,0.865103542804718
test_08950,0.02164945937693119
test_08951,0.9999996423721313
test_08952,0.9992157220840454
test_08953,0.8864712119102478
test_08954,0.896880567073822
test_08955,0.9407148957252502
test_08956,0.7204337120056152
test_08957,6.843325081717921e-06
test_08958,0.001127200317569077
test_08959,0.001641216455027461
test_08960,0.6795417070388794
test_08961,0.2810279428958893
test_08962,0.9513891339302063
test_08963,0.3938530683517456
test_08964,0.3540310859680176
test_08965,0.10619020462036133
test_08966,0.582415759563446
test_08967,0.18459974229335785
test_08968,0.9898395538330078
test_08969,0.0018324953271076083
test_08970,0.9999953508377075
test_08971,3.533317283199722e-08
test_08972,7.119297720237228e-07
test_08973,0.9984129667282104
test_08974,0.0581948384642601
test_08975,5.0350579840596765e-05
test_08976,0.062419384717941284
test_08977,0.0026923760306090117
test_08978,0.2724493443965912
test_08979,0.9999876022338867
test_08980,0.9394128322601318
test_08981,0.9996846914291382
test_08982,0.9776586890220642
test_08983,0.8157511949539185
test_08984,0.2394125610589981
test_08985,0.0012328774901106954
test_08986,0.973835825920105
test_08987,0.0011030908208340406
test_08988,4.046270305479993e-07
test_08989,0.9542657136917114
test_08990,7.146692837523005e-08
test_08991,5.217946630331483e-10
test_08992,0.29767003655433655
test_08993,0.9947502017021179
test_08994,0.9897692203521729
test_08995,0.0003395272942725569
test_08996,0.9762874245643616
test_08997,0.7815855741500854
test_08998,0.11180488765239716
test_08999,0.5814840197563171
test_09000,0.4251565933227539
test_09001,0.48513492941856384
test_09002,0.01224316656589508
test_09003,0.8421616554260254
test_09004,0.03496348112821579
test_09005,0.829662561416626
test_09006,0.999908447265625
test_09007,0.4615394175052643
test_09008,0.13182668387889862
test_09009,0.130030557513237
test_09010,0.711280345916748
test_09011,3.2975378417177126e-05
test_09012,0.999961256980896
test_09013,0.9999862909317017
test_09014,0.003326951526105404
test_09015,0.6465024352073669
test_09016,0.9916507601737976
test_09017,0.9961265921592712
test_09018,0.9999982118606567
test_09019,0.011574488133192062
test_09020,0.5505633354187012
test_09021,0.7741410732269287
test_09022,0.798439621925354
test_09023,0.018994977697730064
test_09024,0.8204858303070068
test_09025,0.9999953508377075
test_09026,0.99991774559021
test_09027,0.9319946765899658
test_09028,0.07525475323200226
test_09029,0.21113136410713196
test_09030,0.9998348951339722
test_09031,0.016838613897562027
test_09032,0.9999995231628418
test_09033,0.4662894010543823
test_09034,1.0889569239225239e-05
test_09035,0.00252783065661788
test_09036,8.763159712543711e-05
test_09037,0.022454949095845222
test_09038,4.812608267457108e-07
test_09039,0.14761920273303986
test_09040,0.05085678771138191
test_09041,0.0012834796216338873
test_09042,0.840019166469574
test_09043,0.11516166478395462
test_09044,0.27626532316207886
test_09045,0.051105450838804245
test_09046,0.9876357913017273
test_09047,0.033109989017248154
test_09048,0.509395182132721
test_09049,0.9997053742408752
test_09050,0.06123941391706467
test_09051,0.9633819460868835
test_09052,0.5746721029281616
test_09053,0.996415376663208
test_09054,0.9767422080039978
test_09055,0.1107821986079216
test_09056,0.0001486029359512031
test_09057,6.861000656499527e-07
test_09058,0.9989622831344604
test_09059,0.003957064356654882
test_09060,0.9999397993087769
test_09061,0.000719313567969948
test_09062,0.806208074092865
test_09063,0.5345367789268494
test_09064,0.40723562240600586
test_09065,0.9999992847442627
test_09066,0.0009830174967646599
test_09067,0.9202110171318054
test_09068,3.121146437479183e-05
test_09069,0.11817274987697601
test_09070,0.028051357716321945
test_09071,0.9793582558631897
test_09072,0.7781784534454346
test_09073,0.986531674861908
test_09074,0.7907030582427979
test_09075,0.5929701924324036
test_09076,0.18407543003559113
test_09077,0.7978795766830444
test_09078,0.8434783220291138
test_09079,0.9995081424713135
test_09080,0.46944570541381836
test_09081,0.9311468601226807
test_09082,0.03723601624369621
test_09083,0.04823630303144455
test_09084,0.0003589344851206988
test_09085,0.9835940003395081
test_09086,0.9999957084655762
test_09087,0.03892681375145912
test_09088,2.5030715278262505e-07
test_09089,0.9999216794967651
test_09090,0.9954811334609985
test_09091,0.0005850381567142904
test_09092,0.8836258053779602
test_09093,0.9980630278587341
test_09094,0.9941537976264954
test_09095,0.9999992847442627
test_09096,0.00035594557994045317
test_09097,0.34458106756210327
test_09098,0.9992799162864685
test_09099,0.12354714423418045
test_09100,0.3560827374458313
test_09101,0.3524628281593323
test_09102,0.2380651980638504
test_09103,0.0009195877937600017
test_09104,0.9998824596405029
test_09105,0.5430697798728943
test_09106,0.88158118724823
test_09107,0.0007453261641785502
test_09108,0.8417021632194519
test_09109,0.009792305529117584
test_09110,0.9869982004165649
test_09111,1.0
test_09112,0.9529651403427124
test_09113,0.9999982118606567
test_09114,0.9792935252189636
test_09115,0.00022784619068261236
test_09116,0.9482471942901611
test_09117,0.014616618864238262
test_09118,0.9997794032096863
test_09119,0.0008335058810189366
test_09120,0.6417526602745056
test_09121,0.9999459981918335
test_09122,0.9999927282333374
test_09123,0.0006850045174360275
test_09124,0.8513107895851135
test_09125,0.9976727366447449
test_09126,0.0005521317943930626
test_09127,0.8282853364944458
test_09128,0.9998282194137573
test_09129,0.042400237172842026
test_09130,0.23749208450317383
test_09131,0.03558468818664551
test_09132,0.05177769437432289
test_09133,0.19829216599464417
test_09134,0.6168041229248047
test_09135,0.9575928449630737
test_09136,0.9986023306846619
test_09137,0.9998923540115356
test_09138,0.9011151790618896
test_09139,0.06571690738201141
test_09140,0.9999573230743408
test_09141,0.9884108304977417
test_09142,6.342823439808853e-07
test_09143,0.4097045958042145
test_09144,0.9869973659515381
test_09145,0.9993782043457031
test_09146,1.0174585440836381e-05
test_09147,0.8391457796096802
test_09148,0.0001006354796118103
test_09149,0.9810247421264648
test_09150,0.10158457607030869
test_09151,0.0005943079595454037
test_09152,0.0006146928062662482
test_09153,0.8012338280677795
test_09154,0.9679668545722961
test_09155,0.0753655880689621
test_09156,0.07422137260437012
test_09157,6.253665196709335e-05
test_09158,0.04000674560666084
test_09159,0.17808637022972107
test_09160,0.14359121024608612
test_09161,0.9999833106994629
test_09162,0.01037859357893467
test_09163,0.9935483336448669
test_09164,0.04230523854494095
test_09165,0.12108048051595688
test_09166,0.999921441078186
test_09167,1.2545085155579727e-05
test_09168,0.9998911619186401
test_09169,0.8983854651451111
test_09170,0.015610795468091965
test_09171,0.12205949425697327
test_09172,0.9999854564666748
test_09173,0.8847038745880127
test_09174,0.6906163096427917
test_09175,0.00015264486137311906
test_09176,3.7912384868832305e-05
test_09177,0.999852180480957
test_09178,0.9807619452476501
test_09179,0.8542284369468689
test_09180,0.03749212995171547
test_09181,1.5273244571289979e-06
test_09182,0.9990670084953308
test_09183,8.447156142210588e-05
test_09184,0.005190757103264332
test_09185,0.3154953122138977
test_09186,0.9663011431694031
test_09187,0.9987462759017944
test_09188,0.00590407382696867
test_09189,0.01335171703249216
test_09190,0.858825147151947
test_09191,0.987675666809082
test_09192,8.928452007239684e-05
test_09193,0.9926653504371643
test_09194,0.0019096995238214731
test_09195,0.9998456239700317
test_09196,0.9999980926513672
test_09197,0.7275469899177551
test_09198,0.04374873638153076
test_09199,0.9995878338813782
test_09200,3.4170029721281026e-06
test_09201,0.9721063375473022
test_09202,0.3219640254974365
test_09203,0.8373299837112427
test_09204,0.8496497273445129
test_09205,0.34632664918899536
test_09206,0.9926272034645081
test_09207,0.00013012807175982744
test_09208,0.778077244758606
test_09209,2.8415793167368975e-06
test_09210,0.06370855122804642
test_09211,0.7267991304397583
test_09212,0.03240303322672844
test_09213,0.9999834299087524
test_09214,0.9495557546615601
test_09215,0.5443428754806519
test_09216,0.014077804051339626
test_09217,0.6832191944122314
test_09218,0.9999923706054688
test_09219,0.05730672553181648
test_09220,0.794310450553894
test_09221,0.6067919731140137
test_09222,0.24130429327487946
test_09223,0.866457462310791
test_09224,0.6373804211616516
test_09225,0.999929666519165
test_09226,0.9999192953109741
test_09227,0.00039633031701669097
test_09228,9.314596354670357e-06
test_09229,0.029605289921164513
test_09230,0.9999041557312012
test_09231,0.12493003159761429
test_09232,0.01338707935065031
test_09233,0.010038110427558422
test_09234,0.9419786334037781
test_09235,0.0021950106602162123
test_09236,4.336046913522296e-06
test_09237,0.9975548386573792
test_09238,0.9966617822647095
test_09239,0.42807871103286743
test_09240,0.0006465972401201725
test_09241,0.12898236513137817
test_09242,0.9999949932098389
test_09243,0.04795638471841812
test_09244,0.3941189646720886
test_09245,0.9998819828033447
test_09246,0.48790618777275085
test_09247,0.2529989182949066
test_09248,0.7156553864479065
test_09249,0.9999710321426392
test_09250,0.07645224034786224
test_09251,0.0010913580190390348
test_09252,6.949506496312097e-05
test_09253,0.02637876383960247
test_09254,0.35558435320854187
test_09255,0.9999923706054688
test_09256,0.9995734095573425
test_09257,5.250072376838943e-07
test_09258,0.10164930671453476
test_09259,0.8946027159690857
test_09260,0.10907264798879623
test_09261,0.709103524684906
test_09262,0.9999135732650757
test_09263,0.8201505541801453
test_09264,0.44735291600227356
test_09265,0.2623278498649597
test_09266,0.9858384728431702
test_09267,0.9999713897705078
test_09268,0.755366861820221
test_09269,0.11388015747070312
test_09270,0.00014253401604946703
test_09271,0.9983357787132263
test_09272,0.66561359167099
test_09273,0.9998946189880371
test_09274,0.9996740818023682
test_09275,9.698109124656185e-07
test_09276,0.1772557944059372
test_09277,0.740505576133728
test_09278,0.09090504795312881
test_09279,3.3336491469526663e-05
test_09280,0.035711370408535004
test_09281,0.18775971233844757
test_09282,0.00010919555643340573
test_09283,0.0009552840492688119
test_09284,0.9999312162399292
test_09285,0.19966287910938263
test_09286,2.892474867621786e-06
test_09287,0.9870349764823914
test_09288,0.11584129929542542
test_09289,0.9605044722557068
test_09290,6.5935450948018115e-06
test_09291,0.7325311899185181
test_09292,0.9999171495437622
test_09293,7.006706437096e-05
test_09294,0.000426699552917853
test_09295,1.1798740615631687e-06
test_09296,0.0014654546976089478
test_09297,0.9582169651985168
test_09298,0.01782088354229927
test_09299,0.004263930022716522
test_09300,0.9889174699783325
test_09301,4.8224585043499246e-05
test_09302,0.45370763540267944
test_09303,0.25921499729156494
test_09304,0.8055323958396912
test_09305,0.9967995882034302
test_09306,0.011508746072649956
test_09307,0.030867844820022583
test_09308,0.00042053067591041327
test_09309,0.9848715662956238
test_09310,0.9115552306175232
test_09311,0.20424297451972961
test_09312,0.6736969947814941
test_09313,0.016620870679616928
test_09314,0.006882050074636936
test_09315,0.00014227331848815084
test_09316,0.6658025979995728
test_09317,0.9998025298118591
test_09318,0.9967471361160278
test_09319,0.6269605755805969
test_09320,0.9449894428253174
test_09321,0.8099893927574158
test_09322,0.9692732095718384
test_09323,0.9587739109992981
test_09324,0.3521476686000824
test_09325,0.999863862991333
test_09326,0.5830138325691223
test_09327,0.13745281100273132
test_09328,0.7773101925849915
test_09329,0.1571776270866394
test_09330,7.881471901782788e-06
test_09331,0.9985927939414978
test_09332,9.989467798732221e-05
test_09333,0.34369203448295593
test_09334,0.942183792591095
test_09335,0.9980930685997009
test_09336,0.0001560170203447342
test_09337,0.5577883720397949
test_09338,0.7493106722831726
test_09339,0.018390178680419922
test_09340,0.5463877320289612
test_09341,0.008586312644183636
test_09342,0.7086619734764099
test_09343,8.697918019606732e-06
test_09344,0.9561301469802856
test_09345,0.9935265779495239
test_09346,0.8027578592300415
test_09347,0.007850687019526958
test_09348,0.14694127440452576
test_09349,0.15711583197116852
test_09350,0.9071025848388672
test_09351,0.999987006187439
test_09352,0.0024297116324305534
test_09353,0.0014634549152106047
test_09354,0.9999985694885254
test_09355,0.9982707500457764
test_09356,0.9976661205291748
test_09357,0.9860661625862122
test_09358,0.47341880202293396
test_09359,0.002621660241857171
test_09360,0.427202045917511
test_09361,0.8552353978157043
test_09362,0.1848178207874298
test_09363,0.6704975962638855
test_09364,0.03907164931297302
test_09365,0.001136596081778407
test_09366,0.9982022047042847
test_09367,0.7511063814163208
test_09368,6.692010356346145e-05
test_09369,0.6349741220474243
test_09370,0.2730294167995453
test_09371,0.00462330412119627
test_09372,0.9999995231628418
test_09373,0.00032556895166635513
test_09374,0.9862536191940308
test_09375,0.468431681394577
test_09376,0.5765655040740967
test_09377,0.6777861714363098
test_09378,0.9997817873954773
test_09379,0.9998296499252319
test_09380,0.020235136151313782
test_09381,0.6585668325424194
test_09382,0.9929672479629517
test_09383,0.5088287591934204
test_09384,0.001588079147040844
test_09385,0.9952465891838074
test_09386,0.9859418272972107
test_09387,0.9998569488525391
test_09388,0.3741132616996765
test_09389,0.21283221244812012
test_09390,0.5419850945472717
test_09391,0.5058209896087646
test_09392,0.15399248898029327
test_09393,0.018600260838866234
test_09394,0.7174744606018066
test_09395,0.10624822974205017
test_09396,0.8706475496292114
test_09397,0.0025344325695186853
test_09398,0.9573116302490234
test_09399,0.638034462928772
test_09400,0.7319729328155518
test_09401,0.6497987508773804
test_09402,0.9999169111251831
test_09403,0.10581502318382263
test_09404,0.8085717558860779
test_09405,0.011885871179401875
test_09406,0.9973748922348022
test_09407,0.945060670375824
test_09408,0.37259164452552795
test_09409,0.004206374287605286
test_09410,0.9358752369880676
test_09411,0.9999644756317139
test_09412,0.9968916773796082
test_09413,0.9950803518295288
test_09414,0.0025551733560860157
test_09415,0.8075090050697327
test_09416,0.9999868869781494
test_09417,0.01961599290370941
test_09418,0.9998568296432495
test_09419,0.01573539711534977
test_09420,0.9999164342880249
test_09421,0.03630756959319115
test_09422,0.0009700587834231555
test_09423,0.008008894510567188
test_09424,0.9887948036193848
test_09425,0.1771748960018158
test_09426,0.018338799476623535
test_09427,2.4275188934552716e-06
test_09428,0.006332191172987223
test_09429,0.9994532465934753
test_09430,0.9999557733535767
test_09431,0.9828819036483765
test_09432,0.0003100111207459122
test_09433,0.34989213943481445
test_09434,0.9999947547912598
test_09435,0.7897999882698059
test_09436,0.3737536668777466
test_09437,0.009005620144307613
test_09438,0.998572826385498
test_09439,0.03372000530362129
test_09440,0.979913592338562
test_09441,0.0785844549536705
test_09442,5.913475433771964e-07
test_09443,0.9872599840164185
test_09444,0.8202963471412659
test_09445,0.5516051650047302
test_09446,0.680359959602356
test_09447,0.5115547180175781
test_09448,0.5439676642417908
test_09449,0.9595962166786194
test_09450,0.9999996423721313
test_09451,0.0004802033945452422
test_09452,0.9984599351882935
test_09453,0.9999023675918579
test_09454,0.3374321460723877
test_09455,0.9998408555984497
test_09456,0.5608571171760559
test_09457,3.898167415172793e-05
test_09458,0.0006900497246533632
test_09459,0.029354991391301155
test_09460,0.8174095749855042
test_09461,0.9667348861694336
test_09462,0.9311150312423706
test_09463,0.11323709785938263
test_09464,0.9736263751983643
test_09465,0.9999722242355347
test_09466,1.0518120774349882e-07
test_09467,0.994125485420227
test_09468,0.6657620072364807
test_09469,0.0004762958560604602
test_09470,0.9988182187080383
test_09471,0.2308146059513092
test_09472,0.9943438768386841
test_09473,0.014464530162513256
test_09474,0.08058802783489227
test_09475,0.16252537071704865
test_09476,0.9710190296173096
test_09477,0.4488808512687683
test_09478,7.603901508446143e-08
test_09479,0.9933305382728577
test_09480,0.4054241180419922
test_09481,0.0003290278255008161
test_09482,0.005193404387682676
test_09483,0.7479128241539001
test_09484,0.00023152476933319122
test_09485,0.05825532227754593
test_09486,0.1470053493976593
test_09487,0.9590118527412415
test_09488,2.977299686790502e-07
test_09489,0.49460408091545105
test_09490,3.462263339315541e-05
test_09491,0.0009158978355117142
test_09492,0.5830742120742798
test_09493,0.8242768049240112
test_09494,0.47554802894592285
test_09495,0.006557197775691748
test_09496,0.0011681457981467247
test_09497,0.000512754253577441
test_09498,0.9999710321426392
test_09499,0.3198164999485016
test_09500,0.9689610600471497
test_09501,0.9989058971405029
test_09502,0.005770597606897354
test_09503,0.5657513737678528
test_09504,0.9574423432350159
test_09505,0.9645740389823914
test_09506,0.2624092400074005
test_09507,0.9990942478179932
test_09508,0.9999996423721313
test_09509,0.00041739791049622
test_09510,0.3126339316368103
test_09511,2.125058017554693e-06
test_09512,0.0004053826560266316
test_09513,0.8883715271949768
test_09514,0.9999948740005493
test_09515,0.4927995800971985
test_09516,0.99991774559021
test_09517,0.6583226323127747
test_09518,0.0051476191729307175
test_09519,1.0
test_09520,0.14916716516017914
test_09521,0.9996448755264282
test_09522,0.18993084132671356
test_09523,1.3814824342262e-05
test_09524,0.2574346959590912
test_09525,0.9998966455459595
test_09526,0.998712420463562
test_09527,0.042330022901296616
test_09528,1.0411307812319137e-05
test_09529,0.9964773058891296
test_09530,0.6435960531234741
test_09531,0.021887825801968575
test_09532,0.0008124355808831751
test_09533,0.9910556077957153
test_09534,0.9983622431755066
test_09535,0.8613234162330627
test_09536,1.935235189876039e-07
test_09537,0.940481960773468
test_09538,0.0012612350983545184
test_09539,0.9998179078102112
test_09540,0.3328317105770111
test_09541,2.25363746721996e-05
test_09542,4.740567760563863e-07
test_09543,0.9179895520210266
test_09544,0.5141974687576294
test_09545,0.8136197328567505
test_09546,0.0013956371694803238
test_09547,4.087692957455147e-07
test_09548,9.513928489468526e-06
test_09549,0.14209000766277313
test_09550,0.0068738521076738834
test_09551,0.008997337892651558
test_09552,0.8816525340080261
test_09553,0.008083167485892773
test_09554,0.05758022144436836
test_09555,0.00014138830010779202
test_09556,0.1308658868074417
test_09557,0.002928081899881363
test_09558,0.8566675782203674
test_09559,0.9966434240341187
test_09560,0.9962526559829712
test_09561,0.09322609007358551
test_09562,0.9994138479232788
test_09563,0.5461573600769043
test_09564,0.7653245329856873
test_09565,0.9981763362884521
test_09566,6.31413422524929e-05
test_09567,0.9999985694885254
test_09568,0.9984740614891052
test_09569,0.017083989456295967
test_09570,0.2589097023010254
test_09571,0.017112646251916885
test_09572,0.1818307489156723
test_09573,0.8439427018165588
test_09574,0.4186691641807556
test_09575,0.21811525523662567
test_09576,7.986759737832472e-05
test_09577,0.0011150456266477704
test_09578,0.1975976824760437
test_09579,0.7322641015052795
test_09580,0.010922466404736042
test_09581,0.3452306091785431
test_09582,0.9909735321998596
test_09583,0.17425961792469025
test_09584,0.9999648332595825
test_09585,0.8387094140052795
test_09586,0.7532816529273987
test_09587,0.1798587143421173
test_09588,0.9999980926513672
test_09589,0.9919307827949524
test_09590,0.9996726512908936
test_09591,0.9971638321876526
test_09592,0.6633996963500977
test_09593,0.09148057550191879
test_09594,0.9992585778236389
test_09595,0.9850170612335205
test_09596,0.9999955892562866
test_09597,0.9522051215171814
test_09598,0.859131395816803
test_09599,0.030227914452552795
test_09600,0.00019072130089625716
test_09601,0.9997851252555847
test_09602,0.00897652842104435
test_09603,0.3469657599925995
test_09604,0.1663431078195572
test_09605,0.4680132269859314
test_09606,0.21957504749298096
test_09607,0.00022117119806353003
test_09608,0.012653892859816551
test_09609,0.9993854761123657
test_09610,0.9999979734420776
test_09611,0.5501732230186462
test_09612,0.9889540672302246
test_09613,0.8244327306747437
test_09614,0.015547339804470539
test_09615,0.9305528998374939
test_09616,0.0026042687240988016
test_09617,0.999738872051239
test_09618,0.926504909992218
test_09619,0.28785791993141174
test_09620,0.997044026851654
test_09621,0.999956488609314
test_09622,0.00020143298024777323
test_09623,0.9995369911193848
test_09624,0.06003960594534874
test_09625,0.011171961203217506
test_09626,0.996094286441803
test_09627,0.12447071075439453
test_09628,0.2553025782108307
test_09629,0.9998075366020203
test_09630,0.9996232986450195
test_09631,9.183577640214935e-05
test_09632,0.0626494288444519
test_09633,0.5303375124931335
test_09634,0.6380526423454285
test_09635,0.07507364451885223
test_09636,3.3412050015613204e-06
test_09637,0.8059080839157104
test_09638,0.039811134338378906
test_09639,0.23160815238952637
test_09640,0.19164800643920898
test_09641,0.001282697543501854
test_09642,0.33957794308662415
test_09643,0.2556747794151306
test_09644,0.010949595831334591
test_09645,0.036161910742521286
test_09646,0.004035755526274443
test_09647,0.0030057388357818127
test_09648,0.3754774034023285
test_09649,9.9995585145507e-09
test_09650,0.3592243492603302
test_09651,0.01221154909580946
test_09652,0.018207324668765068
test_09653,0.910843014717102
test_09654,0.0002597945276647806
test_09655,0.09665324538946152
test_09656,0.9999071359634399
test_09657,0.001893550157546997
test_09658,0.00041266647167503834
test_09659,0.9960849285125732
test_09660,0.999845027923584
test_09661,0.5210881233215332
test_09662,0.000754217675421387
test_09663,0.9999920129776001
test_09664,0.14526845514774323
test_09665,0.11254449188709259
test_09666,0.9584434032440186
test_09667,6.173902511363849e-05
test_09668,8.702651393832639e-05
test_09669,0.02366211824119091
test_09670,0.032625310122966766
test_09671,0.5236012935638428
test_09672,0.7712362408638
test_09673,0.011028044857084751
test_09674,0.7116816639900208
test_09675,0.11476732045412064
test_09676,0.9999574422836304
test_09677,0.8934954404830933
test_09678,0.9999996423721313
test_09679,0.33047717809677124
test_09680,0.9984704852104187
test_09681,0.9913978576660156
test_09682,0.003163255052641034
test_09683,0.2609196603298187
test_09684,0.9959847927093506
test_09685,0.7062900066375732
test_09686,0.016964303329586983
test_09687,0.7012627124786377
test_09688,0.1881062537431717
test_09689,0.07524384558200836
test_09690,0.9324396252632141
test_09691,0.7832702994346619
test_09692,0.49701327085494995
test_09693,0.5469642281532288
test_09694,0.7891329526901245
test_09695,0.6666913628578186
test_09696,0.26644521951675415
test_09697,0.9999232292175293
test_09698,0.9452962279319763
test_09699,0.8244460821151733
test_09700,0.9435625672340393
test_09701,0.6761669516563416
test_09702,0.8775880336761475
test_09703,0.31751084327697754
test_09704,0.762412428855896
test_09705,0.9627640843391418
test_09706,0.9983178377151489
test_09707,0.9678177833557129
test_09708,0.932294487953186
test_09709,0.6550224423408508
test_09710,0.0028121313080191612
test_09711,0.0028126928955316544
test_09712,0.224428191781044
test_09713,0.9995806813240051
test_09714,0.5115453600883484
test_09715,0.006234803237020969
test_09716,0.2995525896549225
test_09717,0.9991704225540161
test_09718,0.9951850771903992
test_09719,0.028006015345454216
test_09720,0.1480124145746231
test_09721,0.09913654625415802
test_09722,0.00021597764862235636
test_09723,0.9874750971794128
test_09724,0.594942569732666
test_09725,0.9955039620399475
test_09726,0.0010491801658645272
test_09727,0.9997283816337585
test_09728,5.1859919949492905e-06
test_09729,0.4019305408000946
test_09730,0.9844387173652649
test_09731,0.5496355891227722
test_09732,0.014800132252275944
test_09733,0.24454382061958313
test_09734,0.0007032114081084728
test_09735,0.008284222334623337
test_09736,1.814694405766204e-05
test_09737,0.9994660019874573
test_09738,9.362278797198087e-05
test_09739,0.2035001814365387
test_09740,0.08299852162599564
test_09741,0.17791837453842163
test_09742,0.0004126692656427622
test_09743,0.9904147386550903
test_09744,0.8287304043769836
test_09745,0.9400964975357056
test_09746,0.9999455213546753
test_09747,0.9964514970779419
test_09748,0.06347493082284927
test_09749,0.9992064833641052
test_09750,0.9881688952445984
test_09751,0.975040078163147
test_09752,0.5867324471473694
test_09753,0.9999405145645142
test_09754,0.10253208130598068
test_09755,0.7799140214920044
test_09756,0.03443963825702667
test_09757,0.0135823218151927
test_09758,0.4405518174171448
test_09759,0.8594189882278442
test_09760,0.10363347083330154
test_09761,0.214408740401268
test_09762,0.13699176907539368
test_09763,0.9943616390228271
test_09764,0.6711969971656799
test_09765,0.00045826195855624974
test_09766,0.3024628758430481
test_09767,1.6430502000730485e-05
test_09768,0.9982385635375977
test_09769,0.036128103733062744
test_09770,0.0010626170551404357
test_09771,0.13739679753780365
test_09772,0.9260241389274597
test_09773,0.6953683495521545
test_09774,0.2789016366004944
test_09775,1.0882656198418772e-07
test_09776,0.48605430126190186
test_09777,0.9823633432388306
test_09778,0.020470542833209038
test_09779,0.9583361744880676
test_09780,1.4548073750120238e-06
test_09781,0.00012978469021618366
test_09782,0.874454140663147
test_09783,0.9991611242294312
test_09784,0.016308007761836052
test_09785,0.9325258135795593
test_09786,8.673968113726005e-05
test_09787,0.9359748363494873
test_09788,0.5478295087814331
test_09789,0.00539218308404088
test_09790,0.001147263334132731
test_09791,0.8075023293495178
test_09792,0.011716236360371113
test_09793,0.9999935626983643
test_09794,6.410659807443153e-07
test_09795,0.01637340895831585
test_09796,0.009871440008282661
test_09797,0.0003020096046384424
test_09798,0.9999985694885254
test_09799,0.978888213634491
test_09800,0.9858406782150269
test_09801,0.04892909154295921
test_09802,0.9852834939956665
test_09803,0.9981934428215027
test_09804,0.9629403948783875
test_09805,0.9880286455154419
test_09806,0.9828662276268005
test_09807,0.9998282194137573
test_09808,0.9995347261428833
test_09809,0.4818897247314453
test_09810,0.9999735355377197
test_09811,0.036545466631650925
test_09812,0.5607748627662659
test_09813,0.0005207433714531362
test_09814,0.9271044731140137
test_09815,0.0005470291362144053
test_09816,0.2748236656188965
test_09817,0.751494824886322
test_09818,0.9914200305938721
test_09819,0.6020963788032532
test_09820,0.9540010094642639
test_09821,1.5912374919935246e-06
test_09822,0.9814186096191406
test_09823,0.9409130811691284
test_09824,0.9999982118606567
test_09825,0.9997492432594299
test_09826,0.9999772310256958
test_09827,0.7409242391586304
test_09828,0.9415720105171204
test_09829,0.92538982629776
test_09830,0.9996541738510132
test_09831,0.9996477365493774
test_09832,0.9998549222946167
test_09833,0.7416791319847107
test_09834,0.9972469806671143
test_09835,0.0021634045988321304
test_09836,0.9947715401649475
test_09837,0.9999829530715942
test_09838,0.9903869032859802
test_09839,0.983909547328949
test_09840,0.22561970353126526
test_09841,0.9999704360961914
test_09842,0.010611175559461117
test_09843,0.09795047342777252
test_09844,0.0018486916087567806
test_09845,0.9847191572189331
test_09846,0.9390889406204224
test_09847,0.24892020225524902
test_09848,0.031288307160139084
test_09849,0.9999890327453613
test_09850,0.9939367175102234
test_09851,0.07477325946092606
test_09852,0.5763676166534424
test_09853,0.9995494484901428
test_09854,0.9219557642936707
test_09855,2.6820280254469253e-06
test_09856,0.4992595613002777
test_09857,0.9721830487251282
test_09858,0.8407692909240723
test_09859,0.00014845833356957883
test_09860,0.012168067507445812
test_09861,0.46910831332206726
test_09862,0.4898943603038788
test_09863,0.07297408580780029
test_09864,0.9999256134033203
test_09865,0.0771680548787117
test_09866,0.761589765548706
test_09867,0.02201034501194954
test_09868,0.9575620889663696
test_09869,0.9999759197235107
test_09870,0.00047481057117693126
test_09871,0.0001001758937491104
test_09872,0.8044285774230957
test_09873,0.9958015084266663
test_09874,0.0038438874762505293
test_09875,0.8835200071334839
test_09876,0.8753166198730469
test_09877,0.7305104732513428
test_09878,0.0002880967513192445
test_09879,0.0003173970908392221
test_09880,0.0035641174763441086
test_09881,0.3097621500492096
test_09882,0.025881951674818993
test_09883,0.10129877179861069
test_09884,0.819087028503418
test_09885,0.9999997615814209
test_09886,0.6070376634597778
test_09887,0.00023800329654477537
test_09888,0.1313641220331192
test_09889,0.9998873472213745
test_09890,0.4437233805656433
test_09891,0.00064373470377177
test_09892,0.9999324083328247
test_09893,0.03477732837200165
test_09894,0.1541004776954651
test_09895,0.011295819655060768
test_09896,0.04609808698296547
test_09897,0.997404158115387
test_09898,0.9555545449256897
test_09899,0.9376566410064697
test_09900,0.013528845272958279
test_09901,0.0011777826584875584
test_09902,0.8958519697189331
test_09903,0.00021073872630950063
test_09904,0.014474145136773586
test_09905,0.997719943523407
test_09906,0.9856056571006775
test_09907,0.9974243640899658
test_09908,6.148216198198497e-05
test_09909,0.4484862983226776
test_09910,6.397405377356336e-05
test_09911,0.9914276599884033
test_09912,0.3830012381076813
test_09913,0.32268965244293213
test_09914,0.005162595305591822
test_09915,0.0012926544295623899
test_09916,0.9946770668029785
test_09917,2.585810250366194e-07
test_09918,0.9147024154663086
test_09919,0.0025181006640195847
test_09920,0.03435513749718666
test_09921,0.4498957097530365
test_09922,0.07339712977409363
test_09923,0.001212647883221507
test_09924,0.675868570804596
test_09925,0.9997484087944031
test_09926,0.9999898672103882
test_09927,3.672034290502779e-05
test_09928,0.2762666344642639
test_09929,0.9999279975891113
test_09930,0.9980217218399048
test_09931,0.5054349303245544
test_09932,0.7972661256790161
test_09933,0.6564624309539795
test_09934,0.00876874104142189
test_09935,0.5784600377082825
test_09936,0.5572640299797058
test_09937,0.9990905523300171
test_09938,0.9964553117752075
test_09939,0.43611621856689453
test_09940,0.9928344488143921
test_09941,0.9999761581420898
test_09942,0.7423759698867798
test_09943,0.6523417830467224
test_09944,0.8797040581703186
test_09945,0.8280436396598816
test_09946,0.00010294159437762573
test_09947,0.9999997615814209
test_09948,0.9947205781936646
test_09949,0.08794998377561569
test_09950,2.9058073778287508e-06
test_09951,0.6811052560806274
test_09952,0.05938228592276573
test_09953,0.0004948288551531732
test_09954,0.16665807366371155
test_09955,0.0034060957841575146
test_09956,0.9924902319908142
test_09957,0.00010305848263669759
test_09958,0.8043197989463806
test_09959,0.8039153218269348
test_09960,0.9999349117279053
test_09961,0.45825424790382385
test_09962,0.646184504032135
test_09963,0.9999995231628418
test_09964,0.3991401791572571
test_09965,1.1310983261125784e-09
test_09966,0.987194836139679
test_09967,3.0292612791527063e-05
test_09968,0.11893118172883987
test_09969,0.9717850685119629
test_09970,0.00030201044864952564
test_09971,0.009423528797924519
test_09972,0.8193278312683105
test_09973,0.13978104293346405
test_09974,0.9999665021896362
test_09975,0.006120071746408939
test_09976,0.9999943971633911
test_09977,0.0002514604420866817
test_09978,0.054545558989048004
test_09979,0.9240407943725586
test_09980,0.019150113686919212
test_09981,0.23275154829025269
test_09982,0.9995880722999573
test_09983,0.7973203063011169
test_09984,3.869094484798552e-07
test_09985,0.004849492572247982
test_09986,0.571647584438324
test_09987,0.13194888830184937
test_09988,0.9180049300193787
test_09989,0.9945196509361267
test_09990,0.1336006224155426
test_09991,0.21261492371559143
test_09992,1.352168396806519e-06
test_09993,1.5441449932040996e-06
test_09994,0.9369509220123291
test_09995,0.99985671043396
test_09996,0.9922846555709839
test_09997,0.03615095838904381
test_09998,0.9974762797355652
test_09999,0.9357584118843079
test_10000,0.9089919924736023
test_10001,0.9997217059135437
test_10002,0.9998987913131714
test_10003,0.9963369369506836
test_10004,0.990661084651947
test_10005,0.019611448049545288
test_10006,0.9970800280570984
test_10007,0.9876333475112915
test_10008,0.34422314167022705
test_10009,5.0982876018679235e-06
test_10010,0.9998213648796082
test_10011,0.927014172077179
test_10012,0.08631889522075653
test_10013,0.0014504456194117665
test_10014,0.0017226155614480376
test_10015,0.2201266586780548
test_10016,0.524391770362854
test_10017,0.5132007002830505
test_10018,0.9170922636985779
test_10019,0.0032621673308312893
test_10020,0.3029116988182068
test_10021,0.014030389487743378
test_10022,0.00015336880460381508
test_10023,0.24711531400680542
test_10024,0.9999985694885254
test_10025,3.3752701256162254e-07
test_10026,0.5018953680992126
test_10027,0.18669573962688446
test_10028,0.049508124589920044
test_10029,0.9832058548927307
test_10030,0.9569975733757019
test_10031,0.1054476946592331
test_10032,0.43597185611724854
test_10033,0.13047094643115997
test_10034,0.2546522915363312
test_10035,0.2598807215690613
test_10036,0.005023328121751547
test_10037,0.9999998807907104
test_10038,0.9920720458030701
test_10039,0.9253501296043396
test_10040,0.12903696298599243
test_10041,0.6434885859489441
test_10042,0.43573418259620667
test_10043,0.6348031759262085
test_10044,0.6656309962272644
test_10045,0.46778589487075806
test_10046,0.9997751116752625
test_10047,0.3877035975456238
test_10048,0.5863790512084961
test_10049,0.999800980091095
test_10050,0.9996656179428101
test_10051,0.0012100281892344356
test_10052,0.9973813891410828
test_10053,0.0018416730454191566
test_10054,0.8802780508995056
test_10055,0.00014092889614403248
test_10056,0.9920782446861267
test_10057,0.4499027729034424
test_10058,0.5815865397453308
test_10059,0.9999134540557861
test_10060,0.1778322011232376
test_10061,0.9255377054214478
test_10062,1.548924956296105e-05
test_10063,0.9969747066497803
test_10064,0.030671581625938416
test_10065,0.3063432276248932
test_10066,0.9963741898536682
test_10067,0.3488277494907379
test_10068,0.9098736047744751
test_10069,0.00015496286505367607
test_10070,0.3427058160305023
test_10071,0.9992886781692505
test_10072,0.07989399880170822
test_10073,0.007261791732162237
test_10074,0.00017383643717039376
test_10075,0.8838477730751038
test_10076,0.00014466526044998318
test_10077,0.08633904904127121
test_10078,1.7401234799763188e-06
test_10079,0.9994638562202454
test_10080,0.15667298436164856
test_10081,0.08137063682079315
test_10082,0.9901829361915588
test_10083,0.9999929666519165
test_10084,0.1701619029045105
test_10085,0.004493660759180784
test_10086,0.9967432618141174
test_10087,0.9981024861335754
test_10088,0.9966821074485779
test_10089,0.8830615878105164
test_10090,0.892335057258606
test_10091,0.9978852868080139
test_10092,0.9739577770233154
test_10093,0.9911481142044067
test_10094,0.7077342867851257
test_10095,0.17656253278255463
test_10096,0.9698970913887024
test_10097,0.9987791180610657
test_10098,0.19282694160938263
test_10099,0.03603079169988632
test_10100,0.9951168298721313
test_10101,0.03196774423122406
test_10102,0.006732695270329714
test_10103,0.01239867601543665
test_10104,0.9999154806137085
test_10105,0.999969482421875
test_10106,0.0035812484566122293
test_10107,0.0011325711384415627
test_10108,0.9769220352172852
test_10109,0.07343403995037079
test_10110,9.4282199825102e-08
test_10111,0.026943691074848175
test_10112,0.5926899909973145
test_10113,0.9955428242683411
test_10114,0.7963052988052368
test_10115,2.404587939963676e-05
test_10116,3.0552436669495364e-07
test_10117,0.0960608646273613
test_10118,0.9785144925117493
test_10119,0.9710119366645813
test_10120,0.15863430500030518
test_10121,0.9999386072158813
test_10122,7.797945727361366e-06
test_10123,0.11625915765762329
test_10124,0.4022376239299774
test_10125,0.2974395155906677
test_10126,0.1274825930595398
test_10127,8.791625441517681e-05
test_10128,0.38675397634506226
test_10129,0.9180067777633667
test_10130,0.2612517178058624
test_10131,0.29229289293289185
test_10132,0.006293336395174265
test_10133,0.36973458528518677
test_10134,0.01956484280526638
test_10135,0.0007018301985226572
test_10136,0.12097585201263428
test_10137,0.001005435478873551
test_10138,0.999921441078186
test_10139,0.6159406900405884
test_10140,4.005014034191845e-06
test_10141,0.8341768980026245
test_10142,0.017943037673830986
test_10143,0.007324684876948595
test_10144,0.3408620357513428
test_10145,0.011292966082692146
test_10146,0.5111016035079956
test_10147,0.9759241938591003
test_10148,0.9287501573562622
test_10149,0.8924852609634399
test_10150,0.73609459400177
test_10151,2.7424208383308724e-05
test_10152,0.00037460788735188544
test_10153,0.9999054670333862
test_10154,0.9983477592468262
test_10155,0.008446409367024899
test_10156,0.9999881982803345
test_10157,0.9415950179100037
test_10158,1.5898437011330202e-09
test_10159,0.5788385272026062
test_10160,0.06937584280967712
test_10161,0.9049959182739258
test_10162,0.29808181524276733
test_10163,0.8392588496208191
test_10164,0.2456548511981964
test_10165,0.0023660215083509684
test_10166,0.8197243213653564
test_10167,0.9722979068756104
test_10168,0.9883683323860168
test_10169,0.24023745954036713
test_10170,0.0008867122232913971
test_10171,0.5438786745071411
test_10172,3.5398861655266955e-05
test_10173,0.9998956918716431
test_10174,0.9940153956413269
test_10175,0.5982472896575928
test_10176,4.2911355535579787e-07
test_10177,0.00017729116370901465
test_10178,0.11704620718955994
test_10179,0.03416962921619415
test_10180,0.528792679309845
test_10181,0.0002138467680197209
test_10182,0.7362176179885864
test_10183,6.024331469234312e-07
test_10184,5.084638814878417e-06
test_10185,0.9997414946556091
test_10186,0.011779602617025375
test_10187,0.999995231628418
test_10188,0.9998810291290283
test_10189,0.9998910427093506
test_10190,0.9999628067016602
test_10191,0.9325942397117615
test_10192,0.00022451354016084224
test_10193,0.24473656713962555
test_10194,0.22698211669921875
test_10195,0.45979684591293335
test_10196,0.0113191157579422
test_10197,0.9985558390617371
test_10198,0.00034586808760650456
test_10199,0.09441050887107849
test_10200,0.07347343862056732
test_10201,0.021401269361376762
test_10202,0.4421986937522888
test_10203,0.8328772187232971
test_10204,0.05894489958882332
test_10205,0.09418395161628723
test_10206,0.7954206466674805
test_10207,0.05276469886302948
test_10208,0.999966025352478
test_10209,0.7656506896018982
test_10210,0.9985402822494507
test_10211,0.0031306634191423655
test_10212,0.9951733946800232
test_10213,0.0007734523969702423
test_10214,0.5178276300430298
test_10215,0.4091372787952423
test_10216,0.9842007756233215
test_10217,0.0011357766343280673
test_10218,0.17531165480613708
test_10219,0.9438583254814148
test_10220,0.07769853621721268
test_10221,0.6095036268234253
test_10222,0.9999516010284424
test_10223,0.4444662630558014
test_10224,0.7578654885292053
test_10225,0.05016555264592171
test_10226,1.7379923519911245e-05
test_10227,0.2856077551841736
test_10228,0.0034248712472617626
test_10229,0.1218871921300888
test_10230,0.014591317623853683
test_10231,0.9999765157699585
test_10232,0.5597574710845947
test_10233,0.9999371767044067
test_10234,1.3814124955047191e-08
test_10235,0.6510723233222961
test_10236,0.9340401291847229
test_10237,0.8122706413269043
test_10238,0.03259541839361191
test_10239,0.6028086543083191
test_10240,0.9999957084655762
test_10241,0.11783426254987717
test_10242,0.9991810917854309
test_10243,0.057723842561244965
test_10244,0.38973066210746765
test_10245,0.3393692076206207
test_10246,0.9897335171699524
test_10247,0.06811738014221191
test_10248,0.9000105857849121
test_10249,0.3280748426914215
test_10250,0.9883753061294556
test_10251,0.999011754989624
test_10252,0.2958245575428009
test_10253,0.9966983199119568
test_10254,0.001127817900851369
test_10255,0.42697471380233765
test_10256,0.7037304043769836
test_10257,0.03358643129467964
test_10258,0.9840297698974609
test_10259,0.0026729207020252943
test_10260,0.9671570658683777
test_10261,0.7599870562553406
test_10262,0.5053934454917908
test_10263,0.9860789179801941
test_10264,0.8195199370384216
test_10265,3.0013425202923827e-06
test_10266,0.858150839805603
test_10267,0.9999634027481079
test_10268,0.9999994039535522
test_10269,0.7107305526733398
test_10270,0.0946035087108612
test_10271,0.0041256919503211975
test_10272,0.4629603326320648
test_10273,0.9168604016304016
test_10274,0.9628560543060303
test_10275,0.9999308586120605
test_10276,0.9991756081581116
test_10277,0.9999949932098389
test_10278,0.9975855350494385
test_10279,0.9824309945106506
test_10280,0.5198695659637451
test_10281,0.00125000043772161
test_10282,0.00045195341226644814
test_10283,0.00010059248597826809
test_10284,0.6146224141120911
test_10285,0.8859140872955322
test_10286,0.791144847869873
test_10287,0.0012401532148942351
test_10288,0.9998282194137573
test_10289,0.9908983111381531
test_10290,0.9878845810890198
test_10291,0.4306464195251465
test_10292,0.4476417601108551
test_10293,0.9999974966049194
test_10294,0.24616725742816925
test_10295,0.9003211259841919
test_10296,0.9999781847000122
test_10297,0.156293585896492
test_10298,0.0002322493091924116
test_10299,0.1180216372013092
test_10300,0.006415920332074165
test_10301,0.21189488470554352
test_10302,0.9999681711196899
test_10303,0.996245801448822
test_10304,0.999993085861206
test_10305,0.8362554311752319
test_10306,0.031580112874507904
test_10307,0.049998845905065536
test_10308,0.8193687796592712
test_10309,0.9958645105361938
test_10310,0.006089132744818926
test_10311,0.23195679485797882
test_10312,0.0020796488970518112
test_10313,6.618524366786005e-06
test_10314,0.9993854761123657
test_10315,0.6634902358055115
test_10316,0.9212648272514343
test_10317,0.0035769527312368155
test_10318,0.9977136850357056
test_10319,0.7868303060531616
test_10320,0.9962414503097534
test_10321,0.9925236105918884
test_10322,7.859898687456734e-07
test_10323,0.00021959777222946286
test_10324,2.1107429347466677e-05
test_10325,0.7713959813117981
test_10326,0.9720097184181213
test_10327,0.9999719858169556
test_10328,0.2037741094827652
test_10329,0.9999966621398926
test_10330,0.25022178888320923
test_10331,0.3554162383079529
test_10332,0.705603837966919
test_10333,0.9998489618301392
test_10334,0.44596871733665466
test_10335,0.0010088278213515878
test_10336,0.3054044842720032
test_10337,0.19560572504997253
test_10338,0.9999827146530151
test_10339,0.06097034364938736
test_10340,0.9912315011024475
test_10341,0.16683168709278107
test_10342,0.5151127576828003
test_10343,0.818445086479187
test_10344,0.9991586208343506
test_10345,0.019159024581313133
test_10346,0.9906598925590515
test_10347,0.9982848763465881
test_10348,0.9995666146278381
test_10349,0.0007492633303627372
test_10350,0.6333611607551575
test_10351,0.001567747676745057
test_10352,0.00013221912377048284
test_10353,0.28500887751579285
test_10354,0.9959180951118469
test_10355,0.7992764711380005
test_10356,0.0022031571716070175
test_10357,0.26527485251426697
test_10358,0.9962378740310669
test_10359,0.3542087972164154
test_10360,0.32279664278030396
test_10361,0.9998422861099243
test_10362,0.7159507870674133
test_10363,0.05073151737451553
test_10364,0.5672464370727539
test_10365,0.0034652738831937313
test_10366,0.7538335919380188
test_10367,0.7800289392471313
test_10368,4.027933391625993e-05
test_10369,0.9908021092414856
test_10370,0.9997711777687073
test_10371,0.9999673366546631
test_10372,0.0005601822049356997
test_10373,0.999987006187439
test_10374,5.691529804607853e-05
test_10375,0.6720062494277954
test_10376,0.9538556337356567
test_10377,0.0022224930580705404
test_10378,0.0004917539772577584
test_10379,0.07971034944057465
test_10380,0.665530264377594
test_10381,0.5477296113967896
test_10382,0.9988487958908081
test_10383,0.41986536979675293
test_10384,1.6767609167800401e-06
test_10385,0.12943239510059357
test_10386,0.6282408833503723
test_10387,0.9970046877861023
test_10388,0.00015535848797298968
test_10389,0.016753215342760086
test_10390,0.0026953055057674646
test_10391,0.011378400027751923
test_10392,0.000269943819148466
test_10393,1.549662300703858e-07
test_10394,0.0007298861746676266
test_10395,0.9674551486968994
test_10396,0.03867568448185921
test_10397,1.2910142686450854e-05
test_10398,0.35117843747138977
test_10399,5.1025654101977125e-05
test_10400,0.9999961853027344
test_10401,0.2858175039291382
test_10402,0.35889482498168945
test_10403,0.11519673466682434
test_10404,0.002072147559374571
test_10405,0.6214468479156494
test_10406,0.9999406337738037
test_10407,0.9325590133666992
test_10408,0.35011473298072815
test_10409,3.6520170397125185e-05
test_10410,0.00020003043755423278
test_10411,0.9968162178993225
test_10412,0.7540886998176575
test_10413,0.3985414206981659
test_10414,0.0001421301276423037
test_10415,0.9999920129776001
test_10416,0.0008461676770821214
test_10417,0.7520642876625061
test_10418,0.4803880453109741
test_10419,0.9972219467163086
test_10420,0.9278614521026611
test_10421,0.9999713897705078
test_10422,0.09125640243291855
test_10423,0.9999996423721313
test_10424,0.9857718348503113
test_10425,0.2764504551887512
test_10426,0.28214752674102783
test_10427,0.9999998807907104
test_10428,0.41141068935394287
test_10429,0.0024798610247671604
test_10430,2.339994198408135e-09
test_10431,6.163449143059552e-05
test_10432,0.0030925250612199306
test_10433,0.9999932050704956
test_10434,0.9999995231628418
test_10435,0.8048086762428284
test_10436,0.14006178081035614
test_10437,1.2561138646560721e-05
test_10438,0.9993392825126648
test_10439,0.07273612916469574
test_10440,0.03374428674578667
test_10441,0.477239191532135
test_10442,0.01850113831460476
test_10443,0.611666738986969
test_10444,0.024869060143828392
test_10445,0.3909735083580017
test_10446,0.9975377321243286
test_10447,0.9999985694885254
test_10448,0.08471360057592392
test_10449,0.9733095169067383
test_10450,0.9295586943626404
test_10451,0.9970118999481201
test_10452,0.2557847499847412
test_10453,0.7544972896575928
test_10454,0.9068505764007568
test_10455,0.00020957272499799728
test_10456,0.001392663805745542
test_10457,0.9929037690162659
test_10458,0.04345373064279556
test_10459,0.020773693919181824
test_10460,0.9992067217826843
test_10461,0.35923492908477783
test_10462,0.16289663314819336
test_10463,0.003412331221625209
test_10464,0.09868159890174866
test_10465,6.001915631159704e-10
test_10466,0.9999986886978149
test_10467,0.41787073016166687
test_10468,0.9990448355674744
test_10469,0.4665807783603668
test_10470,0.9999974966049194
test_10471,0.5120014548301697
test_10472,0.9999927282333374
test_10473,0.9999834299087524
test_10474,0.9999996423721313
test_10475,0.21169787645339966
test_10476,0.0005840208614245057
test_10477,0.8770023584365845
test_10478,2.6648235689208377e-06
test_10479,0.9999997615814209
test_10480,0.9720593690872192
test_10481,0.6256465911865234
test_10482,0.4427565038204193
test_10483,0.12466248124837875
test_10484,0.534001886844635
test_10485,0.024490393698215485
test_10486,1.2659347703447565e-06
test_10487,0.9938442707061768
test_10488,0.0023333325516432524
test_10489,0.5386541485786438
test_10490,0.9982507824897766
test_10491,8.766586688579991e-05
test_10492,0.007071247324347496
test_10493,0.9999996423721313
test_10494,0.2376215159893036
test_10495,0.9959419369697571
test_10496,0.07908069342374802
test_10497,0.0107111856341362
test_10498,0.02439161017537117
test_10499,0.9885838031768799
test_10500,0.9988320469856262
test_10501,0.48041561245918274
test_10502,0.37475255131721497
test_10503,0.4223056137561798
test_10504,0.6949798464775085
test_10505,0.9809463620185852
test_10506,0.9931938648223877
test_10507,0.016798362135887146
test_10508,0.7849664092063904
test_10509,0.9917774200439453
test_10510,0.8772630095481873
test_10511,1.143394001701381e-05
test_10512,2.330897501678919e-07
test_10513,0.9999580383300781
test_10514,0.999492883682251
test_10515,0.00015752545732539147
test_10516,0.9903891682624817
test_10517,0.9006491303443909
test_10518,0.2414504587650299
test_10519,0.0012667648261412978
test_10520,0.9997523427009583
test_10521,0.9999896287918091
test_10522,0.970032811164856
test_10523,0.2253517210483551
test_10524,0.9857745170593262
test_10525,0.3208581805229187
test_10526,0.9990087747573853
test_10527,0.99049311876297
test_10528,0.9958475232124329
test_10529,0.9999649524688721
test_10530,0.3818344473838806
test_10531,0.9572200179100037
test_10532,0.0050812033005058765
test_10533,0.955228328704834
test_10534,8.068669558269903e-05
test_10535,0.004137552343308926
test_10536,0.9989607334136963
test_10537,0.9945847392082214
test_10538,0.3629456162452698
test_10539,0.9936251640319824
test_10540,0.09966505318880081
test_10541,0.08485474437475204
test_10542,0.7046146392822266
test_10543,0.9631657004356384
test_10544,0.00016330688958987594
test_10545,0.007750719785690308
test_10546,0.901402473449707
test_10547,0.9044774770736694
test_10548,0.030385706573724747
test_10549,0.14432984590530396
test_10550,0.9564107656478882
test_10551,0.00041520653758198023
test_10552,0.5298961400985718
test_10553,0.15010961890220642
test_10554,0.9913662075996399
test_10555,0.9988678693771362
test_10556,0.04605250805616379
test_10557,0.6595962047576904
test_10558,0.05945753678679466
test_10559,0.9786873459815979
test_10560,0.9999569654464722
test_10561,0.004977121017873287
test_10562,0.9054189920425415
test_10563,0.9525686502456665
test_10564,0.7636812925338745
test_10565,0.23462249338626862
test_10566,0.9999974966049194
test_10567,0.010629328899085522
test_10568,0.872256338596344
test_10569,0.35147514939308167
test_10570,0.6771209836006165
test_10571,0.954833447933197
test_10572,0.9999690055847168
test_10573,0.9948967099189758
test_10574,0.7567647099494934
test_10575,0.9640962481498718
test_10576,0.22170008718967438
test_10577,0.8592504858970642
test_10578,3.31366500176955e-05
test_10579,0.0094278734177351
test_10580,0.7553843855857849
test_10581,0.07169209420681
test_10582,0.847858726978302
test_10583,1.7345962987747043e-05
test_10584,0.768640398979187
test_10585,4.316387730796123e-06
test_10586,0.3921860158443451
test_10587,0.11481897532939911
test_10588,0.19047732651233673
test_10589,0.002173117594793439
test_10590,0.0036807009018957615
test_10591,2.59439389083127e-07
test_10592,0.0015978392912074924
test_10593,0.9999974966049194
test_10594,0.9735907912254333
test_10595,0.32552409172058105
test_10596,0.954383373260498
test_10597,0.0001551760797156021
test_10598,0.9263979196548462
test_10599,0.9999432563781738
test_10600,0.024950169026851654
test_10601,9.49717650655657e-06
test_10602,0.4872934818267822
test_10603,0.9855031967163086
test_10604,0.9998611211776733
test_10605,0.9939613342285156
test_10606,0.9051288366317749
test_10607,0.013402384705841541
test_10608,0.9923877716064453
test_10609,0.9997500777244568
test_10610,0.4591546356678009
test_10611,0.9105925559997559
test_10612,1.1932473171327729e-05
test_10613,0.08076092600822449
test_10614,0.05275630205869675
test_10615,0.9971734285354614
test_10616,0.7010007500648499
test_10617,0.3215175271034241
test_10618,0.9979122281074524
test_10619,0.9928395748138428
test_10620,0.9999988079071045
test_10621,0.9992284774780273
test_10622,0.9005745649337769
test_10623,0.26382964849472046
test_10624,0.12400243431329727
test_10625,0.5540463924407959
test_10626,0.0030650293920189142
test_10627,0.2456553727388382
test_10628,0.99989914894104
test_10629,0.9838084578514099
test_10630,0.9999724626541138
test_10631,0.01278311014175415
test_10632,0.8517283797264099
test_10633,0.9970799088478088
test_10634,0.940831184387207
test_10635,0.07660166919231415
test_10636,0.9994592070579529
test_10637,0.9898012280464172
test_10638,2.4346898044314003e-06
test_10639,0.9202913045883179
test_10640,8.61401786096394e-05
test_10641,0.9999961853027344
test_10642,0.9319233298301697
test_10643,0.139193594455719
test_10644,0.3833072781562805
test_10645,0.4336760640144348
test_10646,0.45810219645500183
test_10647,0.5057353973388672
test_10648,0.6910184025764465
test_10649,0.9999206066131592
test_10650,0.6565483808517456
test_10651,0.08274011313915253
test_10652,0.7822718024253845
test_10653,0.9999916553497314
test_10654,0.15268497169017792
test_10655,0.9176042675971985
test_10656,0.9792937636375427
test_10657,0.00015042562154121697
test_10658,0.9451980590820312
test_10659,0.10367584228515625
test_10660,0.7450351119041443
test_10661,0.9929327964782715
test_10662,5.77737191633787e-05
test_10663,0.017469285055994987
test_10664,0.9991994500160217
test_10665,0.668667733669281
test_10666,0.9985963702201843
test_10667,0.4302273094654083
test_10668,0.7532014846801758
test_10669,0.26117566227912903
test_10670,0.00019364271429367363
test_10671,0.4498898386955261
test_10672,0.00016149481234606355
test_10673,0.10590308904647827
test_10674,0.8501474261283875
test_10675,0.0006504739285446703
test_10676,0.2655390799045563
test_10677,0.9999998807907104
test_10678,0.9958670139312744
test_10679,0.10868949443101883
test_10680,0.7396546006202698
test_10681,0.9992172718048096
test_10682,0.8943567276000977
test_10683,0.5212034583091736
test_10684,0.01757921278476715
test_10685,0.0002544767048675567
test_10686,0.9998750686645508
test_10687,0.0002264932991238311
test_10688,0.4428289532661438
test_10689,0.05215354263782501
test_10690,0.8862019777297974
test_10691,0.35809653997421265
test_10692,0.9558048844337463
test_10693,1.4156418046695762e-06
test_10694,0.9934491515159607
test_10695,0.9849126935005188
test_10696,0.0003596862079575658
test_10697,0.5699203014373779
test_10698,0.33491891622543335
test_10699,0.994316041469574
test_10700,0.0016194552881643176
test_10701,0.831468939781189
test_10702,4.8312688960550076e-08
test_10703,0.1699678748846054
test_10704,0.09511423110961914
test_10705,0.9812793731689453
test_10706,0.006210774183273315
test_10707,0.9993842840194702
test_10708,0.9975951313972473
test_10709,0.9927816987037659
test_10710,0.9951386451721191
test_10711,1.0
test_10712,1.0
test_10713,3.237462442484684e-05
test_10714,0.9995848536491394
test_10715,0.7346222400665283
test_10716,0.7902447581291199
test_10717,0.9656814336776733
test_10718,0.003342458512634039
test_10719,0.09351043403148651
test_10720,0.9996964931488037
test_10721,0.004470387008041143
test_10722,0.9449743032455444
test_10723,0.000760351016651839
test_10724,0.041455868631601334
test_10725,0.034698713570833206
test_10726,0.8172566294670105
test_10727,2.343039540164682e-07
test_10728,0.00035013488377444446
test_10729,0.001785994041711092
test_10730,0.675495982170105
test_10731,4.464618905331008e-05
test_10732,0.6637837886810303
test_10733,1.5430585165177035e-07
test_10734,0.00031238520750775933
test_10735,0.927095353603363
test_10736,0.0014697808073833585
test_10737,0.8548657894134521
test_10738,0.9973576664924622
test_10739,0.9675143957138062
test_10740,0.9170352816581726
test_10741,0.9962957501411438
test_10742,0.01745622046291828
test_10743,0.06583940982818604
test_10744,0.00029139977414160967
test_10745,0.0019942426588386297
test_10746,0.09323711693286896
test_10747,0.9924505352973938
test_10748,0.8824725151062012
test_10749,0.9937819838523865
test_10750,0.489208459854126
test_10751,0.024327626451849937
test_10752,0.9541851282119751
test_10753,0.9695418477058411
test_10754,0.9999663829803467
test_10755,0.00238598114810884
test_10756,0.5690656304359436
test_10757,0.2887343764305115
test_10758,0.0005274577997624874
test_10759,0.9999865293502808
test_10760,2.8361778703356322e-08
test_10761,0.0011883010156452656
test_10762,0.9999501705169678
test_10763,0.9997561573982239
test_10764,0.6571909189224243
test_10765,0.5216975212097168
test_10766,0.999278724193573
test_10767,0.4291156232357025
test_10768,0.7936971783638
test_10769,0.029179472476243973
test_10770,7.369232480414212e-05
test_10771,0.9939622282981873
test_10772,6.815618007749435e-07
test_10773,0.9972110390663147
test_10774,0.639789342880249
test_10775,0.04479106515645981
test_10776,0.1069188341498375
test_10777,3.966225449403282e-06
test_10778,0.9998157620429993
test_10779,0.6713457107543945
test_10780,0.9701762795448303
test_10781,0.9997766613960266
test_10782,0.9763025045394897
test_10783,0.009522597305476665
test_10784,0.12574276328086853
test_10785,0.9996153116226196
test_10786,0.9999712705612183
test_10787,0.9999433755874634
test_10788,0.0048276204615831375
test_10789,0.0007821233593858778
test_10790,0.23862260580062866
test_10791,0.19235950708389282
test_10792,0.6473361849784851
test_10793,0.10448306053876877
test_10794,0.9940395355224609
test_10795,0.0020004885736852884
test_10796,0.756189227104187
test_10797,0.49934086203575134
test_10798,0.9998165965080261
test_10799,0.1682390719652176
test_10800,0.9999943971633911
test_10801,0.0004819064342882484
test_10802,0.008995340205729008
test_10803,0.05924265459179878
test_10804,0.4067062437534332
test_10805,0.0001493901654612273
test_10806,0.9967443943023682
test_10807,0.8599775433540344
test_10808,0.9999914169311523
test_10809,0.9998071789741516
test_10810,0.9864463806152344
test_10811,0.000918146746698767
test_10812,0.7381916642189026
test_10813,0.020781882107257843
test_10814,0.007836241275072098
test_10815,0.7350358366966248
test_10816,0.9254617094993591
test_10817,0.3065045475959778
test_10818,0.9999366998672485
test_10819,0.9977443218231201
test_10820,0.21736587584018707
test_10821,0.4920719861984253
test_10822,0.7771350741386414
test_10823,0.6075395345687866
test_10824,1.3977395383335534e-06
test_10825,0.8332705497741699
test_10826,0.9995344877243042
test_10827,0.9434700012207031
test_10828,0.9991182684898376
test_10829,0.21407735347747803
test_10830,0.9965406060218811
test_10831,0.49497637152671814
test_10832,0.7179058194160461
test_10833,0.9996927976608276
test_10834,0.6441159248352051
test_10835,0.0016063848743215203
test_10836,1.3210104953031987e-05
test_10837,0.809116780757904
test_10838,0.5273792147636414
test_10839,0.026731226593255997
test_10840,0.990934431552887
test_10841,0.002664573723450303
test_10842,0.9940199851989746
test_10843,0.0021202536299824715
test_10844,0.40830284357070923
test_10845,0.017993643879890442
test_10846,1.0
test_10847,0.026588156819343567
test_10848,0.6138787269592285
test_10849,3.026261907734806e-08
test_10850,2.7629861506284215e-05
test_10851,0.0004895863821730018
test_10852,0.1685580015182495
test_10853,0.14953851699829102
test_10854,0.9892739653587341
test_10855,0.004145718179643154
test_10856,0.22888541221618652
test_10857,0.9998599290847778
test_10858,0.011215011589229107
test_10859,0.8179420232772827
test_10860,5.1835126214427873e-05
test_10861,0.9591671228408813
test_10862,0.5546271800994873
test_10863,0.7013696432113647
test_10864,0.009171810001134872
test_10865,0.6681719422340393
test_10866,0.977462649345398
test_10867,0.9992507100105286
test_10868,0.005790284834802151
test_10869,0.4605507552623749
test_10870,0.19350266456604004
test_10871,0.000699030002579093
test_10872,0.9997453093528748
test_10873,0.9999983310699463
test_10874,0.07007391005754471
test_10875,0.13811267912387848
test_10876,0.00032438727794215083
test_10877,0.9945604205131531
test_10878,0.9867002964019775
test_10879,0.008614146150648594
test_10880,0.40252330899238586
test_10881,0.0002613911055959761
test_10882,0.01895606331527233
test_10883,0.999788224697113
test_10884,0.9969812035560608
test_10885,0.6656529903411865
test_10886,0.8296118974685669
test_10887,0.9994729161262512
test_10888,0.9999979734420776
test_10889,0.364121675491333
test_10890,0.03974166139960289
test_10891,0.059469372034072876
test_10892,0.9664463996887207
test_10893,0.03137250989675522
test_10894,0.0027691926807165146
test_10895,0.9992828965187073
test_10896,0.0003100658068433404
test_10897,4.14285714214202e-05
test_10898,0.9309371709823608
test_10899,0.9609715342521667
test_10900,0.014540203846991062
test_10901,0.9999860525131226
test_10902,0.3837912082672119
test_10903,0.9611445069313049
test_10904,0.8120317459106445
test_10905,0.9999876022338867
test_10906,0.9977834820747375
test_10907,0.00450256047770381
test_10908,0.1750553548336029
test_10909,0.9892545938491821
test_10910,0.049283530563116074
test_10911,7.760138487356016e-07
test_10912,0.9999998807907104
test_10913,4.7039989681252337e-07
test_10914,0.8519708514213562
test_10915,0.36645424365997314
test_10916,0.004970261361449957
test_10917,0.8286107778549194
test_10918,0.011542093940079212
test_10919,0.2368926703929901
test_10920,0.9993133544921875
test_10921,0.5477635860443115
test_10922,0.8717520236968994
test_10923,0.6863476037979126
test_10924,0.9242595434188843
test_10925,0.8603747487068176
test_10926,0.2192116230726242
test_10927,0.4767507016658783
test_10928,1.1854789590870496e-05
test_10929,7.460436791006941e-06
test_10930,0.9999990463256836
test_10931,0.993391752243042
test_10932,0.9775094985961914
test_10933,0.4510813355445862
test_10934,0.001952687161974609
test_10935,2.6504136258154176e-05
test_10936,0.9999998807907104
test_10937,0.9999264478683472
test_10938,2.1348912468965864e-06
test_10939,0.999908447265625
test_10940,2.5851422833511606e-06
test_10941,0.033692240715026855
test_10942,0.07076515257358551
test_10943,0.18462374806404114
test_10944,0.9651131629943848
test_10945,0.0004938240745104849
test_10946,0.00014139908307697624
test_10947,0.546195924282074
test_10948,0.32199496030807495
test_10949,0.005399184301495552
test_10950,0.050018757581710815
test_10951,0.9865583777427673
test_10952,0.005896947346627712
test_10953,0.4141197204589844
test_10954,0.8481482863426208
test_10955,0.9945951104164124
test_10956,0.019409462809562683
test_10957,0.3425915241241455
test_10958,0.09631041437387466
test_10959,0.0007877139723859727
test_10960,0.6704497933387756
test_10961,0.10980653762817383
test_10962,0.31068065762519836
test_10963,0.14120149612426758
test_10964,0.012179822660982609
test_10965,0.01565365307033062
test_10966,0.6922080516815186
test_10967,0.43140891194343567
test_10968,0.0942409336566925
test_10969,0.15907402336597443
test_10970,0.8027763366699219
test_10971,0.4867822825908661
test_10972,0.9713493585586548
test_10973,0.0005447070579975843
test_10974,0.00992161501199007
test_10975,0.3540504574775696
test_10976,0.9998582601547241
test_10977,0.637351930141449
test_10978,0.9823611974716187
test_10979,0.0922291949391365
test_10980,0.6747862696647644
test_10981,0.9997289776802063
test_10982,0.9851506352424622
test_10983,0.003489371854811907
test_10984,0.9992600083351135
test_10985,0.9965097308158875
test_10986,0.17321637272834778
test_10987,0.999491810798645
test_10988,0.051195595413446426
test_10989,0.0032514759805053473
test_10990,0.1317642629146576
test_10991,1.1313771892673685e-06
test_10992,0.999884843826294
test_10993,0.9999997615814209
test_10994,0.005212328862398863
test_10995,0.28784388303756714
test_10996,0.8704843521118164
test_10997,0.936075747013092
test_10998,0.0015293959295377135
test_10999,0.2389206737279892
test_11000,0.968441903591156
test_11001,0.18206381797790527
test_11002,0.7672784924507141
test_11003,0.0004278905689716339
test_11004,0.16453640162944794
test_11005,0.4351438879966736
test_11006,0.00031344126909971237
test_11007,0.04312874376773834
test_11008,0.8915730714797974
test_11009,3.879439100273885e-05
test_11010,0.9983615279197693
test_11011,0.9449549317359924
test_11012,0.0003314163477625698
test_11013,0.008212827146053314
test_11014,0.5537497997283936
test_11015,0.34235599637031555
test_11016,0.0003380727139301598
test_11017,0.1919563114643097
test_11018,0.9991464614868164
test_11019,0.00569218909367919
test_11020,0.030333904549479485
test_11021,0.9999752044677734
test_11022,0.14417394995689392
test_11023,0.1908351182937622
test_11024,0.9999992847442627
test_11025,0.9951238036155701
test_11026,0.9999903440475464
test_11027,0.9986883997917175
test_11028,0.21389614045619965
test_11029,0.7133989334106445
test_11030,0.999886155128479
test_11031,0.10032342374324799
test_11032,0.0006199323106557131
test_11033,0.407062828540802
test_11034,0.0454656146466732
test_11035,0.9999117851257324
test_11036,0.9989701509475708
test_11037,1.1797901606769301e-05
test_11038,0.9998571872711182
test_11039,0.7164344191551208
test_11040,0.9999507665634155
test_11041,0.7440856695175171
test_11042,3.708110671141185e-05
test_11043,0.9941253662109375
test_11044,0.8569527268409729
test_11045,0.9849774837493896
test_11046,0.9993340373039246
test_11047,0.9852515459060669
test_11048,0.914808988571167
test_11049,0.9118390083312988
test_11050,0.2273465096950531
test_11051,0.9989833235740662
test_11052,0.9987659454345703
test_11053,0.9999966621398926
test_11054,0.9842400550842285
test_11055,0.00519590312615037
test_11056,0.9964926838874817
test_11057,1.7712758904053771e-07
test_11058,0.9985321760177612
test_11059,0.0889074057340622
test_11060,0.977719247341156
test_11061,9.907031926559284e-05
test_11062,0.9999182224273682
test_11063,0.3590404987335205
test_11064,0.996629536151886
test_11065,0.9999147653579712
test_11066,0.9996102452278137
test_11067,8.879080269252881e-05
test_11068,0.0011667596409097314
test_11069,0.9999995231628418
test_11070,0.942890465259552
test_11071,0.9993308782577515
test_11072,0.0005466184229589999
test_11073,3.1000899980426766e-06
test_11074,1.2833122582378564e-06
test_11075,0.9996178150177002
test_11076,0.024458831176161766
test_11077,0.5309057831764221
test_11078,0.10583256185054779
test_11079,0.9955500364303589
test_11080,0.015495127998292446
test_11081,0.0854278951883316
test_11082,0.13505573570728302
test_11083,3.358144056164747e-07
test_11084,0.9235348105430603
test_11085,0.011953961104154587
test_11086,0.029806267470121384
test_11087,0.9034960865974426
test_11088,2.8238247978151776e-05
test_11089,0.29545238614082336
test_11090,0.6745496988296509
test_11091,0.9547942280769348
test_11092,0.002067538909614086
test_11093,0.820408284664154
test_11094,0.9992184638977051
test_11095,0.9999260902404785
test_11096,0.8218657374382019
test_11097,0.8437153697013855
test_11098,3.882814780808985e-05
test_11099,0.9986503720283508
test_11100,0.9644842743873596
test_11101,6.705436589982128e-06
test_11102,0.00274988217279315
test_11103,0.9963226318359375
test_11104,0.04827355220913887
test_11105,0.008470027707517147
test_11106,0.49448174238204956
test_11107,0.6561436057090759
test_11108,0.990801990032196
test_11109,0.998600423336029
test_11110,0.9810339212417603
test_11111,0.5734024047851562
test_11112,0.5721110701560974
test_11113,0.324598491191864
test_11114,0.9933214783668518
test_11115,0.867203950881958
test_11116,0.9701328873634338
test_11117,0.15946181118488312
test_11118,0.9996410608291626
test_11119,0.9855802059173584
test_11120,0.012959225103259087
test_11121,0.999395489692688
test_11122,0.9942246079444885
test_11123,0.6690621972084045
test_11124,0.9999018907546997
test_11125,0.9999877214431763
test_11126,1.0
test_11127,0.9998526573181152
test_11128,0.07258222997188568
test_11129,0.9427950978279114
test_11130,0.9999983310699463
test_11131,0.034737478941679
test_11132,0.997244119644165
test_11133,0.004263557493686676
test_11134,0.04890386760234833
test_11135,0.46029841899871826
test_11136,0.99967360496521
test_11137,0.37085047364234924
test_11138,0.7306873798370361
test_11139,0.018213540315628052
test_11140,0.015200144611299038
test_11141,0.9653117060661316
test_11142,0.0004264767048880458
test_11143,0.43351826071739197
test_11144,0.9999502897262573
test_11145,0.58583003282547
test_11146,5.665314802172361e-06
test_11147,0.9999942779541016
test_11148,0.9787625670433044
test_11149,0.0002473349741194397
test_11150,0.9655075669288635
test_11151,0.55727618932724
test_11152,0.9094241857528687
test_11153,0.9014178514480591
test_11154,0.7725415825843811
test_11155,0.8381551504135132
test_11156,0.0035776819568127394
test_11157,0.6478858590126038
test_11158,0.00014430939336307347
test_11159,6.288064469117671e-08
test_11160,0.01548323966562748
test_11161,0.07221060991287231
test_11162,0.003815710311755538
test_11163,0.4901502728462219
test_11164,0.008470076136291027
test_11165,0.9791247248649597
test_11166,0.8005268573760986
test_11167,0.007956068962812424
test_11168,0.024643946439027786
test_11169,0.9999911785125732
test_11170,0.1506703794002533
test_11171,0.0022747598122805357
test_11172,0.9474944472312927
test_11173,0.997214138507843
test_11174,9.946921636583284e-05
test_11175,0.0011573192896321416
test_11176,0.16666363179683685
test_11177,0.009905945509672165
test_11178,0.10338607430458069
test_11179,0.02183385007083416
test_11180,0.9916079044342041
test_11181,0.9985301494598389
test_11182,0.019581958651542664
test_11183,0.6340088844299316
test_11184,0.9922377467155457
test_11185,0.22198891639709473
test_11186,0.04269333556294441
test_11187,0.09306621551513672
test_11188,0.9999219179153442
test_11189,7.837769953766838e-05
test_11190,0.00914235133677721
test_11191,0.18430384993553162
test_11192,0.08282391726970673
test_11193,5.614894689642824e-06
test_11194,0.0028036797884851694
test_11195,0.9987144470214844
test_11196,0.04521263763308525
test_11197,0.9870344996452332
test_11198,0.9959293007850647
test_11199,0.000958663469646126
test_11200,0.0029770671389997005
test_11201,0.38255223631858826
test_11202,0.997767448425293
test_11203,0.811082124710083
test_11204,0.9260718822479248
test_11205,0.031258828938007355
test_11206,0.5331056714057922
test_11207,0.00012552888074424118
test_11208,0.9866809844970703
test_11209,2.7883888833457604e-06
test_11210,0.9338008165359497
test_11211,0.0031110041309148073
test_11212,0.9448736310005188
test_11213,0.0017181613948196173
test_11214,0.00017087848391383886
test_11215,0.45676305890083313
test_11216,0.5738556981086731
test_11217,0.9863996505737305
test_11218,0.9999063014984131
test_11219,0.7328640818595886
test_11220,0.989778459072113
test_11221,0.1952953040599823
test_11222,0.0005838377983309329
test_11223,0.0737525224685669
test_11224,0.888625979423523
test_11225,0.00014206834021024406
test_11226,0.7459379434585571
test_11227,0.9991497993469238
test_11228,0.02487967722117901
test_11229,0.2308521568775177
test_11230,0.32616662979125977
test_11231,0.2543410360813141
test_11232,0.058742061257362366
test_11233,0.6593115329742432
test_11234,0.8675017356872559
test_11235,0.9824026823043823
test_11236,0.525581419467926
test_11237,0.005690081510692835
test_11238,0.9594225883483887
test_11239,0.9907799363136292
test_11240,0.9999606609344482
test_11241,0.8286482691764832
test_11242,0.9999899864196777
test_11243,0.9977993369102478
test_11244,0.00011802607332356274
test_11245,0.005806404165923595
test_11246,0.950598955154419
test_11247,1.6578709391978919e-06
test_11248,0.9101480841636658
test_11249,0.0003074633132200688
test_11250,0.9551582932472229
test_11251,0.9985747337341309
test_11252,0.00025145444669760764
test_11253,0.03710243105888367
test_11254,0.597872257232666
test_11255,0.5027431845664978
test_11256,0.9007190465927124
test_11257,0.9966754913330078
test_11258,0.6056696176528931
test_11259,0.00046447617933154106
test_11260,0.0010543785756453872
test_11261,0.37493282556533813
test_11262,0.999731719493866
test_11263,0.762603223323822
test_11264,0.08767776191234589
test_11265,0.6887744069099426
test_11266,9.202881483361125e-05
test_11267,0.05603691563010216
test_11268,0.3879033327102661
test_11269,0.9925122261047363
test_11270,0.9999996423721313
test_11271,0.47166308760643005
test_11272,0.08024236559867859
test_11273,0.9003240466117859
test_11274,0.9999724626541138
test_11275,0.006316899321973324
test_11276,0.0016269440529868007
test_11277,0.9974508881568909
test_11278,0.005872368812561035
test_11279,0.43247854709625244
test_11280,0.6402401328086853
test_11281,0.9999997615814209
test_11282,0.259438157081604
test_11283,0.1033913865685463
test_11284,0.9746792316436768
test_11285,9.998720088333357e-06
test_11286,0.0076035200618207455
test_11287,0.925318717956543
test_11288,0.9666633605957031
test_11289,1.3663115169038065e-05
test_11290,0.8276553153991699
test_11291,0.9626339673995972
test_11292,0.9999709129333496
test_11293,4.780711151397554e-07
test_11294,0.44749027490615845
test_11295,0.9292646646499634
test_11296,0.0010347554925829172
test_11297,0.9711182713508606
test_11298,0.009153982624411583
test_11299,0.6304044127464294
test_11300,0.9999990463256836
test_11301,0.9998186230659485
test_11302,2.607963324408047e-05
test_11303,0.4249108135700226
test_11304,0.9947115182876587
test_11305,0.2497043013572693
test_11306,0.2169560194015503
test_11307,0.07633250951766968
test_11308,0.8859819173812866
test_11309,4.3783238652395085e-05
test_11310,0.7250205278396606
test_11311,0.00023765342484693974
test_11312,0.6653384566307068
test_11313,0.257222980260849
test_11314,0.14021532237529755
test_11315,0.3834116458892822
test_11316,0.1402006596326828
test_11317,0.6063600182533264
test_11318,0.3389073312282562
test_11319,0.0006443997845053673
test_11320,0.31633460521698
test_11321,0.002794303698465228
test_11322,0.002429370768368244
test_11323,0.0023918210063129663
test_11324,0.2823845446109772
test_11325,0.9987269043922424
test_11326,3.2668363019183744e-06
test_11327,0.6458958983421326
test_11328,0.9272682070732117
test_11329,0.0068738097324967384
test_11330,0.0038340692408382893
test_11331,0.0031378413550555706
test_11332,0.9976471066474915
test_11333,0.9183095693588257
test_11334,0.31298714876174927
test_11335,0.9709732532501221
test_11336,0.6421875357627869
test_11337,0.9999815225601196
test_11338,0.16805164515972137
test_11339,0.07229585945606232
test_11340,0.2515776455402374
test_11341,0.6329052448272705
test_11342,0.002953755669295788
test_11343,0.6270183324813843
test_11344,0.0015646613901481032
test_11345,0.3319014608860016
test_11346,0.14739279448986053
test_11347,0.8213391900062561
test_11348,0.23133039474487305
test_11349,0.0003142311761621386
test_11350,0.10852301865816116
test_11351,1.7769792748367763e-06
test_11352,0.019466647878289223
test_11353,0.9973692893981934
test_11354,0.013744697906076908
test_11355,0.035879168659448624
test_11356,0.04426174238324165
test_11357,1.9354467895027483e-06
test_11358,0.2494850605726242
test_11359,0.19714365899562836
test_11360,0.47379356622695923
test_11361,0.22842827439308167
test_11362,0.0582754984498024
test_11363,0.0028804754838347435
test_11364,0.46833276748657227
test_11365,0.005435002502053976
test_11366,0.7735278606414795
test_11367,5.703652277588844e-06
test_11368,0.02351347729563713
test_11369,0.011340202763676643
test_11370,0.3957202732563019
test_11371,0.0021596320439130068
test_11372,0.11459776759147644
test_11373,0.18563932180404663
test_11374,0.8599427938461304
test_11375,0.05050557479262352
test_11376,0.00011355173774063587
test_11377,0.7133458256721497
test_11378,0.6252618432044983
test_11379,7.6231722232478205e-06
test_11380,0.0402064174413681
test_11381,0.0028153974562883377
test_11382,0.9593620300292969
test_11383,0.6866706609725952
test_11384,0.3688412308692932
test_11385,0.9998935461044312
test_11386,0.9998359680175781
test_11387,0.9999994039535522
test_11388,0.012893032282590866
test_11389,0.0008378464262932539
test_11390,0.6846163272857666
test_11391,0.6958281397819519
test_11392,0.7512114644050598
test_11393,0.4671265482902527
test_11394,3.5559032767196186e-06
test_11395,0.9046831727027893
test_11396,0.1801653653383255
test_11397,4.4718999561155215e-06
test_11398,0.25539037585258484
test_11399,0.5205112099647522
test_11400,0.0019191908650100231
test_11401,0.999998927116394
test_11402,0.9999790191650391
test_11403,0.02502335049211979
test_11404,0.9971018433570862
test_11405,0.0011790409917011857
test_11406,0.0002947310858871788
test_11407,5.126009273226373e-05
test_11408,0.171601340174675
test_11409,0.9880335330963135
test_11410,0.003714771941304207
test_11411,0.00015002697182353586
test_11412,0.8060235381126404
test_11413,2.3485413294110913e-06
test_11414,0.015549449250102043
test_11415,0.9994484782218933
test_11416,7.085653123795055e-06
test_11417,0.9995844960212708
test_11418,0.3068753480911255
test_11419,0.9999974966049194
test_11420,2.9014154279138893e-06
test_11421,0.0776645615696907
test_11422,0.9942430853843689
test_11423,0.5295852422714233
test_11424,0.9500390291213989
test_11425,0.0029815330635756254
test_11426,0.8024263978004456
test_11427,0.9999845027923584
test_11428,0.26246243715286255
test_11429,0.5509786605834961
test_11430,0.0002228687226306647
test_11431,0.9999991655349731
test_11432,0.9448310732841492
test_11433,4.830932994082104e-06
test_11434,0.7753944993019104
test_11435,0.9997586607933044
test_11436,0.9991555213928223
test_11437,0.9354445934295654
test_11438,0.00805915892124176
test_11439,0.15272527933120728
test_11440,0.031040038913488388
test_11441,0.2596534788608551
test_11442,1.0234105047857156e-06
test_11443,0.8248376250267029
test_11444,1.3254916666483041e-05
test_11445,0.1557583510875702
test_11446,8.509204235451762e-06
test_11447,0.9993374943733215
test_11448,0.8757680058479309
test_11449,0.9957807064056396
test_11450,0.9996287822723389
test_11451,0.943942129611969
test_11452,0.3332245945930481
test_11453,0.873869776725769
test_11454,4.433549111126922e-05
test_11455,6.898453284520656e-05
test_11456,4.737291419587564e-06
test_11457,0.9803494215011597
test_11458,5.3956828196533024e-05
test_11459,0.00011581338912947103
test_11460,0.9866548776626587
test_11461,0.9993721842765808
test_11462,0.9869476556777954
test_11463,0.025832530111074448
test_11464,0.19472472369670868
test_11465,0.5984337329864502
test_11466,0.06747482717037201
test_11467,0.0008718165918253362
test_11468,0.9589492678642273
test_11469,3.9333845052169636e-05
test_11470,0.0606401264667511
test_11471,0.7492566704750061
test_11472,0.395248681306839
test_11473,0.08044551312923431
test_11474,0.9706529378890991
test_11475,0.19398614764213562
test_11476,0.016775429248809814
test_11477,0.9880576133728027
test_11478,0.0006670248112641275
test_11479,0.005337584763765335
test_11480,0.9999979734420776
test_11481,0.010949796997010708
test_11482,0.5040253400802612
test_11483,0.9999868869781494
test_11484,0.011280280537903309
test_11485,0.9927353858947754
test_11486,0.8725438117980957
test_11487,0.2276265174150467
test_11488,3.688670403789729e-05
test_11489,0.9688073992729187
test_11490,0.8162807822227478
test_11491,0.006940360646694899
test_11492,0.09992685168981552
test_11493,0.8118515014648438
test_11494,0.9502770900726318
test_11495,0.0001756480778567493
test_11496,0.9062458872795105
test_11497,0.9999996423721313
test_11498,0.41567370295524597
test_11499,0.9997836947441101
test_11500,0.07294698804616928
test_11501,0.9920924305915833
test_11502,0.005840210244059563
test_11503,0.7712743282318115
test_11504,0.9999798536300659
test_11505,0.5342980027198792
test_11506,0.014088429510593414
test_11507,0.000526570191141218
test_11508,6.375325483531924e-06
test_11509,0.02033432573080063
test_11510,0.9342523813247681
test_11511,0.23274949193000793
test_11512,1.646455061177221e-08
test_11513,0.017723185941576958
test_11514,1.9304112356621772e-05
test_11515,2.658048359194254e-08
test_11516,0.17506274580955505
test_11517,0.0005263631464913487
test_11518,0.00017061407561413944
test_11519,0.5372073650360107
test_11520,0.9681226015090942
test_11521,0.005832728464156389
test_11522,1.212598704114498e-06
test_11523,0.7101920247077942
test_11524,0.0015058338176459074
test_11525,0.445184588432312
test_11526,0.3109426498413086
test_11527,0.019476817920804024
test_11528,0.0051176706328988075
test_11529,0.1606006920337677
test_11530,0.23840253055095673
test_11531,0.9999953508377075
test_11532,0.9994739890098572
test_11533,0.13921023905277252
test_11534,0.9999933242797852
test_11535,0.5109848380088806
test_11536,0.9991850256919861
test_11537,0.9994811415672302
test_11538,0.9850806593894958
test_11539,0.9471018314361572
test_11540,0.6013168692588806
test_11541,0.4577573835849762
test_11542,6.272449581956607e-07
test_11543,0.90236896276474
test_11544,2.421007775410544e-05
test_11545,0.9997338652610779
test_11546,0.1592349112033844
test_11547,0.971912145614624
test_11548,0.0176482405513525
test_11549,0.04112860560417175
test_11550,0.9757784008979797
test_11551,0.011792559176683426
test_11552,0.9847554564476013
test_11553,0.16107867658138275
test_11554,0.0209916140884161
test_11555,0.9902323484420776
test_11556,0.455778568983078
test_11557,0.9983987212181091
test_11558,0.9998537302017212
test_11559,0.08477399498224258
test_11560,0.0008012138423509896
test_11561,2.2145404443563166e-07
test_11562,0.9993492960929871
test_11563,0.9223546385765076
test_11564,0.4173693358898163
test_11565,0.9328321814537048
test_11566,0.0009444094030186534
test_11567,0.03712477162480354
test_11568,0.032420944422483444
test_11569,0.9952045679092407
test_11570,0.3477873206138611
test_11571,0.012857524678111076
test_11572,3.5798700992017984e-05
test_11573,0.36286473274230957
test_11574,0.5854666233062744
test_11575,0.9996923208236694
test_11576,0.029164090752601624
test_11577,0.9738643169403076
test_11578,0.0006022749003022909
test_11579,0.9262266755104065
test_11580,0.9463573694229126
test_11581,0.05023092031478882
test_11582,0.013753654435276985
test_11583,0.6723475456237793
test_11584,0.8126171827316284
test_11585,0.04353978484869003
test_11586,0.9995207786560059
test_11587,0.9994518160820007
test_11588,0.010283499956130981
test_11589,0.9414235353469849
test_11590,0.9999475479125977
test_11591,0.9893179535865784
test_11592,0.966159999370575
test_11593,0.993274450302124
test_11594,0.5161064267158508
test_11595,7.703856397256459e-08
test_11596,0.9895201921463013
test_11597,0.9997612833976746
test_11598,7.207211456261575e-05
test_11599,6.981298611208331e-06
test_11600,0.005203146953135729
test_11601,0.9994611144065857
test_11602,0.08599037677049637
test_11603,0.6408512592315674
test_11604,0.999958872795105
test_11605,0.9997307658195496
test_11606,0.007327615283429623
test_11607,0.5145288109779358
test_11608,0.0253908634185791
test_11609,0.9999814033508301
test_11610,0.1542273610830307
test_11611,0.9992721676826477
test_11612,1.0
test_11613,0.9997959733009338
test_11614,0.5921111702919006
test_11615,0.5265565514564514
test_11616,0.9731603264808655
test_11617,0.9972879886627197
test_11618,0.43169236183166504
test_11619,0.8838974237442017
test_11620,0.05291832238435745
test_11621,1.9370217430036973e-08
test_11622,0.9583860039710999
test_11623,7.032282155705616e-06
test_11624,0.6322112679481506
test_11625,0.2796664237976074
test_11626,0.129474937915802
test_11627,1.0
test_11628,3.740415922948159e-05
test_11629,0.9817582964897156
test_11630,0.0069852485321462154
test_11631,0.3063841760158539
test_11632,1.4680824733659392e-06
test_11633,0.9997532963752747
test_11634,0.6320869326591492
test_11635,0.9999974966049194
test_11636,0.9955701231956482
test_11637,0.9932722449302673
test_11638,0.98391193151474
test_11639,0.04080355167388916
test_11640,0.9985950589179993
test_11641,0.922591507434845
test_11642,0.9999948740005493
test_11643,0.9901010990142822
test_11644,0.12074676156044006
test_11645,0.5420986413955688
test_11646,1.3344130820769351e-05
test_11647,0.4821304380893707
test_11648,0.9998396635055542
test_11649,0.279631644487381
test_11650,0.9999878406524658
test_11651,0.00289955735206604
test_11652,3.4756674722302705e-05
test_11653,0.05763798952102661
test_11654,0.2549743950366974
test_11655,0.656122624874115
test_11656,0.9868175983428955
test_11657,1.856411836342886e-05
test_11658,0.07830565422773361
test_11659,0.7074278593063354
test_11660,0.8888465166091919
test_11661,0.05307414010167122
test_11662,0.9999978542327881
test_11663,8.33156518638134e-05
test_11664,0.031422246247529984
test_11665,0.08951050788164139
test_11666,0.6327003836631775
test_11667,0.2888224124908447
test_11668,0.9982457160949707
test_11669,0.9981698989868164
test_11670,0.020487483590841293
test_11671,0.6993553638458252
test_11672,0.9947587847709656
test_11673,0.01883835904300213
test_11674,0.0038501531817018986
test_11675,0.3756011426448822
test_11676,0.9000880122184753
test_11677,0.5572589635848999
test_11678,9.071048407349735e-05
test_11679,0.9249496459960938
test_11680,0.00846844632178545
test_11681,0.13741472363471985
test_11682,0.06382697820663452
test_11683,0.43502238392829895
test_11684,0.9950726628303528
test_11685,0.017683368176221848
test_11686,0.9893297553062439
test_11687,0.13845452666282654
test_11688,0.017580416053533554
test_11689,8.288659955724142e-06
test_11690,0.9920416474342346
test_11691,0.6679412126541138
test_11692,0.004570112098008394
test_11693,0.7948560118675232
test_11694,2.11945462069707e-05
test_11695,0.9907770156860352
test_11696,0.00020891796157229692
test_11697,9.505285561317578e-06
test_11698,0.0001536217168904841
test_11699,0.48719707131385803
test_11700,0.6337072849273682
test_11701,0.248686283826828
test_11702,0.0031322455033659935
test_11703,0.0007726899348199368
test_11704,0.9982278943061829
test_11705,0.9986931681632996
test_11706,0.9999264478683472
test_11707,0.00014276744332164526
test_11708,0.9994975328445435
test_11709,0.9940056800842285
test_11710,0.9951179027557373
test_11711,0.8954119682312012
test_11712,0.0014798378106206656
test_11713,0.6543076038360596
test_11714,0.9997362494468689
test_11715,0.9939735531806946
test_11716,0.5052834153175354
test_11717,0.00023961032275110483
test_11718,0.33746761083602905
test_11719,2.078669922411791e-06
test_11720,0.9999934434890747
test_11721,0.850276529788971
test_11722,0.03653519228100777
test_11723,0.9976504445075989
test_11724,0.469757080078125
test_11725,0.5396286845207214
test_11726,0.9019162058830261
test_11727,0.8947657942771912
test_11728,0.9984192848205566
test_11729,0.980907142162323
test_11730,7.944191747810692e-05
test_11731,0.0004478369955904782
test_11732,0.9313792586326599
test_11733,0.999977707862854
test_11734,0.0008603474707342684
test_11735,0.9907813668251038
test_11736,0.015876948833465576
test_11737,0.3697785437107086
test_11738,0.7090258598327637
test_11739,0.9972858428955078
test_11740,0.06423622369766235
test_11741,0.02009883150458336
test_11742,0.19288091361522675
test_11743,0.965390682220459
test_11744,0.2437444031238556
test_11745,0.034725502133369446
test_11746,0.9999904632568359
test_11747,0.8829890489578247
test_11748,0.015370752662420273
test_11749,0.994202196598053
test_11750,0.14458639919757843
test_11751,0.7523234486579895
test_11752,0.9995425939559937
test_11753,0.016779014840722084
test_11754,0.9396888613700867
test_11755,0.7610440254211426
test_11756,0.9503522515296936
test_11757,5.4730833198846085e-08
test_11758,3.207466215826571e-05
test_11759,0.4754054546356201
test_11760,0.999273955821991
test_11761,0.9804629683494568
test_11762,0.8025011420249939
test_11763,0.9982151985168457
test_11764,0.8070339560508728
test_11765,0.012679757550358772
test_11766,0.990365743637085
test_11767,0.21409276127815247
test_11768,0.270931601524353
test_11769,0.41717207431793213
test_11770,0.31873050332069397
test_11771,0.9915083646774292
test_11772,0.2686152458190918
test_11773,0.006040503736585379
test_11774,0.05596674233675003
test_11775,0.999408483505249
test_11776,0.7362556457519531
test_11777,0.9995608925819397
test_11778,0.9999980926513672
test_11779,0.9998548030853271
test_11780,0.9999496936798096
test_11781,0.00648031011223793
test_11782,2.7922051231143996e-05
test_11783,0.6610919237136841
test_11784,0.9999867677688599
test_11785,4.4233837570573087e-07
test_11786,0.8815422654151917
test_11787,0.0020026250276714563
test_11788,0.07445845007896423
test_11789,7.575796189485118e-06
test_11790,0.003466147929430008
test_11791,0.9993979930877686
test_11792,0.9995324611663818
test_11793,0.9313139915466309
test_11794,0.9866480231285095
test_11795,0.003966690972447395
test_11796,0.0002824928960762918
test_11797,0.9747256636619568
test_11798,0.005615308415144682
test_11799,0.9993129968643188
test_11800,2.697253876249306e-06
test_11801,0.13499262928962708
test_11802,0.10658813267946243
test_11803,0.06566023826599121
test_11804,8.902182889869437e-05
test_11805,0.41733255982398987
test_11806,0.0657382383942604
test_11807,0.99993896484375
test_11808,0.9862958788871765
test_11809,0.007432899437844753
test_11810,0.982562780380249
test_11811,0.0004557075444608927
test_11812,0.004484082572162151
test_11813,5.270633118925616e-05
test_11814,0.12229380011558533
test_11815,2.5791068765101954e-06
test_11816,0.9990266561508179
test_11817,2.0997969841118902e-05
test_11818,6.077090074541047e-05
test_11819,0.9865550994873047
test_11820,0.680087685585022
test_11821,0.9999642372131348
test_11822,0.6307924389839172
test_11823,0.9999415874481201
test_11824,0.8470642566680908
test_11825,0.3945159614086151
test_11826,0.9497770071029663
test_11827,0.9972084164619446
test_11828,0.001305265468545258
test_11829,0.39605775475502014
test_11830,0.9819936156272888
test_11831,0.00026346227969042957
test_11832,0.4152088165283203
test_11833,0.031457316130399704
test_11834,0.5627703070640564
test_11835,0.11614187806844711
test_11836,0.17444773018360138
test_11837,0.3032818138599396
test_11838,0.2894308865070343
test_11839,0.2561146020889282
test_11840,0.5467276573181152
test_11841,0.00027395610231906176
test_11842,0.18686163425445557
test_11843,0.0004917422193102539
test_11844,0.010490017011761665
test_11845,0.9825093746185303
test_11846,0.0002735912275966257
test_11847,0.12002664059400558
test_11848,0.999505877494812
test_11849,0.0014439001679420471
test_11850,0.9969667792320251
test_11851,0.3574755787849426
test_11852,0.3403937518596649
test_11853,0.9635794758796692
test_11854,0.017683906480669975
test_11855,0.7563371062278748
test_11856,0.962102472782135
test_11857,0.4390406906604767
test_11858,0.9999934434890747
test_11859,0.5172924399375916
test_11860,0.0014132895739749074
test_11861,0.05380156263709068
test_11862,2.340335868211696e-06
test_11863,0.0015195575542747974
test_11864,0.8863732218742371
test_11865,0.9999841451644897
test_11866,0.9847713112831116
test_11867,0.9934671521186829
test_11868,0.00017719095922075212
test_11869,0.47104549407958984
test_11870,0.9992030262947083
test_11871,0.7432825565338135
test_11872,0.999988317489624
test_11873,0.8620983362197876
test_11874,0.08529023081064224
test_11875,0.9994962215423584
test_11876,0.9998383522033691
test_11877,0.00110015703830868
test_11878,0.7342797517776489
test_11879,0.05451665818691254
test_11880,0.01005291473120451
test_11881,0.9999947547912598
test_11882,0.9636806845664978
test_11883,0.33905038237571716
test_11884,0.996058464050293
test_11885,0.46416202187538147
test_11886,0.027981486171483994
test_11887,0.9999995231628418
test_11888,0.10438280552625656
test_11889,0.9615010023117065
test_11890,0.00019800194422714412
test_11891,0.5602541565895081
test_11892,0.01459842175245285
test_11893,0.999962329864502
test_11894,0.9981735944747925
test_11895,1.05708795672399e-06
test_11896,0.9999070167541504
test_11897,0.1660679429769516
test_11898,0.08035172522068024
test_11899,0.9999072551727295
test_11900,0.04540207237005234
test_11901,0.9999939203262329
test_11902,0.783332347869873
test_11903,0.06820948421955109
test_11904,0.05472967401146889
test_11905,0.98274165391922
test_11906,0.004547218792140484
test_11907,0.9637153148651123
test_11908,0.24925324320793152
test_11909,0.09389260411262512
test_11910,0.8775382041931152
test_11911,0.8491782546043396
test_11912,0.19391609728336334
test_11913,0.5397902131080627
test_11914,0.19497473537921906
test_11915,2.4712687718420057e-07
test_11916,0.008193890564143658
test_11917,0.5545365214347839
test_11918,0.9999200105667114
test_11919,0.27978506684303284
test_11920,0.7081915736198425
test_11921,0.8122814297676086
test_11922,0.268463134765625
test_11923,0.9737327098846436
test_11924,0.9999055862426758
test_11925,0.9962964653968811
test_11926,0.9411291480064392
test_11927,0.9985184073448181
test_11928,0.3601778447628021
test_11929,0.6443760395050049
test_11930,0.9670753479003906
test_11931,0.5471254587173462
test_11932,5.627999053103849e-05
test_11933,0.40834537148475647
test_11934,0.0038197177927941084
test_11935,0.0008591149817220867
test_11936,0.998548686504364
test_11937,0.027635999023914337
test_11938,0.35657742619514465
test_11939,0.00021546344214584678
test_11940,0.5589893460273743
test_11941,0.00017310107068624347
test_11942,0.8404623866081238
test_11943,4.4544685806613415e-07
test_11944,0.00023405435786116868
test_11945,0.8661316633224487
test_11946,0.540282666683197
test_11947,0.0703725814819336
test_11948,0.11124598979949951
test_11949,0.8091567158699036
test_11950,0.044771358370780945
test_11951,0.0011375399772077799
test_11952,3.445218226261204e-06
test_11953,0.02305999957025051
test_11954,0.005542573984712362
test_11955,0.9999896287918091
test_11956,0.35462820529937744
test_11957,0.8228664994239807
test_11958,0.18809111416339874
test_11959,0.1686297506093979
test_11960,0.0012157033197581768
test_11961,0.0035019288770854473
test_11962,0.3647462725639343
test_11963,0.9984660148620605
test_11964,0.14760692417621613
test_11965,0.4919072687625885
test_11966,0.9303960204124451
test_11967,0.02104906551539898
test_11968,0.9994378685951233
test_11969,5.7461627875454724e-05
test_11970,0.007107006385922432
test_11971,0.18975389003753662
test_11972,0.9997768998146057
test_11973,0.3255232870578766
test_11974,0.9999313354492188
test_11975,0.99989914894104
test_11976,0.009775757789611816
test_11977,0.9993230104446411
test_11978,0.7922722101211548
test_11979,0.9999630451202393
test_11980,0.9999998807907104
test_11981,7.703083042542858e-07
test_11982,0.9979815483093262
test_11983,0.29948174953460693
test_11984,0.5387943387031555
test_11985,0.06452319025993347
test_11986,0.22734148800373077
test_11987,0.028922196477651596
test_11988,0.9915669560432434
test_11989,0.6456150412559509
test_11990,0.9979785084724426
test_11991,0.5000160336494446
test_11992,0.0011306050000712276
test_11993,0.9963192939758301
test_11994,0.05612984299659729
test_11995,0.8791077733039856
test_11996,0.007259684149175882
test_11997,0.9999710321426392
test_11998,0.012502815574407578
test_11999,0.9498639702796936
test_12000,0.007147707510739565
test_12001,0.0008784390520304441
test_12002,0.05950527265667915
test_12003,0.8373062610626221
test_12004,0.9095078110694885
test_12005,0.011562759056687355
test_12006,0.07166802883148193
test_12007,0.4913731813430786
test_12008,0.005595281720161438
test_12009,3.17708145303186e-05
test_12010,0.009563143365085125
test_12011,0.9999933242797852
test_12012,0.24291165173053741
test_12013,7.157323852879927e-05
test_12014,0.9965226650238037
test_12015,0.985418438911438
test_12016,0.503814160823822
test_12017,0.9240260720252991
test_12018,0.10144983232021332
test_12019,0.9475700259208679
test_12020,0.0034200409427285194
test_12021,0.9999264478683472
test_12022,0.991204559803009
test_12023,0.1479744017124176
test_12024,0.3070186674594879
test_12025,0.7482030987739563
test_12026,0.0011808301787823439
test_12027,0.9999934434890747
test_12028,0.00019728319603018463
test_12029,0.0055105495266616344
test_12030,0.002384816762059927
test_12031,0.995577335357666
test_12032,0.6554009914398193
test_12033,0.9999555349349976
test_12034,0.9997863173484802
test_12035,0.4648248255252838
test_12036,0.2337648570537567
test_12037,0.8575814366340637
test_12038,0.7112433314323425
test_12039,6.177195421841475e-10
test_12040,0.9995278120040894
test_12041,0.9999842643737793
test_12042,0.00013241430860944092
test_12043,0.9864277243614197
test_12044,0.0028492752462625504
test_12045,4.6484994527418166e-05
test_12046,0.9999994039535522
test_12047,1.748512318044959e-06
test_12048,0.5707433223724365
test_12049,0.0059554800391197205
test_12050,0.6354141235351562
test_12051,0.0005488918977789581
test_12052,4.485992030822672e-05
test_12053,0.44059574604034424
test_12054,0.5181146264076233
test_12055,0.9823976159095764
test_12056,0.7602817416191101
test_12057,0.8058534264564514
test_12058,0.7911359667778015
test_12059,0.9998915195465088
test_12060,0.9999998807907104
test_12061,0.007054098881781101
test_12062,9.882053745968733e-06
test_12063,0.8073565363883972
test_12064,0.9995917677879333
test_12065,0.07614584267139435
test_12066,0.689475417137146
test_12067,0.9995517134666443
test_12068,4.728092608274892e-05
test_12069,1.48505005199695e-05
test_12070,0.0279798973351717
test_12071,0.013045067898929119
test_12072,0.967460572719574
test_12073,0.02745126374065876
test_12074,0.005880638957023621
test_12075,0.9998600482940674
test_12076,0.9975416660308838
test_12077,3.356300658197142e-05
test_12078,0.9999850988388062
test_12079,0.000245538423769176
test_12080,0.0052632857114076614
test_12081,0.9995431900024414
test_12082,0.0001450293348170817
test_12083,0.1667519360780716
test_12084,0.9999397993087769
test_12085,0.9900367259979248
test_12086,0.9696011543273926
test_12087,0.9999986886978149
test_12088,0.7039127349853516
test_12089,0.0006265965639613569
test_12090,0.582645058631897
test_12091,0.9960265159606934
test_12092,0.9984690546989441
test_12093,0.9395438432693481
test_12094,0.9999834299087524
test_12095,0.9733645915985107
test_12096,0.9873237609863281
test_12097,0.013316197320818901
test_12098,0.33655667304992676
test_12099,0.05134515464305878
test_12100,0.40338605642318726
test_12101,0.9999927282333374
test_12102,1.3065959137747996e-05
test_12103,0.017400627955794334
test_12104,0.05532461777329445
test_12105,6.8846356953145005e-06
test_12106,0.9948337078094482
test_12107,0.9712337255477905
test_12108,0.6472316384315491
test_12109,0.10538814216852188
test_12110,2.990355199017358e-07
test_12111,0.9999278783798218
test_12112,0.9774335026741028
test_12113,0.9864712357521057
test_12114,0.9777759909629822
test_12115,2.5068005925277248e-05
test_12116,0.034045059233903885
test_12117,4.618214916263241e-06
test_12118,0.6762564182281494
test_12119,0.9991051554679871
test_12120,0.1777734011411667
test_12121,0.11421627551317215
test_12122,0.34698471426963806
test_12123,0.9522467255592346
test_12124,0.9376002550125122
test_12125,0.23268714547157288
test_12126,0.9331958889961243
test_12127,0.8767545819282532
test_12128,0.998803973197937
test_12129,0.2863292694091797
test_12130,0.9999878406524658
test_12131,0.9990695118904114
test_12132,0.15206992626190186
test_12133,0.9998927116394043
test_12134,0.9027249813079834
test_12135,0.00033049695775844157
test_12136,0.8892406225204468
test_12137,0.9066547155380249
test_12138,0.0015374018112197518
test_12139,0.8555653095245361
test_12140,0.9610041379928589
test_12141,0.09155663847923279
test_12142,0.9728135466575623
test_12143,0.9866442084312439
test_12144,0.35738515853881836
test_12145,0.04283925145864487
test_12146,0.9979314804077148
test_12147,0.0005852467147633433
test_12148,0.004838438238948584
test_12149,0.9465323686599731
test_12150,0.012138727121055126
test_12151,0.9996744394302368
test_12152,0.900935709476471
test_12153,0.41917884349823
test_12154,0.9965978264808655
test_12155,0.9813979864120483
test_12156,6.414797098841518e-05
test_12157,0.6253445148468018
test_12158,0.0023709021043032408
test_12159,0.962600827217102
test_12160,0.9994708895683289
test_12161,0.9995390176773071
test_12162,0.9932758808135986
test_12163,0.6741878986358643
test_12164,0.9990323781967163
test_12165,0.0032275777775794268
test_12166,0.1968156397342682
test_12167,0.9230625629425049
test_12168,0.0063937073573470116
test_12169,0.9924376606941223
test_12170,0.6612870097160339
test_12171,7.723311341578665e-07
test_12172,0.9793791770935059
test_12173,0.9998200535774231
test_12174,0.5461767315864563
test_12175,0.8603605031967163
test_12176,0.0029456373304128647
test_12177,0.2881956100463867
test_12178,0.00829373113811016
test_12179,0.38327986001968384
test_12180,0.9014079570770264
test_12181,0.9943960905075073
test_12182,0.5068374872207642
test_12183,0.9959511756896973
test_12184,3.3278520277235657e-06
test_12185,0.9995550513267517
test_12186,0.9474974274635315
test_12187,1.6483875597828046e-08
test_12188,1.959720248123631e-05
test_12189,0.4705839455127716
test_12190,0.37465786933898926
test_12191,0.9182261228561401
test_12192,0.025039730593562126
test_12193,0.0008870532037690282
test_12194,0.13703502714633942
test_12195,0.3040347099304199
test_12196,0.017697056755423546
test_12197,0.00843086838722229
test_12198,0.10194490104913712
test_12199,0.023770079016685486
test_12200,0.9990686774253845
test_12201,1.0818907867360394e-06
test_12202,0.891091525554657
test_12203,0.994534969329834
test_12204,0.5373420119285583
test_12205,0.8867687582969666
test_12206,0.00040421049925498664
test_12207,0.0028577225748449564
test_12208,0.8983286023139954
test_12209,0.9999973773956299
test_12210,0.004514772444963455
test_12211,4.909035396849504e-06
test_12212,0.9993590712547302
test_12213,0.0004194905050098896
test_12214,0.9990760087966919
test_12215,0.9999644756317139
test_12216,0.3028576374053955
test_12217,0.0005987932090647519
test_12218,0.36849403381347656
test_12219,0.005312467459589243
test_12220,2.8184576876810752e-05
test_12221,0.011583851650357246
test_12222,0.21161256730556488
test_12223,1.4439952792599797e-05
test_12224,0.8435460329055786
test_12225,1.6949056202975044e-07
test_12226,8.364456789422547e-07
test_12227,0.008120056241750717
test_12228,0.9999558925628662
test_12229,4.8796271585160866e-05
test_12230,0.2773313522338867
test_12231,0.06685449182987213
test_12232,0.924331545829773
test_12233,0.716185450553894
test_12234,0.6855394840240479
test_12235,0.24227012693881989
test_12236,0.23284371197223663
test_12237,0.993826687335968
test_12238,0.9994668364524841
test_12239,0.9924586415290833
test_12240,0.4994675815105438
test_12241,0.28260889649391174
test_12242,1.4522539686367963e-06
test_12243,0.5205937623977661
test_12244,4.388940851640655e-06
test_12245,0.9841701984405518
test_12246,0.9998747110366821
test_12247,4.007240568171255e-05
test_12248,6.514591223094612e-05
test_12249,0.0006509877857752144
test_12250,0.03604823723435402
test_12251,0.00015613443974871188
test_12252,0.5001618266105652
test_12253,0.5397666692733765
test_12254,0.9999500513076782
test_12255,0.7960480451583862
test_12256,0.2994757890701294
test_12257,0.0017051997128874063
test_12258,0.029364190995693207
test_12259,0.6736931800842285
test_12260,0.9996316432952881
test_12261,0.9982156753540039
test_12262,0.34851980209350586
test_12263,0.5231840014457703
test_12264,0.0002505300217308104
test_12265,5.664493073709309e-06
test_12266,0.3684273660182953
test_12267,0.008420765399932861
test_12268,0.00011260157043579966
test_12269,0.3331306278705597
test_12270,0.027366923168301582
test_12271,0.8276770710945129
test_12272,0.9987347722053528
test_12273,0.020782791078090668
test_12274,0.7556021213531494
test_12275,0.022536953911185265
test_12276,0.4037562608718872
test_12277,0.8681596517562866
test_12278,1.5562113730993588e-06
test_12279,0.6543129682540894
test_12280,0.9999579191207886
test_12281,0.044741351157426834
test_12282,0.0005194962141104043
test_12283,0.9990174770355225
test_12284,0.08671414107084274
test_12285,0.6946033239364624
test_12286,0.002360743237659335
test_12287,0.9922577738761902
test_12288,0.9999549388885498
test_12289,0.019578151404857635
test_12290,0.8941918015480042
test_12291,0.3034214675426483
test_12292,0.39221832156181335
test_12293,0.8927653431892395
test_12294,0.09114516526460648
test_12295,0.6362738609313965
test_12296,0.26829788088798523
test_12297,0.006721925921738148
test_12298,0.9704080820083618
test_12299,0.6956157684326172
test_12300,0.0008213082910515368
test_12301,0.9901289343833923
test_12302,1.0259402188239619e-05
test_12303,0.062212515622377396
test_12304,0.28751140832901
test_12305,0.003415337298065424
test_12306,0.999756395816803
test_12307,0.39953896403312683
test_12308,0.6845604777336121
test_12309,0.9072096347808838
test_12310,0.01904919743537903
test_12311,0.6105711460113525
test_12312,0.9802277684211731
test_12313,0.00036492443177849054
test_12314,0.9918143153190613
test_12315,0.44837066531181335
test_12316,0.04407915100455284
test_12317,0.0002023589186137542
test_12318,0.0008326524985022843
test_12319,0.9601715803146362
test_12320,0.9997609257698059
test_12321,0.9041700959205627
test_12322,0.18474149703979492
test_12323,0.19827315211296082
test_12324,1.8116199498763308e-05
test_12325,0.9990198612213135
test_12326,0.9999961853027344
test_12327,0.9611157774925232
test_12328,0.001987843308597803
test_12329,0.4901057481765747
test_12330,0.814356803894043
test_12331,7.30122428649338e-06
test_12332,0.8474022746086121
test_12333,0.16107037663459778
test_12334,0.5808414220809937
test_12335,0.937764585018158
test_12336,0.005786590743809938
test_12337,0.11146143078804016
test_12338,0.3256257176399231
test_12339,0.9990411400794983
test_12340,0.3133198320865631
test_12341,0.845893144607544
test_12342,0.0011236511636525393
test_12343,1.5871659343247302e-05
test_12344,0.4673401415348053
test_12345,0.1161755621433258
test_12346,0.9933670163154602
test_12347,0.9265673756599426
test_12348,0.8694294095039368
test_12349,0.17332416772842407
test_12350,0.08239995688199997
test_12351,0.0020592904184013605
test_12352,0.9256967902183533
test_12353,0.9987335801124573
test_12354,0.7016912698745728
test_12355,0.0018898849375545979
test_12356,0.16932553052902222
test_12357,0.999657154083252
test_12358,0.0002597645507194102
test_12359,0.9964648485183716
test_12360,0.0001961360831046477
test_12361,0.9999910593032837
test_12362,0.4984075725078583
test_12363,0.038779232650995255
test_12364,1.7960096556635108e-06
test_12365,0.9839157462120056
test_12366,0.09875141829252243
test_12367,0.0002784965618047863
test_12368,0.9999226331710815
test_12369,0.8468421101570129
test_12370,0.0017721005715429783
test_12371,0.9164732694625854
test_12372,0.9964767098426819
test_12373,0.9816837906837463
test_12374,5.239642632659525e-05
test_12375,0.669224202632904
test_12376,0.00563138397410512
test_12377,0.0003037079586647451
test_12378,0.005679779686033726
test_12379,0.0001264405727852136
test_12380,0.00019724632147699594
test_12381,0.2199525386095047
test_12382,0.0001350322854705155
test_12383,2.517024881854013e-07
test_12384,0.9944553971290588
test_12385,0.002517700893804431
test_12386,0.5862029790878296
test_12387,0.8858038783073425
test_12388,0.05945073440670967
test_12389,0.15207989513874054
test_12390,0.35772013664245605
test_12391,0.281741201877594
test_12392,0.0540522001683712
test_12393,0.02847231738269329
test_12394,0.9513548016548157
test_12395,0.9951735138893127
test_12396,0.6247420907020569
test_12397,0.00045038832467980683
test_12398,0.013364865444600582
test_12399,0.0001338458532700315
test_12400,0.9403178095817566
test_12401,0.000485535420011729
test_12402,0.011866838671267033
test_12403,0.3952619135379791
test_12404,0.0009862417355179787
test_12405,0.0028038425371050835
test_12406,0.5457358956336975
test_12407,0.9914728403091431
test_12408,0.9718276262283325
test_12409,0.9876107573509216
test_12410,0.004010105039924383
test_12411,0.9986120462417603
test_12412,0.999417781829834
test_12413,0.003847420448437333
test_12414,0.33848971128463745
test_12415,0.3359404504299164
test_12416,0.9607052206993103
test_12417,0.9195982217788696
test_12418,0.9907095432281494
test_12419,0.5167905688285828
test_12420,0.8899121284484863
test_12421,0.2600192725658417
test_12422,0.9926719665527344
test_12423,0.003559838980436325
test_12424,0.6489723920822144
test_12425,0.020558390766382217
test_12426,0.9666878581047058
test_12427,0.9835573434829712
test_12428,0.985338568687439
test_12429,0.9567835927009583
test_12430,0.9999997615814209
test_12431,0.9999980926513672
test_12432,0.9933537244796753
test_12433,0.0027322331443428993
test_12434,0.9998905658721924
test_12435,9.227816008205991e-06
test_12436,0.32598215341567993
test_12437,0.8832486271858215
test_12438,0.00602396996691823
test_12439,0.0013736371183767915
test_12440,0.9989602565765381
test_12441,0.9647027850151062
test_12442,0.9983057975769043
test_12443,0.11384591460227966
test_12444,0.021390216425061226
test_12445,0.9947648048400879
test_12446,0.6861866116523743
test_12447,0.006887269672006369
test_12448,0.004154466092586517
test_12449,0.9417355060577393
test_12450,0.6766933798789978
test_12451,0.5514169335365295
test_12452,0.4588192105293274
test_12453,0.9998413324356079
test_12454,0.1183585450053215
test_12455,0.22191967070102692
test_12456,0.064832404255867
test_12457,9.989093996409792e-07
test_12458,0.9891366958618164
test_12459,0.7291392087936401
test_12460,0.0003031944506801665
test_12461,0.9999992847442627
test_12462,0.8665946125984192
test_12463,0.48000821471214294
test_12464,0.35297858715057373
test_12465,0.9956749081611633
test_12466,0.036892130970954895
test_12467,0.7055593132972717
test_12468,0.015999887138605118
test_12469,0.33423131704330444
test_12470,0.8499119281768799
test_12471,0.7599371075630188
test_12472,1.871049022383886e-07
test_12473,0.5535341501235962
test_12474,0.0030647001694887877
test_12475,0.5966958403587341
test_12476,0.23068644106388092
test_12477,0.02871249057352543
test_12478,0.2978568971157074
test_12479,2.8945425583515316e-05
test_12480,3.181037584454316e-07
test_12481,0.02169898897409439
test_12482,0.9990992546081543
test_12483,0.0011463839327916503
test_12484,0.9999957084655762
test_12485,0.626325249671936
test_12486,0.0006816318491473794
test_12487,0.2529936730861664
test_12488,0.2720533013343811
test_12489,0.9968613386154175
test_12490,0.6857680082321167
test_12491,0.009887284599244595
test_12492,0.9901264905929565
test_12493,0.9909054040908813
test_12494,0.9960917830467224
test_12495,0.0002046772133326158
test_12496,0.3611690104007721
test_12497,4.270356157576316e-07
test_12498,0.8751546740531921
test_12499,0.9990226030349731
test_12500,0.8633897304534912
test_12501,0.999261200428009
test_12502,9.727119731905987e-07
test_12503,0.9999701976776123
test_12504,0.9998472929000854
test_12505,0.013747278600931168
test_12506,0.9999877214431763
test_12507,0.8943348526954651
test_12508,0.9903725385665894
test_12509,0.1414322704076767
test_12510,0.08193683624267578
test_12511,0.11267880350351334
test_12512,0.10343720018863678
test_12513,0.5559991598129272
test_12514,0.9984447360038757
test_12515,0.004764386918395758
test_12516,0.9961252808570862
test_12517,0.006666157860308886
test_12518,0.028933104127645493
test_12519,0.0008207962964661419
test_12520,0.00836117286235094
test_12521,0.007800625171512365
test_12522,0.0011671126121655107
test_12523,2.2081379938754253e-05
test_12524,0.987449049949646
test_12525,0.004029818344861269
test_12526,1.0
test_12527,6.409006891772151e-05
test_12528,0.006445014849305153
test_12529,0.9823396801948547
test_12530,0.8322511315345764
test_12531,0.005314574111253023
test_12532,0.2824358642101288
test_12533,0.9991094470024109
test_12534,0.9922143816947937
test_12535,0.6346960067749023
test_12536,0.0005237981677055359
test_12537,0.002575676655396819
test_12538,0.9347264170646667
test_12539,0.00026726204669103026
test_12540,0.6196097731590271
test_12541,0.728766143321991
test_12542,3.296796080576314e-07
test_12543,0.028338268399238586
test_12544,0.034352757036685944
test_12545,0.27634197473526
test_12546,0.5002045631408691
test_12547,0.00014288100646808743
test_12548,0.4681167006492615
test_12549,0.9325529932975769
test_12550,0.36756157875061035
test_12551,0.03035416454076767
test_12552,0.1419851928949356
test_12553,0.5547149181365967
test_12554,7.38750459277071e-05
test_12555,0.9987632036209106
test_12556,0.0008126356988213956
test_12557,0.1958758682012558
test_12558,0.0003892246459145099
test_12559,0.7529720067977905
test_12560,0.9999994039535522
test_12561,0.9096939563751221
test_12562,0.010444204322993755
test_12563,0.8687683939933777
test_12564,0.34715765714645386
test_12565,0.002959083067253232
test_12566,0.999997615814209
test_12567,0.0035269290674477816
test_12568,0.000472849264042452
test_12569,0.8342025279998779
test_12570,0.9996596574783325
test_12571,4.48257960670162e-05
test_12572,0.23323827981948853
test_12573,1.7151172869489528e-05
test_12574,0.042511411011219025
test_12575,0.059860944747924805
test_12576,0.14998555183410645
test_12577,0.3812761604785919
test_12578,0.24418732523918152
test_12579,0.999683141708374
test_12580,6.15811813986511e-06
test_12581,0.2290971577167511
test_12582,0.26826047897338867
test_12583,0.999530553817749
test_12584,0.9835890531539917
test_12585,0.9971930384635925
test_12586,0.8816731572151184
test_12587,0.15549488365650177
test_12588,0.0007198614766821265
test_12589,0.00023727482766844332
test_12590,0.8335960507392883
test_12591,0.9902594685554504
test_12592,0.48808741569519043
test_12593,0.0017509591998532414
test_12594,0.23124992847442627
test_12595,0.8238605856895447
test_12596,2.7155741122442123e-07
test_12597,0.9988081455230713
test_12598,2.6745856303023174e-05
test_12599,8.81204687175341e-05
test_12600,0.9780488014221191
test_12601,0.8215606808662415
test_12602,0.1251724660396576
test_12603,0.4530371427536011
test_12604,0.022548962384462357
test_12605,0.0001885774254333228
test_12606,0.006489093415439129
test_12607,4.46938020104426e-06
test_12608,0.9786161780357361
test_12609,0.26945698261260986
test_12610,0.07698648422956467
test_12611,0.1104201152920723
test_12612,0.002714561764150858
test_12613,0.3953808844089508
test_12614,0.9166358113288879
test_12615,0.947816789150238
test_12616,0.16499391198158264
test_12617,1.0598456583466032e-06
test_12618,0.37628158926963806
test_12619,0.6502729058265686
test_12620,0.037131790071725845
test_12621,0.1910838782787323
test_12622,0.003436171682551503
test_12623,0.7979715466499329
test_12624,0.8687728047370911
test_12625,0.00012549669190775603
test_12626,0.1489097774028778
test_12627,1.0466268207665053e-07
test_12628,1.8032902744380408e-06
test_12629,0.9994947910308838
test_12630,0.1873839646577835
test_12631,0.9997994303703308
test_12632,0.6411294341087341
test_12633,0.172340989112854
test_12634,0.00011585104948608205
test_12635,0.004040345083922148
test_12636,0.9759981036186218
test_12637,0.9224570989608765
test_12638,0.009385356679558754
test_12639,0.6815746426582336
test_12640,0.11031776666641235
test_12641,0.0027968466747552156
test_12642,0.7609262466430664
test_12643,0.999998927116394
test_12644,2.5996660824034734e-08
test_12645,0.9999996423721313
test_12646,0.9999998807907104
test_12647,0.040730103850364685
test_12648,0.3256685435771942
test_12649,0.06117050722241402
test_12650,0.999695897102356
test_12651,0.9997243285179138
test_12652,0.0005080971750430763
test_12653,0.998473584651947
test_12654,0.7084441184997559
test_12655,0.9956387877464294
test_12656,0.7714401483535767
test_12657,0.9995477795600891
test_12658,0.9612628221511841
test_12659,0.8740639686584473
test_12660,0.11739474534988403
test_12661,0.8353074789047241
test_12662,0.8307358622550964
test_12663,0.012315253727138042
test_12664,3.216295908714528e-06
test_12665,0.939020574092865
test_12666,0.01939566805958748
test_12667,0.03639362379908562
test_12668,0.20917323231697083
test_12669,0.008685686625540257
test_12670,0.9999896287918091
test_12671,0.16801248490810394
test_12672,0.008531337603926659
test_12673,0.004829836077988148
test_12674,0.42178547382354736
test_12675,0.006246741861104965
test_12676,0.9999971389770508
test_12677,0.9915101528167725
test_12678,0.4083614647388458
test_12679,0.8687159419059753
test_12680,0.3208308815956116
test_12681,0.21319587528705597
test_12682,0.9146976470947266
test_12683,0.018131671473383904
test_12684,0.5844594836235046
test_12685,0.004297706298530102
test_12686,0.9996898174285889
test_12687,0.9725354909896851
test_12688,0.9999592304229736
test_12689,0.8927366733551025
test_12690,0.21058106422424316
test_12691,0.877092719078064
test_12692,0.8453311920166016
test_12693,0.821458101272583
test_12694,0.19133765995502472
test_12695,0.0004499618080444634
test_12696,0.28337159752845764
test_12697,0.049932923167943954
test_12698,0.8732785582542419
test_12699,0.013027919456362724
test_12700,0.01511138491332531
test_12701,0.7645664811134338
test_12702,0.016816312447190285
test_12703,0.0004184556601103395
test_12704,0.9999692440032959
test_12705,0.9700196981430054
test_12706,0.95810467004776
test_12707,0.8609508872032166
test_12708,0.9884337782859802
test_12709,0.9999725818634033
test_12710,0.34818321466445923
test_12711,0.97846919298172
test_12712,0.7792064547538757
test_12713,0.007311615627259016
test_12714,0.024608170613646507
test_12715,0.07637067139148712
test_12716,0.0007162095280364156
test_12717,0.00034571660216897726
test_12718,0.0018701383378356695
test_12719,0.9959296584129333
test_12720,0.8264338970184326
test_12721,0.993969202041626
test_12722,0.019360361620783806
test_12723,2.638564478019134e-09
test_12724,0.12164655327796936
test_12725,0.763813853263855
test_12726,0.0312783420085907
test_12727,0.806817352771759
test_12728,0.8945514559745789
test_12729,0.7516729235649109
test_12730,0.011913467198610306
test_12731,0.9999545812606812
test_12732,0.8201181292533875
test_12733,0.9998237490653992
test_12734,0.9996974468231201
test_12735,0.8658393025398254
test_12736,0.2132827192544937
test_12737,0.9456005692481995
test_12738,8.947816240834072e-05
test_12739,0.9154990315437317
test_12740,1.2945469141101285e-09
test_12741,2.187905607797802e-07
test_12742,0.0006120402249507606
test_12743,0.19330836832523346
test_12744,1.3593651146948105e-06
test_12745,0.33640599250793457
test_12746,0.37583813071250916
test_12747,0.8852153420448303
test_12748,0.2684350311756134
test_12749,0.1616361439228058
test_12750,0.004227862227708101
test_12751,0.0242143701761961
test_12752,0.759189248085022
test_12753,0.5293229818344116
test_12754,0.006330571603029966
test_12755,0.5181393623352051
test_12756,0.9999544620513916
test_12757,0.9661010503768921
test_12758,0.6849756240844727
test_12759,5.080155915493378e-06
test_12760,0.9999775886535645
test_12761,0.8288662433624268
test_12762,0.0007183555862866342
test_12763,0.9943321943283081
test_12764,0.00014445808483287692
test_12765,0.9576496481895447
test_12766,0.9228429198265076
test_12767,0.001409754273481667
test_12768,0.9999104738235474
test_12769,0.7348612546920776
test_12770,0.021118635311722755
test_12771,1.9522328784660203e-06
test_12772,0.7195520401000977
test_12773,0.9949772953987122
test_12774,0.020404459908604622
test_12775,0.9997426867485046
test_12776,0.08428054302930832
test_12777,3.221770384698175e-05
test_12778,0.9021897315979004
test_12779,0.04425434768199921
test_12780,0.9999635219573975
test_12781,0.03799767047166824
test_12782,0.026010222733020782
test_12783,0.779833197593689
test_12784,0.07259739935398102
test_12785,0.7917747497558594
test_12786,0.9974310994148254
test_12787,0.9999967813491821
test_12788,0.026526983827352524
test_12789,0.987269401550293
test_12790,0.5698609352111816
test_12791,7.785247726133093e-05
test_12792,0.0002520071866456419
test_12793,0.9998339414596558
test_12794,0.17165187001228333
test_12795,0.9909524917602539
test_12796,0.9980498552322388
test_12797,0.9999735355377197
test_12798,0.972844660282135
test_12799,0.00017715664580464363
test_12800,0.6212282776832581
test_12801,0.38126882910728455
test_12802,1.9006401998922229e-06
test_12803,0.996085524559021
test_12804,0.9999774694442749
test_12805,0.09490717947483063
test_12806,0.129844069480896
test_12807,0.9234515428543091
test_12808,0.0016717893304303288
test_12809,0.6710836887359619
test_12810,0.8356487154960632
test_12811,0.38922548294067383
test_12812,0.9970309734344482
test_12813,0.9904541969299316
test_12814,0.6788803339004517
test_12815,0.590107262134552
test_12816,0.11179932951927185
test_12817,0.00024976657005026937
test_12818,2.5467203158768825e-05
test_12819,4.529827492660843e-05
test_12820,0.9999115467071533
test_12821,0.253168523311615
test_12822,0.7406117916107178
test_12823,0.9999877214431763
test_12824,0.07996369153261185
test_12825,0.8302291035652161
test_12826,0.45728880167007446
test_12827,0.0025928039103746414
test_12828,0.4340322017669678
test_12829,0.49093106389045715
test_12830,9.966614015866071e-05
test_12831,0.8789701461791992
test_12832,0.3436664640903473
test_12833,0.5092688798904419
test_12834,0.9945937991142273
test_12835,0.9862859845161438
test_12836,0.7052723169326782
test_12837,0.9994027614593506
test_12838,0.9974135756492615
test_12839,0.006386520341038704
test_12840,0.08901800960302353
test_12841,0.00021396626834757626
test_12842,6.806823421356967e-06
test_12843,0.9391467571258545
test_12844,0.55126953125
test_12845,1.7910761016537435e-05
test_12846,0.00020222390594426543
test_12847,0.9646434783935547
test_12848,0.982001543045044
test_12849,0.00188487081322819
test_12850,0.5602329969406128
test_12851,0.0005317240138538182
test_12852,0.1870078444480896
test_12853,0.583832323551178
test_12854,0.7477115988731384
test_12855,0.056677136570215225
test_12856,0.9497232437133789
test_12857,0.9401400089263916
test_12858,0.2855939567089081
test_12859,0.999749481678009
test_12860,0.9848759770393372
test_12861,0.021609505638480186
test_12862,9.217483807333338e-07
test_12863,0.29881221055984497
test_12864,0.00021675827156286687
test_12865,0.9975872039794922
test_12866,0.4588722586631775
test_12867,0.9973286390304565
test_12868,0.304670125246048
test_12869,2.518323150013657e-08
test_12870,0.9964236617088318
test_12871,0.06970061361789703
test_12872,0.9986018538475037
test_12873,0.848085343837738
test_12874,0.9847144484519958
test_12875,7.537417695857584e-05
test_12876,0.008000556379556656
test_12877,0.0010108265560120344
test_12878,0.794967770576477
test_12879,0.997944176197052
test_12880,0.3042811453342438
test_12881,1.5984109268174507e-05
test_12882,0.99899822473526
test_12883,0.7567406892776489
test_12884,0.4682384133338928
test_12885,0.00011264581553405151
test_12886,0.013433000072836876
test_12887,0.2681782841682434
test_12888,0.5720181465148926
test_12889,1.8152804841520265e-06
test_12890,0.9999866485595703
test_12891,0.1519004851579666
test_12892,0.008514344692230225
test_12893,0.9997991919517517
test_12894,0.0008435805793851614
test_12895,0.9866493344306946
test_12896,0.5460689067840576
test_12897,0.9999916553497314
test_12898,0.06557225435972214
test_12899,0.7547215819358826
test_12900,0.9998884201049805
test_12901,0.9599863290786743
test_12902,0.8970179557800293
test_12903,0.12498365342617035
test_12904,0.4451775550842285
test_12905,0.9958332180976868
test_12906,0.00017490018217358738
test_12907,0.0001199581238324754
test_12908,0.9497177600860596
test_12909,0.8253679871559143
test_12910,0.0024891176726669073
test_12911,0.9970212578773499
test_12912,0.9999136924743652
test_12913,0.03368021920323372
test_12914,0.004242599941790104
test_12915,0.7317092418670654
test_12916,0.9981093406677246
test_12917,0.9936603903770447
test_12918,0.038150493055582047
test_12919,0.004985173232853413
test_12920,0.9999998807907104
test_12921,0.0117316460236907
test_12922,0.0010661035776138306
test_12923,0.5912918448448181
test_12924,0.9936054944992065
test_12925,0.9993756413459778
test_12926,0.9855868816375732
test_12927,0.9084027409553528
test_12928,0.0687742829322815
test_12929,0.9999381303787231
test_12930,0.9999853372573853
test_12931,0.43581631779670715
test_12932,0.9604146480560303
test_12933,0.9999204874038696
test_12934,0.9998618364334106
test_12935,0.009540731087327003
test_12936,0.7288641333580017
test_12937,0.44942039251327515
test_12938,0.28156259655952454
test_12939,0.9269006848335266
test_12940,0.9697563648223877
test_12941,0.33389970660209656
test_12942,0.8899058699607849
test_12943,0.15633410215377808
test_12944,1.0
test_12945,0.12185393273830414
test_12946,0.9999951124191284
test_12947,0.9988704323768616
test_12948,0.5319646596908569
test_12949,0.0489819161593914
test_12950,0.9925583600997925
test_12951,0.029279910027980804
test_12952,0.839973509311676
test_12953,0.9999241828918457
test_12954,5.946133114775876e-07
test_12955,0.9958584904670715
test_12956,0.9801174998283386
test_12957,0.00468784524127841
test_12958,0.05221978574991226
test_12959,0.1695241928100586
test_12960,0.9986013770103455
test_12961,0.0011862212559208274
test_12962,0.03199116140604019
test_12963,0.9999271631240845
test_12964,0.09770060330629349
test_12965,0.967909574508667
test_12966,0.9175684452056885
test_12967,0.015463616698980331
test_12968,0.01289509516209364
test_12969,0.08311296254396439
test_12970,0.7847667932510376
test_12971,0.00239924481138587
test_12972,0.16674354672431946
test_12973,6.56239571981132e-05
test_12974,0.001182361040264368
test_12975,0.011600827798247337
test_12976,5.33102938788943e-05
test_12977,0.010163386352360249
test_12978,0.9890149235725403
test_12979,0.005302903242409229
test_12980,2.2555407497293345e-07
test_12981,0.9999799728393555
test_12982,0.9866957664489746
test_12983,0.020054997876286507
test_12984,0.8618981242179871
test_12985,0.7859534621238708
test_12986,0.9898764491081238
test_12987,0.9975010752677917
test_12988,0.06975637376308441
test_12989,0.38372015953063965
test_12990,0.8013034462928772
test_12991,0.1915840357542038
test_12992,0.0012758431257680058
test_12993,0.9997289776802063
test_12994,0.029129236936569214
test_12995,0.1670253723859787
test_12996,0.9995476603507996
test_12997,0.03742178902029991
test_12998,0.9999836683273315
test_12999,0.051037468016147614
test_13000,0.0019190172897651792
test_13001,0.9999613761901855
test_13002,8.788281411398202e-05
test_13003,0.9999998807907104
test_13004,0.440783828496933
test_13005,0.4288952648639679
test_13006,6.811256980654434e-07
test_13007,0.005267893895506859
test_13008,0.42434078454971313
test_13009,0.9377219080924988
test_13010,0.7916796803474426
test_13011,0.20154206454753876
test_13012,0.3522564470767975
test_13013,0.9985390901565552
test_13014,0.0008150816429406404
test_13015,0.9997602105140686
test_13016,0.0029547095764428377
test_13017,0.9978598952293396
test_13018,0.0005044001154601574
test_13019,0.0191486906260252
test_13020,0.04273238033056259
test_13021,0.2532401978969574
test_13022,0.0028226878494024277
test_13023,0.4067233204841614
test_13024,0.969676673412323
test_13025,0.9999964237213135
test_13026,0.35791975259780884
test_13027,0.22533705830574036
test_13028,0.012926921248435974
test_13029,0.9974356293678284
test_13030,0.4264041483402252
test_13031,0.06568174064159393
test_13032,0.5788089632987976
test_13033,0.0014832493616268039
test_13034,0.6699691414833069
test_13035,0.19957683980464935
test_13036,0.7378107905387878
test_13037,0.9995760321617126
test_13038,0.8871055245399475
test_13039,0.8704130053520203
test_13040,0.13939189910888672
test_13041,0.8245808482170105
test_13042,0.6822513937950134
test_13043,0.9996045231819153
test_13044,0.9043572545051575
test_13045,0.16867589950561523
test_13046,0.9969398975372314
test_13047,0.04449760913848877
test_13048,0.0017374627059325576
test_13049,0.7928844690322876
test_13050,0.007695957086980343
test_13051,0.2574612498283386
test_13052,0.9985470175743103
test_13053,0.003701615845784545
test_13054,0.003033112268894911
test_13055,0.7982402443885803
test_13056,0.8444877862930298
test_13057,0.0014122911961749196
test_13058,0.00024588609812781215
test_13059,0.9795588254928589
test_13060,0.9998362064361572
test_13061,0.999961256980896
test_13062,0.9999853372573853
test_13063,0.0007591795874759555
test_13064,8.31125071272254e-05
test_13065,0.946033775806427
test_13066,0.780643105506897
test_13067,0.002546386094763875
test_13068,0.6028988361358643
test_13069,0.9659681916236877
test_13070,0.9534763693809509
test_13071,0.2786346673965454
test_13072,0.18543879687786102
test_13073,0.6418232917785645
test_13074,0.6535333395004272
test_13075,0.5362775325775146
test_13076,0.3592641055583954
test_13077,0.5818225145339966
test_13078,0.9993683695793152
test_13079,0.8101687431335449
test_13080,0.0015043711755424738
test_13081,0.00010596445645205677
test_13082,0.9740361571311951
test_13083,0.8170381188392639
test_13084,0.9961031675338745
test_13085,0.9999821186065674
test_13086,0.9918302893638611
test_13087,0.0022231098264455795
test_13088,0.9999179840087891
test_13089,0.5146438479423523
test_13090,0.04689374938607216
test_13091,0.33009809255599976
test_13092,0.9574823379516602
test_13093,0.007072128355503082
test_13094,0.9995829463005066
test_13095,0.9853469133377075
test_13096,5.471968961501261e-06
test_13097,0.006025657989084721
test_13098,0.004704552702605724
test_13099,0.0022077017929404974
test_13100,0.004186420235782862
test_13101,0.07140945643186569
test_13102,0.1732380986213684
test_13103,0.13961340487003326
test_13104,6.297738082139404e-07
test_13105,0.9998005032539368
test_13106,0.94493567943573
test_13107,0.9288163781166077
test_13108,0.9996234178543091
test_13109,0.00028037960873916745
test_13110,0.9999527931213379
test_13111,0.44481712579727173
test_13112,0.9134430885314941
test_13113,0.018700921908020973
test_13114,0.5677405595779419
test_13115,0.986255407333374
test_13116,0.1330547332763672
test_13117,0.24147823452949524
test_13118,0.6558600664138794
test_13119,0.009374200366437435
test_13120,4.10661414207425e-05
test_13121,8.027878357097507e-05
test_13122,0.0006286282441578805
test_13123,0.002757180482149124
test_13124,0.7810906767845154
test_13125,0.1566023826599121
test_13126,0.0025628632865846157
test_13127,0.04710635542869568
test_13128,0.21769466996192932
test_13129,0.32498088479042053
test_13130,0.9197843670845032
test_13131,0.10742209106683731
test_13132,0.9398619532585144
test_13133,0.00016061226779129356
test_13134,0.00025785641628317535
test_13135,1.627530036785174e-05
test_13136,0.6677520871162415
test_13137,0.9999783039093018
test_13138,0.9283872246742249
test_13139,0.15929259359836578
test_13140,0.005741588771343231
test_13141,0.9941838383674622
test_13142,0.00531168095767498
test_13143,0.6480541229248047
test_13144,0.00019851441902574152
test_13145,0.05624331906437874
test_13146,0.9998512268066406
test_13147,0.441222608089447
test_13148,0.3568804860115051
test_13149,0.3285485804080963
test_13150,0.4449175000190735
test_13151,0.9999847412109375
test_13152,0.01831396482884884
test_13153,0.9991509914398193
test_13154,0.004208685830235481
test_13155,0.9998348951339722
test_13156,0.00017876492347568274
test_13157,0.9850558042526245
test_13158,0.5821977853775024
test_13159,0.99726402759552
test_13160,4.836344669456594e-05
test_13161,0.001137934043072164
test_13162,0.8179865479469299
test_13163,0.9529945850372314
test_13164,0.17702743411064148
test_13165,0.7582250833511353
test_13166,0.14811761677265167
test_13167,0.21284349262714386
test_13168,0.15410837531089783
test_13169,0.002689003013074398
test_13170,0.34156131744384766
test_13171,0.04252219945192337
test_13172,0.9994206428527832
test_13173,0.0003215833567082882
test_13174,0.9604406952857971
test_13175,0.005087561905384064
test_13176,0.4224821627140045
test_13177,3.1725410281069344e-06
test_13178,0.5071698427200317
test_13179,0.0001375883730361238
test_13180,0.6838307976722717
test_13181,0.7925175428390503
test_13182,0.9997259974479675
test_13183,0.995688259601593
test_13184,0.9083249568939209
test_13185,0.8264281749725342
test_13186,0.9718177318572998
test_13187,0.971085786819458
test_13188,0.002555669052526355
test_13189,0.001116200815886259
test_13190,0.07728024572134018
test_13191,6.168698291730834e-06
test_13192,0.9993547797203064
test_13193,0.579979658126831
test_13194,0.8108852505683899
test_13195,0.2876089811325073
test_13196,0.9958276152610779
test_13197,0.9529693722724915
test_13198,0.09871435165405273
test_13199,0.5162093639373779
test_13200,0.007927985861897469
test_13201,1.704357117660038e-07
test_13202,0.8982471823692322
test_13203,0.8569724559783936
test_13204,0.9950586557388306
test_13205,0.003621943760663271
test_13206,0.0008556274697184563
test_13207,0.9342045783996582
test_13208,2.4458917323499918e-05
test_13209,0.0385543629527092
test_13210,0.9962323307991028
test_13211,0.4169040322303772
test_13212,0.9760022759437561
test_13213,0.015964319929480553
test_13214,0.856288492679596
test_13215,7.899064075900242e-05
test_13216,0.9997480511665344
test_13217,0.9998053908348083
test_13218,0.4284262955188751
test_13219,0.00030797082581557333
test_13220,0.9965599179267883
test_13221,0.006320986431092024
test_13222,0.9999457597732544
test_13223,0.5426489114761353
test_13224,0.9999293088912964
test_13225,0.00015766626165714115
test_13226,0.8319898247718811
test_13227,0.9941349625587463
test_13228,0.47735297679901123
test_13229,0.012833720073103905
test_13230,0.09250345826148987
test_13231,0.9893909096717834
test_13232,0.9977631568908691
test_13233,3.923091753676999e-06
test_13234,0.8271753191947937
test_13235,0.0015684472164139152
test_13236,0.019378742203116417
test_13237,0.0476226881146431
test_13238,0.6080306172370911
test_13239,0.888568103313446
test_13240,0.013386410661041737
test_13241,0.00819379836320877
test_13242,0.006666417233645916
test_13243,0.37943512201309204
test_13244,0.9955974221229553
test_13245,0.907564640045166
test_13246,0.9864678382873535
test_13247,0.999995231628418
test_13248,0.9220873117446899
test_13249,0.748311460018158
test_13250,0.9997294545173645
test_13251,0.027923597022891045
test_13252,0.11255709081888199
test_13253,0.1556711047887802
test_13254,0.00019415945280343294
test_13255,0.32671794295310974
test_13256,0.10892962664365768
test_13257,0.17365533113479614
test_13258,0.9425054788589478
test_13259,0.9629714488983154
test_13260,0.009247050620615482
test_13261,4.8990375944413245e-05
test_13262,6.63220816932153e-07
test_13263,0.0861334577202797
test_13264,0.4627670645713806
test_13265,0.9999960660934448
test_13266,0.9917871356010437
test_13267,0.9910549521446228
test_13268,0.2784661054611206
test_13269,4.312700419006887e-09
test_13270,0.16452941298484802
test_13271,0.008495563641190529
test_13272,0.018905840814113617
test_13273,0.9999082088470459
test_13274,0.08609681576490402
test_13275,0.2751321494579315
test_13276,0.10825365781784058
test_13277,0.0014704809291288257
test_13278,0.4611319899559021
test_13279,0.006767353042960167
test_13280,0.016385754570364952
test_13281,0.5833747982978821
test_13282,2.1351775103539694e-07
test_13283,0.9794251322746277
test_13284,0.9996455907821655
test_13285,0.0030748960562050343
test_13286,0.9953269958496094
test_13287,0.0011246652575209737
test_13288,0.9484670758247375
test_13289,0.00017877004574984312
test_13290,0.9999794960021973
test_13291,0.9983761310577393
test_13292,0.31673985719680786
test_13293,0.9984514713287354
test_13294,0.38539034128189087
test_13295,0.9949650168418884
test_13296,0.982444703578949
test_13297,5.4907538071802264e-08
test_13298,0.9991782307624817
test_13299,0.9903861284255981
test_13300,0.2796935439109802
test_13301,0.34840157628059387
test_13302,0.9999856948852539
test_13303,0.09779069572687149
test_13304,0.16981175541877747
test_13305,0.2061808705329895
test_13306,0.0001235915842698887
test_13307,0.07449311017990112
test_13308,0.9999983310699463
test_13309,0.9885112047195435
test_13310,0.7489941120147705
test_13311,0.9972339272499084
test_13312,0.014488899149000645
test_13313,0.65984708070755
test_13314,0.9761704206466675
test_13315,0.9982858300209045
test_13316,4.477051697904244e-05
test_13317,0.999969482421875
test_13318,4.6747449232498184e-05
test_13319,0.9666857719421387
test_13320,0.005424948874861002
test_13321,0.9053623676300049
test_13322,1.4320382888399763e-06
test_13323,0.9890087246894836
test_13324,0.13237223029136658
test_13325,0.0030894028022885323
test_13326,1.329695078311488e-05
test_13327,0.8812949061393738
test_13328,5.908091043238528e-05
test_13329,0.0006851439247839153
test_13330,0.024309314787387848
test_13331,0.003763834945857525
test_13332,3.0600793252233416e-05
test_13333,0.9456520676612854
test_13334,0.08015590906143188
test_13335,0.003325925674289465
test_13336,0.012861034832894802
test_13337,0.9999988079071045
test_13338,0.07915212213993073
test_13339,0.768805205821991
test_13340,0.6299605965614319
test_13341,0.9997883439064026
test_13342,0.023948712274432182
test_13343,0.9999288320541382
test_13344,0.8695571422576904
test_13345,0.9126431345939636
test_13346,0.6762859225273132
test_13347,0.3422795534133911
test_13348,0.010818755254149437
test_13349,2.1192747112763755e-07
test_13350,0.03660033270716667
test_13351,0.9999908208847046
test_13352,0.04642334580421448
test_13353,0.003049034858122468
test_13354,0.9947167038917542
test_13355,0.4948755204677582
test_13356,0.9986640214920044
test_13357,0.0049004945904016495
test_13358,0.9999759197235107
test_13359,0.6346886157989502
test_13360,0.9994300007820129
test_13361,0.16175632178783417
test_13362,0.9955470561981201
test_13363,0.08266228437423706
test_13364,0.9820749163627625
test_13365,0.9456265568733215
test_13366,0.9965576529502869
test_13367,0.999962329864502
test_13368,0.14249172806739807
test_13369,0.509841799736023
test_13370,0.8770226836204529
test_13371,0.9987261891365051
test_13372,0.9999909400939941
test_13373,0.5980260372161865
test_13374,0.9666538834571838
test_13375,0.05969801917672157
test_13376,0.9998519420623779
test_13377,0.01975059136748314
test_13378,5.391603394855338e-07
test_13379,0.0006865449249744415
test_13380,0.3138459026813507
test_13381,7.498380227843882e-07
test_13382,0.9996292591094971
test_13383,0.9997615218162537
test_13384,0.8916475176811218
test_13385,0.9826337695121765
test_13386,1.311219193667057e-06
test_13387,0.00029517963412217796
test_13388,8.603080203783975e-08
test_13389,0.011968584731221199
test_13390,0.29080161452293396
test_13391,0.9945878982543945
test_13392,0.0855451449751854
test_13393,0.507993757724762
test_13394,0.9995900988578796
test_13395,0.985551118850708
test_13396,0.9995575547218323
test_13397,0.9591051340103149
test_13398,0.01861606165766716
test_13399,0.9996384382247925
test_13400,0.9951247572898865
test_13401,0.005162541754543781
test_13402,0.9999934434890747
test_13403,0.9998806715011597
test_13404,0.9999876022338867
test_13405,0.9760924577713013
test_13406,0.9971309304237366
test_13407,0.001389085315167904
test_13408,0.24067004024982452
test_13409,0.7610556483268738
test_13410,0.08199389278888702
test_13411,0.9988382458686829
test_13412,0.5204071402549744
test_13413,0.026580600067973137
test_13414,0.01415078341960907
test_13415,0.967850923538208
test_13416,0.9999974966049194
test_13417,0.0005341178039088845
test_13418,0.5495560169219971
test_13419,0.3704661726951599
test_13420,0.992618978023529
test_13421,0.1095459908246994
test_13422,0.1362752467393875
test_13423,0.4762679934501648
test_13424,0.7197400331497192
test_13425,0.5333201885223389
test_13426,0.000565406633540988
test_13427,0.9996740818023682
test_13428,0.9999943971633911
test_13429,0.21561026573181152
test_13430,4.079431892023422e-05
test_13431,0.9924200177192688
test_13432,0.16210126876831055
test_13433,0.00012643671652767807
test_13434,0.9996011853218079
test_13435,0.3868803083896637
test_13436,0.00038760690949857235
test_13437,1.626620905881282e-05
test_13438,0.9997814297676086
test_13439,0.9999179840087891
test_13440,0.994306743144989
test_13441,0.8088147640228271
test_13442,0.9985222220420837
test_13443,0.6939809918403625
test_13444,0.9700751900672913
test_13445,0.9996080994606018
test_13446,0.004915480501949787
test_13447,0.04403002932667732
test_13448,0.31687769293785095
test_13449,1.3169150179237477e-06
test_13450,0.7358243465423584
test_13451,0.377309650182724
test_13452,0.7856371998786926
test_13453,0.9388847947120667
test_13454,5.4033385765706043e-08
test_13455,0.9575293064117432
test_13456,0.9999938011169434
test_13457,0.05675877258181572
test_13458,0.4658008813858032
test_13459,0.024381892755627632
test_13460,0.5402432084083557
test_13461,0.0002269288816023618
test_13462,0.7259116172790527
test_13463,0.002451817039400339
test_13464,1.9614158908165535e-10
test_13465,0.009054159745573997
test_13466,0.9738529920578003
test_13467,0.07422652095556259
test_13468,0.09849704802036285
test_13469,0.9547941088676453
test_13470,0.7215100526809692
test_13471,0.330191969871521
test_13472,0.9611302018165588
test_13473,0.9999927282333374
test_13474,0.15839479863643646
test_13475,0.9893398880958557
test_13476,1.0175634088227525e-05
test_13477,0.9987316727638245
test_13478,0.9999688863754272
test_13479,0.9999703168869019
test_13480,0.8655288815498352
test_13481,0.9999502897262573
test_13482,0.5433202385902405
test_13483,0.9842429161071777
test_13484,0.6433994174003601
test_13485,0.9974753260612488
test_13486,0.04943453520536423
test_13487,0.30714157223701477
test_13488,0.005149045493453741
test_13489,0.9983931183815002
test_13490,7.651447049283888e-06
test_13491,0.005542894825339317
test_13492,0.9514448046684265
test_13493,0.9934558272361755
test_13494,0.0019148262217640877
test_13495,1.2855090062657837e-05
test_13496,0.9955607652664185
test_13497,0.007081764284521341
test_13498,0.22172614932060242
test_13499,0.007554259151220322
test_13500,0.7779711484909058
test_13501,1.4917761745891767e-06
test_13502,0.102411650121212
test_13503,0.608315646648407
test_13504,0.024604452773928642
test_13505,0.004296549130231142
test_13506,0.03291358798742294
test_13507,0.6951384544372559
test_13508,0.9999772310256958
test_13509,0.0036367333959788084
test_13510,0.37100109457969666
test_13511,0.9692723155021667
test_13512,0.9700854420661926
test_13513,0.8356513381004333
test_13514,0.5994873046875
test_13515,0.08903194218873978
test_13516,0.0711810365319252
test_13517,0.47844845056533813
test_13518,0.0016868212260305882
test_13519,0.28420010209083557
test_13520,0.10944932699203491
test_13521,0.9995916485786438
test_13522,0.8323363661766052
test_13523,0.9995163679122925
test_13524,0.935416579246521
test_13525,0.9662285447120667
test_13526,0.8966251611709595
test_13527,0.8464766144752502
test_13528,0.07392866164445877
test_13529,0.9999839067459106
test_13530,0.9998965263366699
test_13531,5.223293919698335e-05
test_13532,0.02135538123548031
test_13533,0.9126176238059998
test_13534,0.004069292917847633
test_13535,0.9998500347137451
test_13536,0.8852859139442444
test_13537,0.0031603602692484856
test_13538,0.09521642327308655
test_13539,0.006045702379196882
test_13540,0.9549981355667114
test_13541,0.9990203380584717
test_13542,6.236990157049149e-05
test_13543,8.864191869406568e-08
test_13544,0.9998986721038818
test_13545,0.8967777490615845
test_13546,0.9579988718032837
test_13547,0.0361521914601326
test_13548,0.9998898506164551
test_13549,0.8096998929977417
test_13550,0.02850862219929695
test_13551,0.8623890280723572
test_13552,0.12338021397590637
test_13553,0.9960634112358093
test_13554,0.9991508722305298
test_13555,4.2188962652289774e-06
test_13556,0.0904252752661705
test_13557,0.9539080262184143
test_13558,0.004675647243857384
test_13559,3.053219472803903e-07
test_13560,3.672958700917661e-05
test_13561,0.00013068776752334088
test_13562,0.38933542370796204
test_13563,0.9990532994270325
test_13564,0.134950652718544
test_13565,0.9943163990974426
test_13566,0.817111074924469
test_13567,0.9205387234687805
test_13568,0.8605704307556152
test_13569,0.9902359843254089
test_13570,0.9903182983398438
test_13571,0.025401514023542404
test_13572,0.924689769744873
test_13573,0.9864537119865417
test_13574,0.16176065802574158
test_13575,0.9972623586654663
test_13576,0.24485017359256744
test_13577,4.74915505037643e-05
test_13578,0.9991875290870667
test_13579,0.6617001891136169
test_13580,0.15092559158802032
test_13581,0.9991232752799988
test_13582,0.999996542930603
test_13583,0.027656061574816704
test_13584,0.9999865293502808
test_13585,0.9998750686645508
test_13586,0.9998791217803955
test_13587,0.0024488368071615696
test_13588,0.8924167156219482
test_13589,0.9382525086402893
test_13590,0.006252056919038296
test_13591,0.06980735808610916
test_13592,0.9451255202293396
test_13593,0.9974709749221802
test_13594,0.3506280183792114
test_13595,7.89111886945193e-09
test_13596,1.2351359146123286e-05
test_13597,0.0035104171838611364
test_13598,0.0008144702296704054
test_13599,0.9998936653137207
test_13600,0.0032119164243340492
test_13601,0.995793342590332
test_13602,0.8853216767311096
test_13603,0.9999891519546509
test_13604,0.9987820982933044
test_13605,0.2639426290988922
test_13606,0.9999935626983643
test_13607,0.0723046064376831
test_13608,7.368843313315665e-08
test_13609,0.9685525894165039
test_13610,0.8908787369728088
test_13611,0.9166080355644226
test_13612,0.8950528502464294
test_13613,0.02179032191634178
test_13614,0.6122990846633911
test_13615,0.1812615990638733
test_13616,7.218874543468701e-06
test_13617,0.9999716281890869
test_13618,0.00014264823403209448
test_13619,0.9968547821044922
test_13620,0.04249459505081177
test_13621,0.6917122602462769
test_13622,0.9995324611663818
test_13623,0.1530127078294754
test_13624,0.0029840655624866486
test_13625,0.9892276525497437
test_13626,0.0018720236839726567
test_13627,3.8156122172949836e-05
test_13628,0.037336234003305435
test_13629,3.6373762668517884e-06
test_13630,0.31199994683265686
test_13631,0.00018279015785083175
test_13632,0.10053098946809769
test_13633,0.0023811564315110445
test_13634,0.8705558180809021
test_13635,0.9977796673774719
test_13636,0.974478006362915
test_13637,0.11514082551002502
test_13638,0.9654762744903564
test_13639,0.6651808023452759
test_13640,0.9218283891677856
test_13641,0.616328239440918
test_13642,0.14264914393424988
test_13643,5.981070444249781e-06
test_13644,5.463756114210128e-09
test_13645,0.9999949932098389
test_13646,0.9968571662902832
test_13647,0.996291995048523
test_13648,0.1960803121328354
test_13649,0.022340798750519753
test_13650,2.3764408979332075e-05
test_13651,0.2564753293991089
test_13652,0.11756293475627899
test_13653,0.9730882048606873
test_13654,0.8083446621894836
test_13655,1.308712711534099e-07
test_13656,0.5933116674423218
test_13657,0.8508630990982056
test_13658,0.5678312182426453
test_13659,0.9734739661216736
test_13660,0.04875244200229645
test_13661,0.013270940631628036
test_13662,0.8901599049568176
test_13663,0.049668584018945694
test_13664,0.9818354845046997
test_13665,0.0016760645667091012
test_13666,0.15470360219478607
test_13667,0.0011880745878443122
test_13668,2.115577444783412e-05
test_13669,0.6936424970626831
test_13670,0.0013206078438088298
test_13671,0.28488099575042725
test_13672,2.6814832381205633e-06
test_13673,0.0075295777060091496
test_13674,0.960421085357666
test_13675,0.16057974100112915
test_13676,0.0653492882847786
test_13677,0.6195371747016907
test_13678,0.0012105549685657024
test_13679,0.314016729593277
test_13680,0.0003355868102516979
test_13681,0.9978995323181152
test_13682,0.9968050718307495
test_13683,0.9997188448905945
test_13684,0.09747570753097534
test_13685,0.9993508458137512
test_13686,0.03355982154607773
test_13687,0.9952424764633179
test_13688,0.9944226145744324
test_13689,0.9965697526931763
test_13690,0.31692826747894287
test_13691,0.9999817609786987
test_13692,0.42953476309776306
test_13693,0.04782824590802193
test_13694,0.7041498422622681
test_13695,0.9815682768821716
test_13696,0.9994717240333557
test_13697,0.01810714602470398
test_13698,0.8890066146850586
test_13699,0.9999325275421143
test_13700,0.042426805943250656
test_13701,0.0018008274491876364
test_13702,0.9987234473228455
test_13703,0.08275000005960464
test_13704,0.00022899324540048838
test_13705,0.9950390458106995
test_13706,0.09800367057323456
test_13707,0.036527492105960846
test_13708,0.9741335511207581
test_13709,0.9586793184280396
test_13710,0.22479325532913208
test_13711,0.005482500419020653
test_13712,0.7988340854644775
test_13713,0.9821562170982361
test_13714,3.905453922925517e-06
test_13715,0.133691668510437
test_13716,0.0014842996606603265
test_13717,0.757095456123352
test_13718,0.9047552943229675
test_13719,0.8166181445121765
test_13720,0.5336964130401611
test_13721,0.9988803267478943
test_13722,0.37445464730262756
test_13723,0.8822157979011536
test_13724,0.00876282062381506
test_13725,0.9972072243690491
test_13726,0.08180243521928787
test_13727,0.5665761828422546
test_13728,0.010831156745553017
test_13729,0.9993700385093689
test_13730,1.3153146483091405e-06
test_13731,0.003256544005125761
test_13732,0.9989521503448486
test_13733,0.9886813163757324
test_13734,0.00022967330005485564
test_13735,0.4572683870792389
test_13736,0.945880115032196
test_13737,2.0142215362284333e-05
test_13738,0.46645161509513855
test_13739,0.9946751594543457
test_13740,0.08125772327184677
test_13741,0.6769830584526062
test_13742,0.41240718960762024
test_13743,0.0013304498279467225
test_13744,0.11528541892766953
test_13745,0.5816701054573059
test_13746,0.257652223110199
test_13747,1.2200201126688626e-05
test_13748,5.591845564367759e-08
test_13749,0.1845315396785736
test_13750,0.0005792375886812806
test_13751,0.9363328814506531
test_13752,0.0016445402288809419
test_13753,0.1905035823583603
test_13754,0.946414589881897
test_13755,0.00865092221647501
test_13756,0.9164016842842102
test_13757,0.17313386499881744
test_13758,0.011216327548027039
test_13759,0.035831715911626816
test_13760,0.9562279582023621
test_13761,0.003556993557140231
test_13762,0.004382994491606951
test_13763,0.9985330104827881
test_13764,0.4560423493385315
test_13765,0.9978710412979126
test_13766,0.001164957182481885
test_13767,0.30129382014274597
test_13768,0.9999996423721313
test_13769,0.9996433258056641
test_13770,0.0015976401045918465
test_13771,0.8067065477371216
test_13772,0.002897723112255335
test_13773,0.9364444017410278
test_13774,0.39804893732070923
test_13775,0.0817209854722023
test_13776,0.9999667406082153
test_13777,0.5652744770050049
test_13778,0.9890706539154053
test_13779,0.9648075699806213
test_13780,0.9948924779891968
test_13781,0.00011032443580916151
test_13782,0.9991260170936584
test_13783,0.5071406364440918
test_13784,0.533964991569519
test_13785,0.9989571571350098
test_13786,0.00017878811922855675
test_13787,0.9978823065757751
test_13788,0.001982257468625903
test_13789,0.7719080448150635
test_13790,0.6070556044578552
test_13791,6.154843958938727e-07
test_13792,0.17641577124595642
test_13793,0.06234137713909149
test_13794,0.007719563785940409
test_13795,0.00021726125851273537
test_13796,0.998407781124115
test_13797,0.999998927116394
test_13798,0.41583460569381714
test_13799,0.6840553879737854
test_13800,0.7855514883995056
test_13801,0.6938514113426208
test_13802,0.0005560528370551765
test_13803,0.0027934068348258734
test_13804,0.427293062210083
test_13805,0.7052818536758423
test_13806,0.05145961046218872
test_13807,0.012420340441167355
test_13808,0.9997658133506775
test_13809,0.01910470239818096
test_13810,0.9999998807907104
test_13811,0.00015533374971710145
test_13812,0.9099199175834656
test_13813,0.9999752044677734
test_13814,2.5509692932246253e-05
test_13815,0.9997648596763611
test_13816,0.9999443292617798
test_13817,0.9746891856193542
test_13818,0.2350310981273651
test_13819,0.1074180081486702
test_13820,0.9972659349441528
test_13821,0.009278908371925354
test_13822,0.15723572671413422
test_13823,0.7415502071380615
test_13824,0.0028724053408950567
test_13825,0.013668086379766464
test_13826,0.960915207862854
test_13827,0.9715285897254944
test_13828,0.8248687386512756
test_13829,0.8735733032226562
test_13830,0.15495075285434723
test_13831,0.018766770139336586
test_13832,0.9954050779342651
test_13833,0.9997822642326355
test_13834,0.17878927290439606
test_13835,0.9881565570831299
test_13836,0.9999274015426636
test_13837,0.36448225378990173
test_13838,0.0008137875702232122
test_13839,0.6147035956382751
test_13840,0.9976915121078491
test_13841,9.884610335575417e-05
test_13842,0.9923020601272583
test_13843,0.001715585240162909
test_13844,0.9092687368392944
test_13845,0.86119544506073
test_13846,0.942023515701294
test_13847,0.00047674967208877206
test_13848,0.9999932050704956
test_13849,0.6301133036613464
test_13850,0.9163745641708374
test_13851,0.645456075668335
test_13852,0.8358001112937927
test_13853,0.9951537847518921
test_13854,0.8793359398841858
test_13855,0.010394571349024773
test_13856,2.4781280444585718e-05
test_13857,0.9999654293060303
test_13858,0.3848296105861664
test_13859,0.9913478493690491
test_13860,0.20994603633880615
test_13861,0.99996018409729
test_13862,0.5820383429527283
test_13863,0.9988861680030823
test_13864,1.743359098327346e-05
test_13865,0.867385745048523
test_13866,0.3148106038570404
test_13867,0.09281926602125168
test_13868,0.11202799528837204
test_13869,0.9089640974998474
test_13870,0.2390366792678833
test_13871,0.1422426998615265
test_13872,0.8454771041870117
test_13873,0.5393417477607727
test_13874,0.9993621706962585
test_13875,0.4743066430091858
test_13876,0.9588945508003235
test_13877,0.9642415046691895
test_13878,0.45388272404670715
test_13879,0.0007453925791196525
test_13880,0.9982512593269348
test_13881,0.5269192457199097
test_13882,0.0006738172378391027
test_13883,0.9697590470314026
test_13884,0.021093621850013733
test_13885,0.4893215596675873
test_13886,0.5003093481063843
test_13887,0.10270471125841141
test_13888,0.9791163802146912
test_13889,0.004388803616166115
test_13890,0.19317401945590973
test_13891,0.9589197635650635
test_13892,0.9997839331626892
test_13893,0.0026158117689192295
test_13894,7.027173978713108e-06
test_13895,5.255961877992377e-05
test_13896,0.9997772574424744
test_13897,0.0239472147077322
test_13898,0.574432909488678
test_13899,0.9995385408401489
test_13900,0.998213529586792
test_13901,0.024590620771050453
test_13902,0.06430705636739731
test_13903,0.9571112394332886
test_13904,0.9985200762748718
test_13905,1.4746956367162056e-07
test_13906,0.9999464750289917
test_13907,0.9987244009971619
test_13908,0.0009495467529632151
test_13909,0.8481945991516113
test_13910,0.9999375343322754
test_13911,0.007971114479005337
test_13912,0.9315176606178284
test_13913,0.0009488333016633987
test_13914,0.7812031507492065
test_13915,0.25988295674324036
test_13916,0.9458791613578796
test_13917,0.00014061077672522515
test_13918,0.1483849585056305
test_13919,0.9571532607078552
test_13920,0.027736809104681015
test_13921,0.9995817542076111
test_13922,0.986745297908783
test_13923,0.9999969005584717
test_13924,0.9652139544487
test_13925,0.9997233748435974
test_13926,0.9941092729568481
test_13927,0.02768956497311592
test_13928,0.9997343420982361
test_13929,0.9662735462188721
test_13930,0.999971866607666
test_13931,0.802984893321991
test_13932,0.999923586845398
test_13933,0.00770614854991436
test_13934,0.006726919207721949
test_13935,0.031182145699858665
test_13936,0.9996417760848999
test_13937,0.7523937821388245
test_13938,0.9993330836296082
test_13939,0.9999524354934692
test_13940,0.9997108578681946
test_13941,0.0008516816305927932
test_13942,0.03789961338043213
test_13943,0.7647422552108765
test_13944,0.9999995231628418
test_13945,0.6554256677627563
test_13946,0.11604973673820496
test_13947,0.9732913374900818
test_13948,0.00018649034609552473
test_13949,0.0002487650781404227
test_13950,0.3151143193244934
test_13951,0.05443258956074715
test_13952,0.7270223498344421
test_13953,0.5941078662872314
test_13954,0.9936231970787048
test_13955,0.9842643141746521
test_13956,0.8665775060653687
test_13957,0.04969517141580582
test_13958,0.9653685688972473
test_13959,0.22719353437423706
test_13960,0.9975376129150391
test_13961,0.9998594522476196
test_13962,0.5251656174659729
test_13963,0.9919169545173645
test_13964,0.06921378523111343
test_13965,0.29296350479125977
test_13966,8.273969797301106e-06
test_13967,0.9940069913864136
test_13968,0.31794485449790955
test_13969,0.011673430912196636
test_13970,6.604446389246732e-05
test_13971,0.5778375267982483
test_13972,0.0014245767379179597
test_13973,0.6599740386009216
test_13974,0.5304479002952576
test_13975,0.9999998807907104
test_13976,0.25627967715263367
test_13977,0.9999637603759766
test_13978,0.9945067763328552
test_13979,0.3684449791908264
test_13980,0.05847401171922684
test_13981,7.763300402530149e-08
test_13982,0.006057866383343935
test_13983,0.9831085801124573
test_13984,0.5011044144630432
test_13985,0.9995068311691284
test_13986,0.46329089999198914
test_13987,0.017344016581773758
test_13988,0.9999531507492065
test_13989,0.8797592520713806
test_13990,0.9988892674446106
test_13991,0.25673919916152954
test_13992,0.9998493194580078
test_13993,0.3572631776332855
test_13994,0.2939966320991516
test_13995,0.9961496591567993
test_13996,0.9911035299301147
test_13997,0.00064727698918432
test_13998,0.08904866874217987
test_13999,0.9998304843902588
test_14000,2.8521351396193495e-06
test_14001,0.0005721388151869178
test_14002,0.20919090509414673
test_14003,0.18598859012126923
test_14004,0.4243580102920532
test_14005,0.01762799732387066
test_14006,0.9999356269836426
test_14007,0.9994869232177734
test_14008,0.06169094890356064
test_14009,0.9983295798301697
test_14010,0.0004676776588894427
test_14011,0.9634108543395996
test_14012,0.9999964237213135
test_14013,0.9999881982803345
test_14014,0.02478291466832161
test_14015,0.08780508488416672
test_14016,0.9999994039535522
test_14017,0.0004471800639294088
test_14018,0.005320816766470671
test_14019,0.6455554366111755
test_14020,0.851473867893219
test_14021,0.17447592318058014
test_14022,0.9063500761985779
test_14023,4.747535058413632e-07
test_14024,7.135433406801894e-06
test_14025,0.9796629548072815
test_14026,0.017177199944853783
test_14027,0.0028287824243307114
test_14028,0.8722531199455261
test_14029,0.00038123541162349284
test_14030,0.9986515641212463
test_14031,0.9999971389770508
test_14032,0.004699353594332933
test_14033,0.20124904811382294
test_14034,2.2423387235903647e-06
test_14035,0.570676326751709
test_14036,0.19121016561985016
test_14037,0.0006305180140770972
test_14038,5.1733401051023975e-05
test_14039,0.7285840511322021
test_14040,0.12596994638442993
test_14041,0.000406102481065318
test_14042,0.9998804330825806
test_14043,0.799079418182373
test_14044,0.5069847702980042
test_14045,0.004216385073959827
test_14046,0.5990028381347656
test_14047,0.5922809839248657
test_14048,0.4729301631450653
test_14049,0.008051641285419464
test_14050,0.00028039832250215113
test_14051,0.5937284231185913
test_14052,0.9856612682342529
test_14053,0.9742069840431213
test_14054,0.8225536942481995
test_14055,0.9976778626441956
test_14056,3.021632892341586e-06
test_14057,0.9771825671195984
test_14058,0.8285486698150635
test_14059,0.8114891052246094
test_14060,0.0056194583885371685
test_14061,0.9089544415473938
test_14062,0.005801588762551546
test_14063,0.0018466594628989697
test_14064,0.9969744682312012
test_14065,0.9828333854675293
test_14066,0.5963501930236816
test_14067,0.01045882049947977
test_14068,0.9999984502792358
test_14069,0.00306798261590302
test_14070,0.0009252133313566446
test_14071,0.0002623328473418951
test_14072,0.7176282405853271
test_14073,0.8983330726623535
test_14074,0.9926621913909912
test_14075,0.11574705690145493
test_14076,1.1616459687502356e-06
test_14077,0.9548608064651489
test_14078,0.9999750852584839
test_14079,0.9999985694885254
test_14080,0.6457157135009766
test_14081,0.999788224697113
test_14082,0.9302849173545837
test_14083,0.06795651465654373
test_14084,0.7116348743438721
test_14085,0.9999997615814209
test_14086,0.05621272698044777
test_14087,0.9999445676803589
test_14088,0.9999985694885254
test_14089,0.011494433507323265
test_14090,0.5210922360420227
test_14091,0.4132402241230011
test_14092,0.9140849709510803
test_14093,0.033781278878450394
test_14094,0.9990108013153076
test_14095,0.10507549345493317
test_14096,0.9939761161804199
test_14097,0.9632057547569275
test_14098,0.9601523280143738
test_14099,0.003947226796299219
test_14100,0.011200078763067722
test_14101,0.9997017979621887
test_14102,0.7398473024368286
test_14103,0.045389071106910706
test_14104,0.9861389994621277
test_14105,0.0011181042063981295
test_14106,0.7196707129478455
test_14107,0.9956846237182617
test_14108,0.9592386484146118
test_14109,4.371832744709536e-07
test_14110,1.6825707689349656e-06
test_14111,0.9999933242797852
test_14112,0.2795564830303192
test_14113,0.06487235426902771
test_14114,0.0012276547495275736
test_14115,0.00042169567313976586
test_14116,0.99979168176651
test_14117,0.9882208108901978
test_14118,0.00029348276439122856
test_14119,0.9999935626983643
test_14120,0.17696410417556763
test_14121,0.10058034956455231
test_14122,0.860231339931488
test_14123,0.5598546266555786
test_14124,0.008547171019017696
test_14125,0.9100335240364075
test_14126,0.9881545305252075
test_14127,0.8032073378562927
test_14128,0.001661492744460702
test_14129,0.993724524974823
test_14130,0.0003415067621972412
test_14131,0.11834429204463959
test_14132,0.896625816822052
test_14133,0.05549971014261246
test_14134,4.937521225656383e-06
test_14135,0.8065783381462097
test_14136,0.6720076203346252
test_14137,0.002844525733962655
test_14138,0.9867392778396606
test_14139,0.06117318943142891
test_14140,0.8508895635604858
test_14141,0.9855456948280334
test_14142,6.076038783220383e-09
test_14143,4.500661532347294e-08
test_14144,0.0028372204396873713
test_14145,0.3251464366912842
test_14146,0.5612084269523621
test_14147,0.9635565876960754
test_14148,8.995889947982505e-05
test_14149,0.999954342842102
test_14150,0.09416462481021881
test_14151,0.7094993591308594
test_14152,0.307573139667511
test_14153,0.00013122196833137423
test_14154,0.36789578199386597
test_14155,0.371719628572464
test_14156,8.989553316496313e-05
test_14157,0.157632976770401
test_14158,0.9989964365959167
test_14159,0.9775882959365845
test_14160,0.3888997435569763
test_14161,6.133216743364756e-07
test_14162,0.9968233108520508
test_14163,0.9999967813491821
test_14164,0.5500050187110901
test_14165,0.9999935626983643
test_14166,0.0009180728811770678
test_14167,0.687264084815979
test_14168,0.022214621305465698
test_14169,0.5486742258071899
test_14170,0.999622106552124
test_14171,0.03008989803493023
test_14172,0.0022542751394212246
test_14173,0.11087919771671295
test_14174,0.4754755198955536
test_14175,0.9931526184082031
test_14176,0.3552333414554596
test_14177,0.0021369552705436945
test_14178,8.923089626478031e-05
test_14179,0.9232645630836487
test_14180,0.9944774508476257
test_14181,0.25944411754608154
test_14182,4.4076386984670535e-07
test_14183,0.37073004245758057
test_14184,0.9922701120376587
test_14185,0.9188234210014343
test_14186,0.00016560713993385434
test_14187,0.0009590344270691276
test_14188,0.014484943822026253
test_14189,1.5772936023950024e-07
test_14190,0.9999755620956421
test_14191,0.9999716281890869
test_14192,0.9969103932380676
test_14193,0.020413191989064217
test_14194,0.004788288380950689
test_14195,0.9880512952804565
test_14196,0.1490555703639984
test_14197,0.9966249465942383
test_14198,0.19845052063465118
test_14199,0.01404726691544056
test_14200,0.03179287165403366
test_14201,1.6830115782795474e-05
test_14202,0.786723256111145
test_14203,0.9454752206802368
test_14204,0.043741002678871155
test_14205,0.44032394886016846
test_14206,0.6577810645103455
test_14207,0.0005670002428814769
test_14208,0.9865865707397461
test_14209,0.8871747255325317
test_14210,0.9992307424545288
test_14211,0.0005445783026516438
test_14212,0.9991533756256104
test_14213,0.009376113303005695
test_14214,0.9366582036018372
test_14215,0.9848237037658691
test_14216,0.016119813546538353
test_14217,0.004891166929155588
test_14218,0.14104755222797394
test_14219,0.07667699456214905
test_14220,3.055355409742333e-05
test_14221,0.9999064207077026
test_14222,0.05142246186733246
test_14223,6.88717482262291e-05
test_14224,0.004318221006542444
test_14225,0.9999998807907104
test_14226,0.29641011357307434
test_14227,0.6126949787139893
test_14228,0.007921109907329082
test_14229,0.8822333216667175
test_14230,0.4318453371524811
test_14231,0.33247989416122437
test_14232,6.979893782954605e-07
test_14233,0.9999070167541504
test_14234,0.005462509114295244
test_14235,3.4191129088867456e-05
test_14236,0.0018076917622238398
test_14237,0.9694532155990601
test_14238,0.2546146810054779
test_14239,0.9624898433685303
test_14240,0.04364665225148201
test_14241,0.7573261857032776
test_14242,8.277731211592254e-08
test_14243,0.9926937818527222
test_14244,0.8665204644203186
test_14245,0.998468816280365
test_14246,0.8002446889877319
test_14247,0.9789232611656189
test_14248,0.8159030675888062
test_14249,0.0015659230994060636
test_14250,0.999962568283081
test_14251,0.413418710231781
test_14252,0.09695596247911453
test_14253,0.9991902709007263
test_14254,0.9979236125946045
test_14255,0.23453691601753235
test_14256,0.790949821472168
test_14257,0.9222093224525452
test_14258,0.15872745215892792
test_14259,0.8064039349555969
test_14260,2.8330283385002986e-05
test_14261,0.005383121781051159
test_14262,0.04767573997378349
test_14263,0.0006655206088908017
test_14264,0.9703609347343445
test_14265,0.0001233916264027357
test_14266,0.007296975702047348
test_14267,0.15162543952465057
test_14268,8.828588761389256e-06
test_14269,0.23235805332660675
test_14270,0.004218988120555878
test_14271,3.618376285885461e-05
test_14272,0.17436330020427704
test_14273,0.01758567988872528
test_14274,0.9447011351585388
test_14275,0.1817333698272705
test_14276,0.04087449610233307
test_14277,0.7531944513320923
test_14278,0.999238133430481
test_14279,0.9989808201789856
test_14280,0.9985120892524719
test_14281,0.9991670846939087
test_14282,0.4815290570259094
test_14283,2.1065980604362267e-07
test_14284,0.9999997615814209
test_14285,0.20041249692440033
test_14286,0.9982579350471497
test_14287,0.009404652751982212
test_14288,0.9841256141662598
test_14289,0.9997419714927673
test_14290,0.8360555768013
test_14291,0.8333446979522705
test_14292,0.005860705394297838
test_14293,0.9999951124191284
test_14294,9.341179247712716e-05
test_14295,0.9998819828033447
test_14296,0.9996485710144043
test_14297,0.9033814072608948
test_14298,0.9934089183807373
test_14299,0.5631804466247559
test_14300,0.011264209635555744
test_14301,5.377040679377387e-07
test_14302,0.7445393800735474
test_14303,0.45738038420677185
test_14304,0.5738601088523865
test_14305,0.06325393915176392
test_14306,0.8462988138198853
test_14307,0.851852297782898
test_14308,0.9999974966049194
test_14309,0.0014386915136128664
test_14310,0.3019371032714844
test_14311,0.9999614953994751
test_14312,0.6437686681747437
test_14313,0.7856999039649963
test_14314,0.8136599063873291
test_14315,4.127107047224854e-07
test_14316,3.218610436306335e-05
test_14317,0.6674103736877441
test_14318,0.00018883400480262935
test_14319,0.9999984502792358
test_14320,4.758439536090009e-05
test_14321,0.7873761653900146
test_14322,0.9176384210586548
test_14323,0.3609500825405121
test_14324,0.9783380627632141
test_14325,0.024823086336255074
test_14326,0.006754708010703325
test_14327,0.0044471025466918945
test_14328,0.7562624216079712
test_14329,0.21305561065673828
test_14330,0.018073389306664467
test_14331,0.002857862738892436
test_14332,0.6346468925476074
test_14333,0.0008766876417212188
test_14334,0.9997273087501526
test_14335,0.6060410141944885
test_14336,0.9953159093856812
test_14337,1.2933827747474425e-05
test_14338,0.0014806230319663882
test_14339,0.24413436651229858
test_14340,0.30850696563720703
test_14341,0.014113838784396648
test_14342,0.7078012824058533
test_14343,0.9982618689537048
test_14344,0.9222833514213562
test_14345,0.000265058915829286
test_14346,0.9795880317687988
test_14347,0.9994577765464783
test_14348,0.0016629629535600543
test_14349,0.9996463060379028
test_14350,0.6898646354675293
test_14351,0.003940491005778313
test_14352,2.2637568690697663e-05
test_14353,0.9999945163726807
test_14354,0.11168604344129562
test_14355,0.9766325950622559
test_14356,0.6179017424583435
test_14357,2.8891090551042e-06
test_14358,0.9968173503875732
test_14359,0.2630593776702881
test_14360,0.24648363888263702
test_14361,0.00014759477926418185
test_14362,0.9981355667114258
test_14363,8.6207888671197e-05
test_14364,0.999998927116394
test_14365,0.693342924118042
test_14366,0.9995530247688293
test_14367,0.9989452958106995
test_14368,0.9842002987861633
test_14369,0.9995465874671936
test_14370,0.9988158941268921
test_14371,0.959784746170044
test_14372,0.00012310816964600235
test_14373,0.1424051821231842
test_14374,0.017437687143683434
test_14375,0.04170596972107887
test_14376,0.011991572566330433
test_14377,0.013695891946554184
test_14378,0.9999113082885742
test_14379,0.5908786058425903
test_14380,0.9017164707183838
test_14381,0.6677132248878479
test_14382,0.11015850305557251
test_14383,0.9999908208847046
test_14384,0.1213449165225029
test_14385,0.36144134402275085
test_14386,0.4436246156692505
test_14387,0.9632903933525085
test_14388,0.000988137791864574
test_14389,0.20539069175720215
test_14390,0.9999961853027344
test_14391,0.9999896287918091
test_14392,0.9882323145866394
test_14393,0.050730057060718536
test_14394,0.9999830722808838
test_14395,0.6055912375450134
test_14396,0.9638597369194031
test_14397,0.9999260902404785
test_14398,0.9380949139595032
test_14399,0.043674368411302567
test_14400,0.9336859583854675
test_14401,0.9523886442184448
test_14402,4.329380681156181e-05
test_14403,0.9980790615081787
test_14404,0.5971006155014038
test_14405,0.9893549680709839
test_14406,0.011463068425655365
test_14407,0.13144828379154205
test_14408,0.00017574540106579661
test_14409,0.7935854196548462
test_14410,0.9451011419296265
test_14411,0.00022692239144816995
test_14412,0.830443263053894
test_14413,0.9947527647018433
test_14414,0.0016178387450054288
test_14415,0.10023375600576401
test_14416,0.212161123752594
test_14417,0.0009304384584538639
test_14418,0.009829781949520111
test_14419,6.113541166996583e-05
test_14420,0.0007439846522174776
test_14421,0.8330259323120117
test_14422,0.14309656620025635
test_14423,0.06850715726613998
test_14424,0.17102426290512085
test_14425,0.12170397490262985
test_14426,0.0790625736117363
test_14427,0.9966247081756592
test_14428,0.005652050953358412
test_14429,0.9996349811553955
test_14430,0.0036783393006771803
test_14431,0.7626923322677612
test_14432,3.7660680391127244e-05
test_14433,0.9997236132621765
test_14434,0.9999996423721313
test_14435,0.49537938833236694
test_14436,0.3457350730895996
test_14437,0.9999773502349854
test_14438,0.9708350300788879
test_14439,0.03692670539021492
test_14440,0.014043138362467289
test_14441,0.5049219131469727
test_14442,0.3208465874195099
test_14443,0.9999997615814209
test_14444,0.866830050945282
test_14445,9.712217433843762e-06
test_14446,1.1114440212622867e-06
test_14447,0.9999995231628418
test_14448,0.0019514421001076698
test_14449,0.005368278827518225
test_14450,0.6496692299842834
test_14451,0.25337767601013184
test_14452,1.4770881534786895e-05
test_14453,0.7729344964027405
test_14454,0.007495986297726631
test_14455,0.009292995557188988
test_14456,0.9894605278968811
test_14457,0.00046037937863729894
test_14458,0.768987238407135
test_14459,0.46382248401641846
test_14460,0.002587735652923584
test_14461,0.00037068597157485783
test_14462,0.9999618530273438
test_14463,0.4816782474517822
test_14464,0.996062695980072
test_14465,0.9836558103561401
test_14466,0.28379806876182556
test_14467,0.737227737903595
test_14468,0.399576872587204
test_14469,0.0036104940809309483
test_14470,0.937584400177002
test_14471,0.6778048276901245
test_14472,0.16631628572940826
test_14473,0.004313008394092321
test_14474,0.15148817002773285
test_14475,0.5848702788352966
test_14476,0.9439544677734375
test_14477,0.9986380934715271
test_14478,0.9965444207191467
test_14479,0.9948573112487793
test_14480,0.9999768733978271
test_14481,0.021481433883309364
test_14482,0.4295780658721924
test_14483,0.023919373750686646
test_14484,0.9998993873596191
test_14485,0.3488013744354248
test_14486,0.00039872151683084667
test_14487,0.9710353016853333
test_14488,0.9990956783294678
test_14489,0.00023166123719420284
test_14490,0.06063221022486687
test_14491,0.9965620636940002
test_14492,0.005083682015538216
test_14493,0.2745717167854309
test_14494,0.8819018602371216
test_14495,0.0004207624588161707
test_14496,0.01591174490749836
test_14497,0.900634229183197
test_14498,0.945851743221283
test_14499,7.138802902773023e-05
test_14500,1.0878276043513324e-05
test_14501,5.150687911736895e-07
test_14502,0.9993969202041626
test_14503,0.9928300976753235
test_14504,0.01615814119577408
test_14505,0.018998732790350914
test_14506,0.00028938535251654685
test_14507,0.9510896801948547
test_14508,0.004868782591074705
test_14509,0.004743546713143587
test_14510,0.9771990776062012
test_14511,0.9229310750961304
test_14512,0.9966790676116943
test_14513,0.0007190219475887716
test_14514,0.9370307922363281
test_14515,1.5612624792993302e-06
test_14516,0.9941242337226868
test_14517,6.800492701586336e-05
test_14518,0.9004702568054199
test_14519,0.14317943155765533
test_14520,0.3816489279270172
test_14521,0.989538848400116
test_14522,0.0007313625537790358
test_14523,0.9993579983711243
test_14524,0.9649080038070679
test_14525,0.9986644983291626
test_14526,1.9087443433818407e-05
test_14527,0.3282244801521301
test_14528,0.9999580383300781
test_14529,7.898906005721074e-06
test_14530,0.9999727010726929
test_14531,0.1435290277004242
test_14532,0.034112609922885895
test_14533,0.00010367383220000193
test_14534,0.9861372709274292
test_14535,0.006871937774121761
test_14536,0.9965168237686157
test_14537,1.9920773411286063e-05
test_14538,0.007197534665465355
test_14539,0.17889073491096497
test_14540,0.9821104407310486
test_14541,0.7847999930381775
test_14542,0.9999821186065674
test_14543,5.835383490193635e-05
test_14544,0.06733018904924393
test_14545,0.9995597004890442
test_14546,0.7707499265670776
test_14547,0.9989367127418518
test_14548,0.6499568223953247
test_14549,0.16113664209842682
test_14550,0.6818103790283203
test_14551,0.936431348323822
test_14552,0.2557227611541748
test_14553,0.9991357922554016
test_14554,0.023288274183869362
test_14555,0.03072039783000946
test_14556,0.27627596259117126
test_14557,0.9946361184120178
test_14558,0.8012298345565796
test_14559,0.5016760230064392
test_14560,0.09176328033208847
test_14561,0.5101878643035889
test_14562,0.9849026799201965
test_14563,0.9404788613319397
test_14564,0.5944759845733643
test_14565,0.9973719120025635
test_14566,0.4001401364803314
test_14567,0.6457421183586121
test_14568,0.9920899868011475
test_14569,0.0004767709760926664
test_14570,0.9940401911735535
test_14571,0.04378572478890419
test_14572,0.002277520252391696
test_14573,0.999526858329773
test_14574,0.996450662612915
test_14575,0.00017869625298772007
test_14576,0.43870821595191956
test_14577,0.98056960105896
test_14578,0.0023139347322285175
test_14579,4.79368754895404e-05
test_14580,0.9999979734420776
test_14581,0.6934697031974792
test_14582,0.9999575614929199
test_14583,0.9958431124687195
test_14584,0.9986512064933777
test_14585,0.9999873638153076
test_14586,0.04294449836015701
test_14587,0.023090993985533714
test_14588,0.9791368246078491
test_14589,0.002866714261472225
test_14590,0.999735414981842
test_14591,0.9998615980148315
test_14592,0.5514441132545471
test_14593,0.9997395873069763
test_14594,0.11839590966701508
test_14595,0.9471715688705444
test_14596,0.0023343984503299
test_14597,0.7834437489509583
test_14598,8.209106567846902e-07
test_14599,0.9999380111694336
test_14600,0.9998078942298889
test_14601,0.9927494525909424
test_14602,0.9118002653121948
test_14603,0.7467816472053528
test_14604,0.28579357266426086
test_14605,3.399194838493713e-06
test_14606,0.3400636315345764
test_14607,0.0007674511289224029
test_14608,0.6056808233261108
test_14609,0.9192922711372375
test_14610,2.522784961911384e-05
test_14611,0.05205363407731056
test_14612,0.22875677049160004
test_14613,0.9999750852584839
test_14614,0.9999207258224487
test_14615,0.4205346405506134
test_14616,0.4629988670349121
test_14617,0.9978278279304504
test_14618,0.9115307927131653
test_14619,0.9629459381103516
test_14620,0.998775064945221
test_14621,0.7788262367248535
test_14622,0.9710927605628967
test_14623,0.9995201826095581
test_14624,0.9480972290039062
test_14625,0.9662376642227173
test_14626,0.9998514652252197
test_14627,0.9969307780265808
test_14628,0.0213478971272707
test_14629,0.999922513961792
test_14630,0.25432872772216797
test_14631,0.12330971658229828
test_14632,0.005468607880175114
test_14633,0.8586336970329285
test_14634,0.4515538513660431
test_14635,0.8888940811157227
test_14636,0.1067328006029129
test_14637,0.41418179869651794
test_14638,0.320756733417511
test_14639,0.5903370380401611
test_14640,0.12418218702077866
test_14641,7.0058359824543e-07
test_14642,7.125737511159969e-07
test_14643,0.8701092004776001
test_14644,0.04841017350554466
test_14645,0.09044061601161957
test_14646,0.3263964354991913
test_14647,0.22119581699371338
test_14648,0.000128482177387923
test_14649,0.9914842247962952
test_14650,0.9832544922828674
test_14651,0.9409635066986084
test_14652,0.002506755292415619
test_14653,0.999017596244812
test_14654,0.010052231140434742
test_14655,0.726096510887146
test_14656,0.0002550071512814611
test_14657,0.8780767321586609
test_14658,0.0004452846187632531
test_14659,0.999347984790802
test_14660,3.3830207257778966e-07
test_14661,0.6400610208511353
test_14662,0.9581661820411682
test_14663,0.9428102374076843
test_14664,0.9995635151863098
test_14665,0.001362401875667274
test_14666,0.9993000030517578
test_14667,0.014403324574232101
test_14668,0.9992120265960693
test_14669,0.1406814008951187
test_14670,0.9919866323471069
test_14671,3.983590886491584e-06
test_14672,0.9825129508972168
test_14673,0.42744821310043335
test_14674,0.9855607151985168
test_14675,0.9987149238586426
test_14676,0.9817383885383606
test_14677,1.3900474186812062e-05
test_14678,0.8014519214630127
test_14679,0.9385861158370972
test_14680,0.37632641196250916
test_14681,0.9955989122390747
test_14682,0.973724365234375
test_14683,3.979675966547802e-05
test_14684,0.7199840545654297
test_14685,0.9914453029632568
test_14686,0.38253337144851685
test_14687,0.0029063730034977198
test_14688,0.9998670816421509
test_14689,5.73382180846238e-07
test_14690,0.8145506381988525
test_14691,0.38683509826660156
test_14692,0.0005897886585444212
test_14693,0.39144641160964966
test_14694,0.18539421260356903
test_14695,0.796293318271637
test_14696,0.9999904632568359
test_14697,0.0025372402742505074
test_14698,0.968696653842926
test_14699,0.9991210103034973
test_14700,0.9990705847740173
test_14701,0.13825933635234833
test_14702,0.9994902610778809
test_14703,0.0005656515713781118
test_14704,1.0
test_14705,0.0027500938158482313
test_14706,0.8683669567108154
test_14707,9.502221473667305e-06
test_14708,0.01754004880785942
test_14709,0.9212540984153748
test_14710,0.9999943971633911
test_14711,0.04262565076351166
test_14712,0.22932247817516327
test_14713,0.5100947618484497
test_14714,0.9487707614898682
test_14715,0.5685723423957825
test_14716,0.9955629110336304
test_14717,0.8328152894973755
test_14718,0.0009775501675903797
test_14719,0.2068483680486679
test_14720,0.998349666595459
test_14721,0.8546915650367737
test_14722,0.9999995231628418
test_14723,0.9990659356117249
test_14724,0.019837290048599243
test_14725,0.9997503161430359
test_14726,0.9999998807907104
test_14727,0.15141165256500244
test_14728,0.0003923327021766454
test_14729,0.7896175384521484
test_14730,0.39473819732666016
test_14731,0.9998728036880493
test_14732,0.9983842372894287
test_14733,0.5673201680183411
test_14734,0.9944202303886414
test_14735,0.904037356376648
test_14736,0.9999547004699707
test_14737,0.9806134700775146
test_14738,3.58956640411634e-06
test_14739,0.9855098724365234
test_14740,0.9990953207015991
test_14741,7.649457984371111e-05
test_14742,0.04424217715859413
test_14743,1.0
test_14744,0.9999982118606567
test_14745,0.9999904632568359
test_14746,0.9196973443031311
test_14747,0.993287980556488
test_14748,0.9301010370254517
test_14749,0.9434370398521423
test_14750,0.002183310454711318
test_14751,0.2917308211326599
test_14752,0.0041929977014660835
test_14753,0.8023739457130432
test_14754,0.9795035123825073
test_14755,0.5167945027351379
test_14756,0.9999773502349854
test_14757,0.9703980684280396
test_14758,0.9478959441184998
test_14759,0.00028001866303384304
test_14760,0.21857286989688873
test_14761,0.987377941608429
test_14762,1.1148235046221089e-07
test_14763,0.04169555380940437
test_14764,0.9834885001182556
test_14765,2.103279150844628e-08
test_14766,0.9902991056442261
test_14767,0.9981332421302795
test_14768,0.7539501786231995
test_14769,0.9999891519546509
test_14770,0.9979901313781738
test_14771,0.999859094619751
test_14772,0.004813558887690306
test_14773,0.0010695673990994692
test_14774,0.9378089308738708
test_14775,0.06275156140327454
test_14776,0.8818484544754028
test_14777,0.9812163710594177
test_14778,0.9911248087882996
test_14779,0.005522679537534714
test_14780,0.9999998807907104
test_14781,0.050793372094631195
test_14782,0.9109236001968384
test_14783,0.22422944009304047
test_14784,0.6664217710494995
test_14785,0.946427583694458
test_14786,0.19305311143398285
test_14787,0.0060163033194839954
test_14788,0.7155588865280151
test_14789,0.9426765441894531
test_14790,0.795267641544342
test_14791,0.9977151155471802
test_14792,0.32166236639022827
test_14793,0.9894313812255859
test_14794,0.424299418926239
test_14795,0.937366783618927
test_14796,0.963869035243988
test_14797,1.0
test_14798,0.9999978542327881
test_14799,0.0016344928881153464
test_14800,0.32310789823532104
test_14801,0.00014119481784291565
test_14802,0.8597928285598755
test_14803,0.21092504262924194
test_14804,0.0022530194837599993
test_14805,0.026038581505417824
test_14806,2.863899862859398e-05
test_14807,0.04107298702001572
test_14808,0.9672245383262634
test_14809,0.8710723519325256
test_14810,0.9941732287406921
test_14811,0.32971325516700745
test_14812,0.9998217225074768
test_14813,0.8718128204345703
test_14814,0.14530536532402039
test_14815,0.7752536535263062
test_14816,2.5305194867542014e-05
test_14817,0.5162975192070007
test_14818,0.08497177064418793
test_14819,0.9992307424545288
test_14820,0.0007170566241256893
test_14821,0.3301717936992645
test_14822,0.9994707703590393
test_14823,0.011324778199195862
test_14824,0.5591555237770081
test_14825,0.45585235953330994
test_14826,0.9696117639541626
test_14827,0.956746518611908
test_14828,0.013423466123640537
test_14829,0.9690332412719727
test_14830,0.1363600641489029
test_14831,0.9744884371757507
test_14832,8.555062777304556e-06
test_14833,9.346045408165082e-05
test_14834,0.7783982753753662
test_14835,0.0030452946666628122
test_14836,0.9999988079071045
test_14837,2.853360436816388e-09
test_14838,3.0481698559015058e-05
test_14839,0.4683312475681305
test_14840,0.000195860251551494
test_14841,0.9999659061431885
test_14842,0.9998972415924072
test_14843,3.232661811125581e-06
test_14844,0.9605140089988708
test_14845,0.9999935626983643
test_14846,0.9999696016311646
test_14847,0.806613028049469
test_14848,0.9608513712882996
test_14849,0.9957526922225952
test_14850,0.018464257940649986
test_14851,0.9989783763885498
test_14852,0.8077494502067566
test_14853,0.0009795938385650516
test_14854,0.33614253997802734
test_14855,0.8683875203132629
test_14856,1.4423008565245254e-07
test_14857,0.7138990759849548
test_14858,0.6075809001922607
test_14859,0.8796619176864624
test_14860,0.9754065871238708
test_14861,0.09159570187330246
test_14862,0.42891833186149597
test_14863,0.5354821085929871
test_14864,6.30081194685772e-05
test_14865,0.8547295331954956
test_14866,0.39019104838371277
test_14867,0.00012707259156741202
test_14868,0.4549981653690338
test_14869,0.9999542236328125
test_14870,0.7821784615516663
test_14871,0.833303689956665
test_14872,0.9970459342002869
test_14873,0.022381993010640144
test_14874,0.3268797695636749
test_14875,0.95793616771698
test_14876,0.10662773996591568
test_14877,0.16819986701011658
test_14878,0.9983269572257996
test_14879,0.992037296295166
test_14880,0.9934998750686646
test_14881,0.13373152911663055
test_14882,8.929141040425748e-05
test_14883,0.9975378513336182
test_14884,0.0189116969704628
test_14885,0.3025791347026825
test_14886,0.6239485740661621
test_14887,0.09258224815130234
test_14888,0.8954837322235107
test_14889,0.008902114816009998
test_14890,0.4410301148891449
test_14891,0.9999867677688599
test_14892,0.04014728218317032
test_14893,0.0008657050784677267
test_14894,0.7103870511054993
test_14895,0.5624538064002991
test_14896,0.0026150878984481096
test_14897,0.01843251660466194
test_14898,0.9999309778213501
test_14899,0.1973879635334015
test_14900,0.017339853569865227
test_14901,0.28857421875
test_14902,7.180874672485515e-05
test_14903,0.8613561391830444
test_14904,0.8840227127075195
test_14905,0.999560534954071
test_14906,0.03016207180917263
test_14907,0.2810036242008209
test_14908,0.013586008921265602
test_14909,6.619248438255454e-08
test_14910,0.7250586152076721
test_14911,0.628613293170929
test_14912,0.9999440908432007
test_14913,0.9374939799308777
test_14914,0.36812832951545715
test_14915,0.041645754128694534
test_14916,0.7687239646911621
test_14917,0.046039462089538574
test_14918,0.05414701625704765
test_14919,0.00036358798388391733
test_14920,0.22509871423244476
test_14921,0.581229031085968
test_14922,1.6787562628906016e-07
test_14923,2.5707629902171902e-05
test_14924,0.9999871253967285
test_14925,0.9991267323493958
test_14926,4.097132114111446e-05
test_14927,0.2479119598865509
test_14928,0.9999967813491821
test_14929,0.3071567118167877
test_14930,0.37480428814888
test_14931,0.9881618618965149
test_14932,0.02143530547618866
test_14933,0.0784456804394722
test_14934,8.845917182043195e-05
test_14935,0.1973487138748169
test_14936,0.8759254813194275
test_14937,0.9977543950080872
test_14938,0.7031318545341492
test_14939,0.05178707465529442
test_14940,0.03348458558320999
test_14941,0.3802095055580139
test_14942,0.30103999376296997
test_14943,0.0007284977473318577
test_14944,0.18784721195697784
test_14945,0.002162601798772812
test_14946,0.0013692895881831646
test_14947,0.6813124418258667
test_14948,0.5003805160522461
test_14949,0.16696809232234955
test_14950,0.995314359664917
test_14951,0.0003381773130968213
test_14952,0.006121870595961809
test_14953,0.9997479319572449
test_14954,0.7198447585105896
test_14955,0.4580738842487335
test_14956,0.007760084234178066
test_14957,0.8371370434761047
test_14958,0.0009201662614941597
test_14959,0.0003917190188076347
test_14960,0.9908009171485901
test_14961,0.9993976354598999
test_14962,0.6447086334228516
test_14963,0.5258975028991699
test_14964,0.23829886317253113
test_14965,0.9461660385131836
test_14966,1.0
test_14967,0.05577822029590607
test_14968,3.5823607049678685e-06
test_14969,0.7458601593971252
test_14970,0.009173682890832424
test_14971,0.14983083307743073
test_14972,0.9445726275444031
test_14973,0.007488409522920847
test_14974,0.9999431371688843
test_14975,0.9861225485801697
test_14976,0.00030193504062481225
test_14977,0.884596586227417
test_14978,0.41710254549980164
test_14979,2.454982495692093e-05
test_14980,0.9999936819076538
test_14981,0.3162703812122345
test_14982,0.9178321957588196
test_14983,0.9883012175559998
test_14984,0.0009748362354002893
test_14985,0.39883139729499817
test_14986,0.9979211688041687
test_14987,1.0814754205057397e-05
test_14988,0.10626664012670517
test_14989,0.9999852180480957
test_14990,0.9928430318832397
test_14991,0.999879002571106
test_14992,0.9940003156661987
test_14993,0.9977346658706665
test_14994,0.3867200016975403
test_14995,0.10184722393751144
test_14996,0.9993096590042114
test_14997,0.0004621974076144397
test_14998,0.9744073748588562
test_14999,0.9242473840713501
test_15000,0.9999881982803345
test_15001,0.9742616415023804
test_15002,7.331941742449999e-05
test_15003,2.263637725263834e-06
test_15004,0.006294633727520704
test_15005,0.0006750244065187871
test_15006,3.07113332382869e-05
test_15007,0.3030815124511719
test_15008,0.9996640682220459
test_15009,0.010497379116714
test_15010,9.100683200813364e-06
test_15011,9.954925189958885e-06
test_15012,0.11452502012252808
test_15013,0.9947434663772583
test_15014,0.31369465589523315
test_15015,0.9999759197235107
test_15016,0.016656704246997833
test_15017,0.4538041651248932
test_15018,0.9999849796295166
test_15019,0.2801041007041931
test_15020,0.976425051689148
test_15021,0.03071020171046257
test_15022,8.811332372715697e-05
test_15023,0.9389675259590149
test_15024,0.6409645080566406
test_15025,0.0001487861154600978
test_15026,8.724184112907096e-07
test_15027,6.252734010558925e-07
test_15028,0.0008753864094614983
test_15029,0.7058546543121338
test_15030,0.18336117267608643
test_15031,6.011794617677424e-09
test_15032,0.6227026581764221
test_15033,0.0001750601950334385
test_15034,0.9999933242797852
test_15035,0.6566570997238159
test_15036,4.739880751003511e-06
test_15037,0.05769496038556099
test_15038,0.9997939467430115
test_15039,0.8325103521347046
test_15040,0.8983405828475952
test_15041,0.007229638285934925
test_15042,0.9891991019248962
test_15043,0.15668123960494995
test_15044,0.9038835763931274
test_15045,0.004972933791577816
test_15046,0.002566095208749175
test_15047,0.9453856348991394
test_15048,0.9977583885192871
test_15049,0.9999963045120239
test_15050,0.9999996423721313
test_15051,0.9566320776939392
test_15052,0.5674324631690979
test_15053,0.027940889820456505
test_15054,0.0008521592826582491
test_15055,0.0054613202810287476
test_15056,0.997826874256134
test_15057,0.8070246577262878
test_15058,0.9352428913116455
test_15059,0.8871471285820007
test_15060,0.44725722074508667
test_15061,0.9346686601638794
test_15062,0.999269425868988
test_15063,0.8857482075691223
test_15064,0.6469312906265259
test_15065,0.9921160340309143
test_15066,0.0367441326379776
test_15067,0.9996034502983093
test_15068,0.9120166897773743
test_15069,0.0072826482355594635
test_15070,0.8292229771614075
test_15071,0.002442964818328619
test_15072,0.3898364007472992
test_15073,4.276190520613454e-05
test_15074,6.540917638631072e-06
test_15075,0.07399022579193115
test_15076,0.6745564937591553
test_15077,0.4588935971260071
test_15078,0.0078017208725214005
test_15079,0.9189597964286804
test_15080,0.5315287113189697
test_15081,0.16681373119354248
test_15082,0.9952235817909241
test_15083,0.9997497200965881
test_15084,0.9744296073913574
test_15085,0.999934196472168
test_15086,0.734093189239502
test_15087,0.9935692548751831
test_15088,0.5771572589874268
test_15089,0.013021132908761501
test_15090,0.12606018781661987
test_15091,0.9876341819763184
test_15092,0.9980766773223877
test_15093,0.1694774180650711
test_15094,0.6680057644844055
test_15095,0.09216922521591187
test_15096,6.78387877997011e-05
test_15097,0.9999505281448364
test_15098,0.5273063778877258
test_15099,0.9108717441558838
test_15100,0.9969363212585449
test_15101,0.9161415696144104
test_15102,0.8404271006584167
test_15103,0.37443819642066956
test_15104,0.9695032238960266
test_15105,0.4869561791419983
test_15106,0.7901386618614197
test_15107,3.0711607905686833e-06
test_15108,0.00281140417791903
test_15109,0.6443691849708557
test_15110,0.9967193007469177
test_15111,0.999630331993103
test_15112,0.8412058353424072
test_15113,0.999679446220398
test_15114,0.7635833621025085
test_15115,0.9257099628448486
test_15116,0.9999350309371948
test_15117,0.4145054817199707
test_15118,0.1771545261144638
test_15119,4.699067176261451e-06
test_15120,0.0001189758040709421
test_15121,9.289525769418105e-05
test_15122,0.023129792883992195
test_15123,0.0865168496966362
test_15124,5.5711614550091326e-05
test_15125,0.6306596994400024
test_15126,0.25884485244750977
test_15127,0.9956641793251038
test_15128,0.48482680320739746
test_15129,8.841557428240776e-05
test_15130,0.0003093506384175271
test_15131,0.07938867807388306
test_15132,0.0035791322588920593
test_15133,0.9353163242340088
test_15134,0.9999228715896606
test_15135,0.999993085861206
test_15136,0.9963170289993286
test_15137,0.27742087841033936
test_15138,0.9956225752830505
test_15139,0.0011116215027868748
test_15140,6.18967242189683e-05
test_15141,0.7576919794082642
test_15142,0.9998088479042053
test_15143,0.35590746998786926
test_15144,0.00012506269558798522
test_15145,0.9924067854881287
test_15146,0.9999998807907104
test_15147,5.0566701048637697e-08
test_15148,0.7216768264770508
test_15149,0.04737822338938713
test_15150,0.5423803925514221
test_15151,0.9850276708602905
test_15152,0.0017479979433119297
test_15153,0.36862266063690186
test_15154,0.04638185352087021
test_15155,0.00046808214392513037
test_15156,0.1384062021970749
test_15157,0.05455394461750984
test_15158,6.823188596172258e-05
test_15159,9.294460323872045e-05
test_15160,0.9383165240287781
test_15161,0.9999955892562866
test_15162,0.9838585257530212
test_15163,0.033179596066474915
test_15164,0.9995899796485901
test_15165,9.315596253145486e-05
test_15166,0.010633721947669983
test_15167,0.3187662363052368
test_15168,0.010535217821598053
test_15169,0.21318991482257843
test_15170,0.06496001034975052
test_15171,0.9949684739112854
test_15172,0.16422994434833527
test_15173,2.610377469736136e-09
test_15174,0.2808336913585663
test_15175,0.8794735074043274
test_15176,0.6217531561851501
test_15177,0.6278313398361206
test_15178,9.481918823439628e-05
test_15179,0.017973370850086212
test_15180,0.9950313568115234
test_15181,9.129137623631323e-08
test_15182,0.7961152791976929
test_15183,0.0014320475747808814
test_15184,0.9994128942489624
test_15185,0.9999474287033081
test_15186,0.9634130597114563
test_15187,0.05855381488800049
test_15188,0.9951263666152954
test_15189,0.9865527749061584
test_15190,0.0062594241462647915
test_15191,0.04212915524840355
test_15192,0.011472809128463268
test_15193,0.990780770778656
test_15194,0.0013839172897860408
test_15195,7.298505124708754e-07
test_15196,1.8857400618799147e-07
test_15197,0.9999752044677734
test_15198,0.0018595035653561354
test_15199,0.00030650655389763415
test_15200,0.8765855431556702
test_15201,0.40616267919540405
test_15202,0.9999822378158569
test_15203,0.0002215164713561535
test_15204,0.955097496509552
test_15205,0.9796218872070312
test_15206,0.9953790903091431
test_15207,0.997747004032135
test_15208,0.0004137396754231304
test_15209,0.013636033982038498
test_15210,0.36157384514808655
test_15211,1.5367025980594917e-06
test_15212,0.002171988831833005
test_15213,0.9931921362876892
test_15214,0.747022807598114
test_15215,0.9901502132415771
test_15216,0.9997491240501404
test_15217,0.008428186178207397
test_15218,0.9773014187812805
test_15219,0.2552931606769562
test_15220,0.4620371460914612
test_15221,3.89581522597382e-08
test_15222,0.9985509514808655
test_15223,0.353580117225647
test_15224,0.0036050332710146904
test_15225,0.2699235677719116
test_15226,0.15515924990177155
test_15227,3.884688703692518e-05
test_15228,0.9999451637268066
test_15229,0.5499640107154846
test_15230,0.974536120891571
test_15231,0.8941627740859985
test_15232,0.1338096559047699
test_15233,0.04590391367673874
test_15234,0.8718653321266174
test_15235,4.328574121359452e-08
test_15236,0.9999774694442749
test_15237,0.018212247639894485
test_15238,0.8277520537376404
test_15239,0.4736686944961548
test_15240,0.5879803895950317
test_15241,0.8431044220924377
test_15242,3.3627475204411894e-06
test_15243,0.21849459409713745
test_15244,9.86585746431956e-06
test_15245,0.369212806224823
test_15246,0.1406920701265335
test_15247,0.9969804883003235
test_15248,0.9998694658279419
test_15249,0.9969394207000732
test_15250,0.9770152568817139
test_15251,0.9999102354049683
test_15252,0.8986863493919373
test_15253,0.9871761202812195
test_15254,0.0021546960342675447
test_15255,6.7833129833161365e-06
test_15256,0.0007816487341187894
test_15257,0.8885196447372437
test_15258,3.0542997819793527e-07
test_15259,0.003925132565200329
test_15260,0.9820209741592407
test_15261,0.9918165802955627
test_15262,0.5155311822891235
test_15263,0.9742239713668823
test_15264,0.07338549941778183
test_15265,0.6595892906188965
test_15266,0.9999666213989258
test_15267,0.00276192813180387
test_15268,0.008526784367859364
test_15269,0.9749016761779785
test_15270,0.8908005952835083
test_15271,0.025792140513658524
test_15272,0.9999860525131226
test_15273,0.5635887980461121
test_15274,0.128016859292984
test_15275,0.4508308172225952
test_15276,0.5538097023963928
test_15277,0.37892723083496094
test_15278,0.9951388835906982
test_15279,0.7120797634124756
test_15280,0.9906554818153381
test_15281,0.00048619951121509075
test_15282,0.9998552799224854
test_15283,0.9998714923858643
test_15284,0.9140514731407166
test_15285,0.0023349805269390345
test_15286,0.6103260517120361
test_15287,0.6943058371543884
test_15288,0.6080695986747742
test_15289,0.08429644256830215
test_15290,0.7722998857498169
test_15291,0.0740596279501915
test_15292,0.8211209177970886
test_15293,0.007760106585919857
test_15294,0.9497189521789551
test_15295,0.41242554783821106
test_15296,0.8974371552467346
test_15297,0.9999024868011475
test_15298,2.5985342290368862e-05
test_15299,0.0059169502928853035
test_15300,0.06496458500623703
test_15301,0.024472003802657127
test_15302,0.0002735927700996399
test_15303,0.4766101837158203
test_15304,0.6604853868484497
test_15305,0.9997254014015198
test_15306,0.9999399185180664
test_15307,0.4503324329853058
test_15308,0.4998093247413635
test_15309,0.9838169813156128
test_15310,0.44861331582069397
test_15311,0.03615939989686012
test_15312,0.008347867988049984
test_15313,0.006333481520414352
test_15314,0.0022596989292651415
test_15315,0.8682764172554016
test_15316,0.9990744590759277
test_15317,0.17784102261066437
test_15318,0.21877311170101166
test_15319,0.13213327527046204
test_15320,0.000948164495639503
test_15321,0.9925757646560669
test_15322,0.05605801194906235
test_15323,0.9992677569389343
test_15324,0.9797219038009644
test_15325,0.9962181448936462
test_15326,0.10103076696395874
test_15327,0.9519985914230347
test_15328,0.07200926542282104
test_15329,0.9966151118278503
test_15330,0.00016677963139954954
test_15331,0.9999994039535522
test_15332,0.98372882604599
test_15333,0.013392942026257515
test_15334,0.02640855871140957
test_15335,0.7664644718170166
test_15336,0.991081714630127
test_15337,0.9981212019920349
test_15338,0.05485741049051285
test_15339,0.19107480347156525
test_15340,0.9081955552101135
test_15341,0.9631681442260742
test_15342,0.042552702128887177
test_15343,7.791827374603599e-05
test_15344,0.9999641180038452
test_15345,0.7491580247879028
test_15346,0.2432873398065567
test_15347,0.99580979347229
test_15348,0.0004236730746924877
test_15349,0.06402228772640228
test_15350,0.007469217758625746
test_15351,0.0018126993672922254
test_15352,0.0010870802216231823
test_15353,0.9240589141845703
test_15354,0.8293516039848328
test_15355,0.9727152585983276
test_15356,0.046161651611328125
test_15357,4.60019800812006e-05
test_15358,0.8143810629844666
test_15359,0.5183447003364563
test_15360,0.9924489259719849
test_15361,0.9908248782157898
test_15362,0.017599623650312424
test_15363,0.7461826205253601
test_15364,0.9556015729904175
test_15365,0.004987441934645176
test_15366,0.0012541171163320541
test_15367,0.9985775947570801
test_15368,0.9833976626396179
test_15369,0.9942898750305176
test_15370,0.07152419537305832
test_15371,0.04877479374408722
test_15372,0.00023207132471725345
test_15373,0.1904526799917221
test_15374,0.8295101523399353
test_15375,0.04861776903271675
test_15376,0.9999994039535522
test_15377,0.3492077887058258
test_15378,0.9998010993003845
test_15379,0.9529833197593689
test_15380,0.9644811153411865
test_15381,0.9958155751228333
test_15382,0.45396900177001953
test_15383,0.3664163053035736
test_15384,0.2536412477493286
test_15385,0.1867927610874176
test_15386,0.805503249168396
test_15387,0.999994158744812
test_15388,0.9950928688049316
test_15389,0.9998559951782227
test_15390,0.6193907856941223
test_15391,0.9512690305709839
test_15392,0.6100630760192871
test_15393,0.7258172631263733
test_15394,8.598398380854633e-06
test_15395,0.49845412373542786
test_15396,0.13769353926181793
test_15397,0.9831199645996094
test_15398,0.9830806851387024
test_15399,0.4084310531616211
test_15400,0.41072651743888855
test_15401,0.023702120408415794
test_15402,0.9564028978347778
test_15403,0.029030662029981613
test_15404,0.45410749316215515
test_15405,0.9999905824661255
test_15406,0.7828207015991211
test_15407,0.9687016010284424
test_15408,0.26127347350120544
test_15409,0.9666661620140076
test_15410,0.5223441123962402
test_15411,0.9992430210113525
test_15412,0.999996542930603
test_15413,0.9992356300354004
test_15414,0.8115613460540771
test_15415,0.6625248789787292
test_15416,0.00020221754675731063
test_15417,0.9132291674613953
test_15418,0.9999998807907104
test_15419,0.9991368651390076
test_15420,0.9989223480224609
test_15421,0.19452880322933197
test_15422,0.4263669550418854
test_15423,0.051831699907779694
test_15424,0.9999879598617554
test_15425,0.9998341798782349
test_15426,0.8603178858757019
test_15427,0.977856457233429
test_15428,0.9999995231628418
test_15429,0.8524978756904602
test_15430,0.9999996423721313
test_15431,0.9996393918991089
test_15432,0.00043043127516284585
test_15433,0.1908445507287979
test_15434,0.998400866985321
test_15435,0.9979074001312256
test_15436,0.004146536812186241
test_15437,0.999890923500061
test_15438,0.035733625292778015
test_15439,0.9999796152114868
test_15440,0.9258321523666382
test_15441,0.6684459447860718
test_15442,0.3112204670906067
test_15443,0.009262370876967907
test_15444,5.844001975674473e-07
test_15445,0.9970101118087769
test_15446,0.9935197234153748
test_15447,0.002121680648997426
test_15448,0.9999490976333618
test_15449,0.012611908838152885
test_15450,0.9990633130073547
test_15451,5.48861999050132e-06
test_15452,0.9800910353660583
test_15453,0.7311809659004211
test_15454,0.3534437417984009
test_15455,0.9999617338180542
test_15456,0.8353872895240784
test_15457,0.028485357761383057
test_15458,0.07251323014497757
test_15459,0.6100039482116699
test_15460,0.9786200523376465
test_15461,0.9253766536712646
test_15462,0.7682982087135315
test_15463,0.0002651776885613799
test_15464,0.0027822002302855253
test_15465,0.5353370904922485
test_15466,0.9999983310699463
test_15467,0.6935768723487854
test_15468,0.9336466789245605
test_15469,0.0001587422884767875
test_15470,0.5895005464553833
test_15471,0.07347320765256882
test_15472,5.4435859055956826e-06
test_15473,0.13007549941539764
test_15474,0.15357930958271027
test_15475,0.006386868190020323
test_15476,0.026028426364064217
test_15477,0.9998348951339722
test_15478,0.9999899864196777
test_15479,1.0
test_15480,0.466109037399292
test_15481,0.8636080026626587
test_15482,0.1051788479089737
test_15483,0.8876000046730042
test_15484,0.007568862289190292
test_15485,0.9762157201766968
test_15486,0.9516255855560303
test_15487,2.442245431666379e-06
test_15488,0.26608261466026306
test_15489,0.0020149489864706993
test_15490,0.0019564153626561165
test_15491,1.4001988901668483e-08
test_15492,0.9977880716323853
test_15493,0.01426463108509779
test_15494,0.9493855237960815
test_15495,0.7397791743278503
test_15496,0.0016647474840283394
test_15497,0.9943629503250122
test_15498,0.968558669090271
test_15499,0.9999997615814209
test_15500,0.12081543356180191
test_15501,0.9996819496154785
test_15502,0.9432584643363953
test_15503,0.9999998807907104
test_15504,0.9933597445487976
test_15505,0.966304361820221
test_15506,0.9903790950775146
test_15507,0.00027275519096292555
test_15508,0.9999408721923828
test_15509,0.009620903991162777
test_15510,0.07684949785470963
test_15511,0.9976584911346436
test_15512,0.06565169245004654
test_15513,0.911148190498352
test_15514,0.9294601082801819
test_15515,0.9999574422836304
test_15516,0.920403003692627
test_15517,0.08980060368776321
test_15518,0.004910107236355543
test_15519,0.9983502626419067
test_15520,1.3096310794935562e-05
test_15521,0.8493152856826782
test_15522,0.8419622778892517
test_15523,0.3669605553150177
test_15524,1.2623886505025439e-05
test_15525,0.09100097417831421
test_15526,0.9998489618301392
test_15527,0.9999897480010986
test_15528,0.0033558765426278114
test_15529,0.0012228540144860744
test_15530,0.10949837416410446
test_15531,0.4909566342830658
test_15532,0.08966076374053955
test_15533,0.24233633279800415
test_15534,0.0017300317995250225
test_15535,0.13987287878990173
test_15536,0.08857616037130356
test_15537,0.26379477977752686
test_15538,0.767005980014801
test_15539,0.3644102215766907
test_15540,0.036262236535549164
test_15541,0.8328186273574829
test_15542,0.0033262355718761683
test_15543,0.6834467649459839
test_15544,0.9968981742858887
test_15545,0.24434949457645416
test_15546,0.3804922103881836
test_15547,1.5807738691364648e-06
test_15548,0.00344078429043293
test_15549,0.11027871072292328
test_15550,0.8204731941223145
test_15551,0.028918476775288582
test_15552,0.02316276729106903
test_15553,0.9271059036254883
test_15554,0.3512137830257416
test_15555,0.9874956607818604
test_15556,0.08105994760990143
test_15557,0.0003123792994301766
test_15558,0.2707567512989044
test_15559,0.4005173444747925
test_15560,0.9999997615814209
test_15561,0.9998260140419006
test_15562,0.986467182636261
test_15563,0.9999890327453613
test_15564,0.04239358380436897
test_15565,0.0004665493033826351
test_15566,0.9973908066749573
test_15567,1.1509350770211313e-05
test_15568,0.9999672174453735
test_15569,0.001060635899193585
test_15570,0.9707575440406799
test_15571,0.9962953925132751
test_15572,4.698284465121105e-05
test_15573,0.940383791923523
test_15574,0.9618086218833923
test_15575,0.26446622610092163
test_15576,0.9999958276748657
test_15577,0.9981909394264221
test_15578,0.999966025352478
test_15579,0.9994668364524841
test_15580,0.9936901330947876
test_15581,0.0038528519216924906
test_15582,0.9899947643280029
test_15583,1.4169469068292528e-05
test_15584,0.5123403668403625
test_15585,0.995884120464325
test_15586,0.8874027729034424
test_15587,0.003179647261276841
test_15588,0.10240370035171509
test_15589,0.9986525177955627
test_15590,3.3492092370579485e-06
test_15591,0.8012736439704895
test_15592,0.980340301990509
test_15593,0.9642110466957092
test_15594,0.9463274478912354
test_15595,0.5604842305183411
test_15596,0.999994158744812
test_15597,0.996867835521698
test_15598,0.08170875161886215
test_15599,0.0030090741347521544
test_15600,0.019730154424905777
test_15601,0.6574602723121643
test_15602,0.37903159856796265
test_15603,1.0110687753694947e-06
test_15604,0.7063981294631958
test_15605,1.4710714822285809e-05
test_15606,0.6117992401123047
test_15607,0.9845030903816223
test_15608,0.34692180156707764
test_15609,0.9978395700454712
test_15610,0.22710995376110077
test_15611,0.0061149802058935165
test_15612,0.3204742968082428
test_15613,0.9951232075691223
test_15614,0.025211358442902565
test_15615,0.0009868084453046322
test_15616,0.0009246207191608846
test_15617,0.058684058487415314
test_15618,0.00016769046487752348
test_15619,0.999996542930603
test_15620,7.31842519599013e-05
test_15621,0.9995973706245422
test_15622,0.2002023458480835
test_15623,0.012951366603374481
test_15624,1.0782840575984665e-07
test_15625,0.9142163395881653
test_15626,0.9999974966049194
test_15627,0.8200892806053162
test_15628,0.6235149502754211
test_15629,3.934933556593023e-05
test_15630,0.0007650936604477465
test_15631,0.9249145984649658
test_15632,0.19598479568958282
test_15633,0.8826661109924316
test_15634,0.005406523123383522
test_15635,0.06908175349235535
test_15636,0.931419312953949
test_15637,0.9790969491004944
test_15638,0.6282775402069092
test_15639,0.263468474149704
test_15640,0.9989062547683716
test_15641,0.9978633522987366
test_15642,0.9592077136039734
test_15643,0.9999979734420776
test_15644,0.25288844108581543
test_15645,0.9769607186317444
test_15646,0.9999673366546631
test_15647,2.2454196280108363e-09
test_15648,0.9938756823539734
test_15649,0.03298838809132576
test_15650,0.9992467164993286
test_15651,2.7312111342325807e-05
test_15652,0.9999183416366577
test_15653,0.0006981880869716406
test_15654,0.9999836683273315
test_15655,0.2254790961742401
test_15656,0.8357986211776733
test_15657,0.9837728142738342
test_15658,0.8993806838989258
test_15659,0.044317811727523804
test_15660,0.27235227823257446
test_15661,0.002347331726923585
test_15662,0.4423167407512665
test_15663,0.9999990463256836
test_15664,1.3837932328897296e-06
test_15665,0.7311946153640747
test_15666,0.9998522996902466
test_15667,0.022153424099087715
test_15668,0.9997919201850891
test_15669,0.9917731881141663
test_15670,0.42031630873680115
test_15671,0.26233893632888794
test_15672,0.9975850582122803
test_15673,0.19694960117340088
test_15674,0.11791766434907913
test_15675,0.9989732503890991
test_15676,0.1801181584596634
test_15677,3.515903301831713e-07
test_15678,0.9999971389770508
test_15679,0.07657037675380707
test_15680,0.9983906745910645
test_15681,0.28678253293037415
test_15682,0.0003532681439537555
test_15683,0.5370867848396301
test_15684,0.9686006903648376
test_15685,0.0010750617366284132
test_15686,0.04613387957215309
test_15687,0.7020787596702576
test_15688,0.9309821128845215
test_15689,0.15817105770111084
test_15690,0.6697857975959778
test_15691,0.00363414385356009
test_15692,0.524299681186676
test_15693,0.9999790191650391
test_15694,0.04343963414430618
test_15695,0.03442000597715378
test_15696,0.9999425411224365
test_15697,0.9995415210723877
test_15698,1.824282662710175e-05
test_15699,0.9133288860321045
test_15700,0.460321307182312
test_15701,0.9963656663894653
test_15702,0.9854442477226257
test_15703,0.9937667846679688
test_15704,0.2536914050579071
test_15705,0.00012646071263588965
test_15706,0.881329357624054
test_15707,0.9984256029129028
test_15708,0.00298795523121953
test_15709,0.9997385144233704
test_15710,0.9541786313056946
test_15711,0.9968559741973877
test_15712,0.01447455957531929
test_15713,0.9422270655632019
test_15714,0.04534599557518959
test_15715,0.6389520168304443
test_15716,0.426226407289505
test_15717,0.8439491391181946
test_15718,0.9999628067016602
test_15719,0.8780071139335632
test_15720,0.9349219799041748
test_15721,0.9977231621742249
test_15722,0.999972939491272
test_15723,0.6527876853942871
test_15724,0.9079918265342712
test_15725,0.8450779318809509
test_15726,0.9852465391159058
test_15727,0.38346824049949646
test_15728,0.9253606200218201
test_15729,0.0014614354586228728
test_15730,1.440952382836258e-05
test_15731,0.10765604674816132
test_15732,0.21513500809669495
test_15733,0.4802530109882355
test_15734,0.35119298100471497
test_15735,0.00974668376147747
test_15736,0.0034067349042743444
test_15737,0.9999397993087769
test_15738,0.03511044755578041
test_15739,0.1361110508441925
test_15740,0.7614938616752625
test_15741,0.9999916553497314
test_15742,0.9807842969894409
test_15743,0.9999102354049683
test_15744,0.45559370517730713
test_15745,0.5977562665939331
test_15746,0.9998307228088379
test_15747,0.9999978542327881
test_15748,0.0006543478812091053
test_15749,0.35686758160591125
test_15750,0.9216482043266296
test_15751,0.9999892711639404
test_15752,0.5297471284866333
test_15753,0.8558933138847351
test_15754,3.9519997585557576e-07
test_15755,0.9998906850814819
test_15756,0.00013603840488940477
test_15757,0.7533230185508728
test_15758,0.20130255818367004
test_15759,0.03557770326733589
test_15760,0.15851089358329773
test_15761,0.9814479351043701
test_15762,0.6967345476150513
test_15763,0.5341192483901978
test_15764,0.6474013924598694
test_15765,0.995205819606781
test_15766,2.876569624277181e-06
test_15767,0.6080455780029297
test_15768,0.4529132843017578
test_15769,0.05447657033801079
test_15770,0.9960869550704956
test_15771,0.08586627244949341
test_15772,0.9860467314720154
test_15773,1.0711316917877411e-06
test_15774,0.9999819993972778
test_15775,0.9999948740005493
test_15776,0.0514189712703228
test_15777,0.024301357567310333
test_15778,0.00014353757433127612
test_15779,0.006471030414104462
test_15780,0.061527788639068604
test_15781,0.009311754256486893
test_15782,0.8319838047027588
test_15783,0.18596166372299194
test_15784,0.8314793705940247
test_15785,0.08859547972679138
test_15786,0.2935735285282135
test_15787,0.7626045942306519
test_15788,0.00420450558885932
test_15789,3.073215566473664e-07
test_15790,0.8135302066802979
test_15791,0.568993091583252
test_15792,0.8654782176017761
test_15793,0.9160395860671997
test_15794,0.6448454856872559
test_15795,0.14586159586906433
test_15796,0.006903054192662239
test_15797,0.7133169770240784
test_15798,0.022659966722130775
test_15799,0.0024594527203589678
test_15800,0.42485082149505615
test_15801,0.4161975085735321
test_15802,0.026496315374970436
test_15803,0.06649235635995865
test_15804,7.924391684355214e-05
test_15805,0.9988242983818054
test_15806,0.011393879540264606
test_15807,0.9938520193099976
test_15808,0.9958180785179138
test_15809,0.4685094356536865
test_15810,0.0050985789857804775
test_15811,0.9850513935089111
test_15812,0.023540431633591652
test_15813,0.9999971389770508
test_15814,0.314958781003952
test_15815,0.9887446165084839
test_15816,0.2433050125837326
test_15817,0.4778866469860077
test_15818,0.01732405088841915
test_15819,0.9794592261314392
test_15820,0.48250922560691833
test_15821,0.999133288860321
test_15822,0.9981840252876282
test_15823,0.013730221427977085
test_15824,0.9301469922065735
test_15825,4.9680937081575394e-05
test_15826,0.0013768629869446158
test_15827,0.9999164342880249
test_15828,0.9999258518218994
test_15829,0.9758829474449158
test_15830,0.14370515942573547
test_15831,2.042553933279123e-05
test_15832,0.999998927116394
test_15833,0.999600350856781
test_15834,0.0010008137905970216
test_15835,1.741508094710298e-05
test_15836,0.9999994039535522
test_15837,0.9360074996948242
test_15838,2.07465527637396e-05
test_15839,1.0
test_15840,0.8424360752105713
test_15841,0.003239154815673828
test_15842,0.6134229898452759
test_15843,0.1270434856414795
test_15844,0.18299083411693573
test_15845,0.6997305750846863
test_15846,0.2497769147157669
test_15847,0.04520860314369202
test_15848,0.8240261673927307
test_15849,0.38245660066604614
test_15850,0.4092339277267456
test_15851,0.1886702924966812
test_15852,1.1587832887016702e-05
test_15853,0.9026922583580017
test_15854,0.8833655714988708
test_15855,0.9768276214599609
test_15856,0.33377593755722046
test_15857,0.0001810822868719697
test_15858,0.9944538474082947
test_15859,0.6042051315307617
test_15860,0.000616285135038197
test_15861,0.9993871450424194
test_15862,0.013237979263067245
test_15863,0.6461775302886963
test_15864,0.9873606562614441
test_15865,0.6631452441215515
test_15866,0.8324239253997803
test_15867,0.9999494552612305
test_15868,0.9841199517250061
test_15869,0.2749720513820648
test_15870,0.0010933278826996684
test_15871,0.4532541334629059
test_15872,0.0995301604270935
test_15873,0.32184895873069763
test_15874,0.7857317328453064
test_15875,1.1716952030838002e-06
test_15876,0.0011384777026250958
test_15877,0.02223830111324787
test_15878,0.9805923700332642
test_15879,0.9734860062599182
test_15880,0.3063966631889343
test_15881,0.006302807945758104
test_15882,0.9099992513656616
test_15883,0.006383842788636684
test_15884,0.9999997615814209
test_15885,0.08976206183433533
test_15886,0.6340808868408203
test_15887,0.7174949049949646
test_15888,0.9968205690383911
test_15889,0.09708728641271591
test_15890,0.6543322801589966
test_15891,0.9261318445205688
test_15892,0.999576985836029
test_15893,0.01993544027209282
test_15894,0.2595221698284149
test_15895,0.9918503165245056
test_15896,0.9062348008155823
test_15897,0.9955118298530579
test_15898,0.3333319127559662
test_15899,0.0034519091714173555
test_15900,0.9998440742492676
test_15901,0.9943938255310059
test_15902,0.7166179418563843
test_15903,0.6899476051330566
test_15904,2.4906992621254176e-05
test_15905,0.9983351826667786
test_15906,0.0009252256713807583
test_15907,0.6635832190513611
test_15908,1.894046341988087e-08
test_15909,0.999854326248169
test_15910,0.986416220664978
test_15911,0.5045130252838135
test_15912,0.9999656677246094
test_15913,0.9959297776222229
test_15914,0.9999326467514038
test_15915,0.00025085866218432784
test_15916,0.026155535131692886
test_15917,0.02887852117419243
test_15918,1.0962887131427124e-07
test_15919,0.9961612224578857
test_15920,0.06462014466524124
test_15921,0.9999929666519165
test_15922,0.06206511706113815
test_15923,0.9997126460075378
test_15924,0.0026074848137795925
test_15925,0.04511236399412155
test_15926,0.9999803304672241
test_15927,0.9999915361404419
test_15928,0.9982106685638428
test_15929,0.9999701976776123
test_15930,0.46908038854599
test_15931,0.00019654717470984906
test_15932,0.9701998829841614
test_15933,0.9811113476753235
test_15934,0.0008837440982460976
test_15935,0.9983596205711365
test_15936,0.4663141965866089
test_15937,0.9994131326675415
test_15938,0.9965260624885559
test_15939,0.7586854696273804
test_15940,0.9756894111633301
test_15941,0.9998346567153931
test_15942,3.871493390761316e-06
test_15943,0.999862790107727
test_15944,1.1041312973247841e-05
test_15945,0.9784145355224609
test_15946,0.6074191331863403
test_15947,0.11747347563505173
test_15948,0.0006992265116423368
test_15949,0.5462954640388489
test_15950,0.8163517713546753
test_15951,2.944972766272258e-05
test_15952,0.8907265663146973
test_15953,0.7704529166221619
test_15954,0.9998809099197388
test_15955,0.07014763355255127
test_15956,0.1343233734369278
test_15957,5.2820647397311404e-05
test_15958,0.9988620281219482
test_15959,0.99998939037323
test_15960,0.08918435126543045
test_15961,0.40471863746643066
test_15962,0.9997702240943909
test_15963,0.08395767211914062
test_15964,0.9399745464324951
test_15965,0.001030293176881969
test_15966,0.9593659043312073
test_15967,0.7882599234580994
test_15968,0.25415754318237305
test_15969,0.008727895095944405
test_15970,0.9971402883529663
test_15971,9.87923613138264e-06
test_15972,0.07499241828918457
test_15973,0.00021380862744990736
test_15974,0.6233265399932861
test_15975,0.2670764625072479
test_15976,0.978428304195404
test_15977,0.9725640416145325
test_15978,0.9329124689102173
test_15979,0.4693474769592285
test_15980,0.30708637833595276
test_15981,0.9908697009086609
test_15982,0.1433526873588562
test_15983,0.9999270439147949
test_15984,0.9662014245986938
test_15985,0.05263982713222504
test_15986,0.00564866466447711
test_15987,0.00019756649271585047
test_15988,0.9848411679267883
test_15989,2.2198182705324143e-05
test_15990,0.9723697900772095
test_15991,0.9746866226196289
test_15992,0.0005837000207975507
test_15993,0.9943706393241882
test_15994,0.00018183840438723564
test_15995,0.7919611930847168
test_15996,0.1862909197807312
test_15997,0.12243682146072388
test_15998,0.6115028858184814
test_15999,0.7848405241966248
test_16000,8.441785030299798e-05
test_16001,0.27156567573547363
test_16002,0.04494976997375488
test_16003,0.9737860560417175
test_16004,0.005611007567495108
test_16005,0.32376423478126526
test_16006,0.11768928915262222
test_16007,0.5481880903244019
test_16008,0.4213806390762329
test_16009,0.0031668520532548428
test_16010,0.061736810952425
test_16011,0.4707357585430145
test_16012,0.008062437176704407
test_16013,0.996537446975708
test_16014,4.232816536386963e-06
test_16015,0.015591440722346306
test_16016,0.5674476623535156
test_16017,5.329937948772567e-07
test_16018,0.9001756310462952
test_16019,4.9435758597837776e-08
test_16020,0.9957789182662964
test_16021,0.9998323917388916
test_16022,0.999702513217926
test_16023,0.0001691371580818668
test_16024,0.0020408467389643192
test_16025,0.013502899557352066
test_16026,0.9530207514762878
test_16027,0.999956488609314
test_16028,0.0023896510247141123
test_16029,0.0017820546636357903
test_16030,8.386291483475361e-06
test_16031,0.09653249382972717
test_16032,0.9983091354370117
test_16033,2.156694449695351e-07
test_16034,0.9999997615814209
test_16035,0.03612785041332245
test_16036,0.006442209705710411
test_16037,0.24289347231388092
test_16038,2.7166677796230942e-09
test_16039,0.08801785856485367
test_16040,0.9109311103820801
test_16041,0.9999938011169434
test_16042,0.9998422861099243
test_16043,0.995675265789032
test_16044,0.9303019642829895
test_16045,0.9929240942001343
test_16046,0.035840798169374466
test_16047,0.7800205945968628
test_16048,0.9881359338760376
test_16049,0.19764573872089386
test_16050,0.9999988079071045
test_16051,0.6784844994544983
test_16052,0.00019953497394453734
test_16053,0.9987252354621887
test_16054,0.0036464757286012173
test_16055,0.2234305739402771
test_16056,0.22092637419700623
test_16057,0.06645464152097702
test_16058,0.2331717163324356
test_16059,0.9996644258499146
test_16060,0.5586150884628296
test_16061,0.9935863614082336
test_16062,0.18222981691360474
test_16063,0.9931087493896484
test_16064,0.9988947510719299
test_16065,0.4169643819332123
test_16066,0.47801873087882996
test_16067,0.9998883008956909
test_16068,0.14601992070674896
test_16069,0.07801961153745651
test_16070,0.3485773503780365
test_16071,0.9975628852844238
test_16072,0.18308326601982117
test_16073,1.0034264960268047e-05
test_16074,0.33928439021110535
test_16075,0.9972803592681885
test_16076,0.9018027782440186
test_16077,0.9958738684654236
test_16078,0.1663207858800888
test_16079,0.7884132862091064
test_16080,0.9999945163726807
test_16081,0.8826737403869629
test_16082,0.9603940844535828
test_16083,0.010725540108978748
test_16084,2.636636418174021e-05
test_16085,0.0004003287758678198
test_16086,0.8838651180267334
test_16087,0.25114843249320984
test_16088,0.991441011428833
test_16089,0.012591497972607613
test_16090,1.8960670331580332e-06
test_16091,0.9504442811012268
test_16092,0.5613420009613037
test_16093,0.4027327299118042
test_16094,0.9990997314453125
test_16095,0.9956680536270142
test_16096,0.991366446018219
test_16097,0.0011950647458434105
test_16098,0.6413243412971497
test_16099,0.9999794960021973
test_16100,0.009085161611437798
test_16101,0.00030025458545424044
test_16102,0.9999791383743286
test_16103,4.863309641223168e-06
test_16104,0.0007230823393911123
test_16105,0.3322868049144745
test_16106,0.9975913763046265
test_16107,0.9997614026069641
test_16108,0.001646120916120708
test_16109,0.9998337030410767
test_16110,0.00010696984827518463
test_16111,0.5712215900421143
test_16112,1.0
test_16113,0.9990013241767883
test_16114,0.43116435408592224
test_16115,0.021970609202980995
test_16116,0.001002563047222793
test_16117,1.0
test_16118,0.9997695088386536
test_16119,0.5895622372627258
test_16120,0.0009646335383877158
test_16121,0.9999847412109375
test_16122,7.288133474503411e-07
test_16123,0.9966667294502258
test_16124,0.9996997117996216
test_16125,0.9997168183326721
test_16126,0.022306814789772034
test_16127,0.995969295501709
test_16128,0.014178643003106117
test_16129,0.1094241663813591
test_16130,0.7127476930618286
test_16131,0.23950885236263275
test_16132,0.9446559548377991
test_16133,0.025979120284318924
test_16134,0.9999668598175049
test_16135,0.9956784844398499
test_16136,0.9146713018417358
test_16137,0.9965327978134155
test_16138,0.9836642146110535
test_16139,0.9963467717170715
test_16140,0.6159807443618774
test_16141,0.00352929113432765
test_16142,0.17560292780399323
test_16143,0.9504725337028503
test_16144,0.8404258489608765
test_16145,0.12899300456047058
test_16146,0.00749680632725358
test_16147,0.00031396886333823204
test_16148,0.16279546916484833
test_16149,0.04971644654870033
test_16150,0.5430653691291809
test_16151,0.9851543307304382
test_16152,1.176103251054883e-05
test_16153,0.9500613212585449
test_16154,0.4109247922897339
test_16155,0.9988665580749512
test_16156,0.8016365170478821
test_16157,0.0016573958564549685
test_16158,0.0009334938367828727
test_16159,0.02668769843876362
test_16160,0.5641199946403503
test_16161,0.9973269701004028
test_16162,0.6085891723632812
test_16163,3.979900156991789e-06
test_16164,0.8685466051101685
test_16165,0.00040012941462919116
test_16166,0.001675155945122242
test_16167,0.14510613679885864
test_16168,0.002539030509069562
test_16169,0.9542431235313416
test_16170,0.9578431248664856
test_16171,0.07960386574268341
test_16172,8.975855598691851e-05
test_16173,0.9999196529388428
test_16174,0.00021636471501551569
test_16175,0.8143534064292908
test_16176,0.19542403519153595
test_16177,0.07164316624403
test_16178,0.005640092305839062
test_16179,6.606225042560254e-07
test_16180,0.006561846472322941
test_16181,0.9938234090805054
test_16182,0.00016947132826317102
test_16183,0.0007410474354401231
test_16184,0.9955447912216187
test_16185,0.9999692440032959
test_16186,0.09894421696662903
test_16187,0.2703853249549866
test_16188,0.09576340764760971
test_16189,0.9824821949005127
test_16190,0.3298841416835785
test_16191,0.8119944930076599
test_16192,0.9916565418243408
test_16193,0.9998853206634521
test_16194,0.0028567363042384386
test_16195,0.9999212026596069
test_16196,0.052474699914455414
test_16197,0.9997072815895081
test_16198,0.003634551540017128
test_16199,0.7172111868858337
test_16200,0.0014307505916804075
test_16201,0.0001117450010497123
test_16202,0.999988317489624
test_16203,0.1448686271905899
test_16204,0.9999959468841553
test_16205,0.9997120499610901
test_16206,0.8997064232826233
test_16207,0.9918147921562195
test_16208,0.03319307416677475
test_16209,0.41675829887390137
test_16210,0.9957992434501648
test_16211,0.8199058175086975
test_16212,0.9982982277870178
test_16213,0.5268084406852722
test_16214,0.05728398263454437
test_16215,0.712471604347229
test_16216,0.389518678188324
test_16217,0.023611443117260933
test_16218,0.9992468357086182
test_16219,0.16150689125061035
test_16220,0.9994184970855713
test_16221,0.9995357990264893
test_16222,0.9997993111610413
test_16223,0.8326391577720642
test_16224,0.9999899864196777
test_16225,0.9297818541526794
test_16226,0.9446062445640564
test_16227,0.050748441368341446
test_16228,0.04535587504506111
test_16229,0.8402658104896545
test_16230,0.9998113512992859
test_16231,0.9257180690765381
test_16232,3.542151716828812e-06
test_16233,6.636256557612796e-07
test_16234,0.5996712446212769
test_16235,0.9876598715782166
test_16236,6.420574936782941e-05
test_16237,0.9996762275695801
test_16238,0.14101772010326385
test_16239,0.005091439932584763
test_16240,0.99928879737854
test_16241,1.9964856619480997e-05
test_16242,0.005408184602856636
test_16243,0.5289556980133057
test_16244,0.0021423317957669497
test_16245,0.9802575707435608
test_16246,0.6804508566856384
test_16247,8.361714571947232e-05
test_16248,0.9999992847442627
test_16249,0.04337485879659653
test_16250,0.2988440692424774
test_16251,0.9952545166015625
test_16252,0.5442274808883667
test_16253,0.19859203696250916
test_16254,0.5190773010253906
test_16255,0.00030315283220261335
test_16256,0.023519914597272873
test_16257,0.46135351061820984
test_16258,0.5359100103378296
test_16259,0.9859604835510254
test_16260,0.9191573858261108
test_16261,0.9990291595458984
test_16262,0.9976060390472412
test_16263,0.501667320728302
test_16264,0.00045826417044736445
test_16265,0.9999884366989136
test_16266,0.9999927282333374
test_16267,0.07925587892532349
test_16268,0.9565791487693787
test_16269,1.73209832610155e-06
test_16270,0.9191095232963562
test_16271,0.9983432292938232
test_16272,0.9998270869255066
test_16273,0.9996442794799805
test_16274,0.5168643593788147
test_16275,9.617669093131553e-06
test_16276,1.4351840036397334e-05
test_16277,0.999998927116394
test_16278,0.002423902740702033
test_16279,0.17486488819122314
test_16280,0.8141769766807556
test_16281,0.8457933664321899
test_16282,0.6877332925796509
test_16283,0.0025596374180167913
test_16284,0.1985538750886917
test_16285,0.8894109129905701
test_16286,0.0010133725591003895
test_16287,0.967954158782959
test_16288,0.23183083534240723
test_16289,0.9888090491294861
test_16290,0.2420552372932434
test_16291,0.998779833316803
test_16292,0.6511102318763733
test_16293,0.017837056890130043
test_16294,0.0005104400916025043
test_16295,0.9995617270469666
test_16296,0.0024275099858641624
test_16297,0.999982476234436
test_16298,0.8074824213981628
test_16299,0.32334011793136597
test_16300,0.00317866331897676
test_16301,0.000979508855380118
test_16302,0.6300262808799744
test_16303,0.9999994039535522
test_16304,0.00023040585801936686
test_16305,0.9999790191650391
test_16306,0.9581249356269836
test_16307,0.9998979568481445
test_16308,0.9983906745910645
test_16309,0.9997995495796204
test_16310,0.003925831988453865
test_16311,0.9997196793556213
test_16312,0.1243332028388977
test_16313,0.0006977437296882272
test_16314,0.8318864107131958
test_16315,0.9852949380874634
test_16316,0.5927863121032715
test_16317,0.9988300204277039
test_16318,0.9905009269714355
test_16319,0.0003000047872774303
test_16320,0.9990058541297913
test_16321,0.3131963014602661
test_16322,0.27934977412223816
test_16323,0.29261988401412964
test_16324,0.9998488426208496
test_16325,0.006676377262920141
test_16326,0.9998993873596191
test_16327,0.16325043141841888
test_16328,0.01985175535082817
test_16329,0.19104430079460144
test_16330,0.39866527915000916
test_16331,0.00021752389147877693
test_16332,0.659410834312439
test_16333,0.42847973108291626
test_16334,0.9601020812988281
test_16335,0.9999489784240723
test_16336,0.024062246084213257
test_16337,0.9719753265380859
test_16338,0.9999774694442749
test_16339,0.9921168684959412
test_16340,0.3652077317237854
test_16341,0.9998252987861633
test_16342,0.9901573657989502
test_16343,0.7828067541122437
test_16344,0.9340377449989319
test_16345,4.391721813590266e-05
test_16346,0.6458454132080078
test_16347,0.021846016868948936
test_16348,0.9977993369102478
test_16349,0.9978997707366943
test_16350,0.1588917076587677
test_16351,0.17589862644672394
test_16352,0.0007911586435511708
test_16353,0.6534907221794128
test_16354,0.27938005328178406
test_16355,0.9999971389770508
test_16356,0.13725976645946503
test_16357,0.031100094318389893
test_16358,6.077847956476035e-06
test_16359,0.9767270088195801
test_16360,0.3069143295288086
test_16361,2.306483111169655e-07
test_16362,0.9350934028625488
test_16363,0.5149146914482117
test_16364,0.6023148894309998
test_16365,0.4653620421886444
test_16366,0.0017004722030833364
test_16367,0.9999614953994751
test_16368,0.18709705770015717
test_16369,0.002354661701247096
test_16370,0.021617909893393517
test_16371,0.9935697317123413
test_16372,0.998197615146637
test_16373,0.5501568913459778
test_16374,0.48575982451438904
test_16375,0.3411369025707245
test_16376,0.8575512766838074
test_16377,0.9999691247940063
test_16378,0.32845985889434814
test_16379,0.025219615548849106
test_16380,0.0017118867253884673
test_16381,0.9989786148071289
test_16382,7.511328448117638e-08
test_16383,0.8781470060348511
test_16384,0.9999963045120239
test_16385,0.0011433085892349482
test_16386,0.953684389591217
test_16387,0.9999927282333374
test_16388,0.7356874346733093
test_16389,0.79776930809021
test_16390,0.9999955892562866
test_16391,0.049395713955163956
test_16392,0.9999998807907104
test_16393,0.02130173146724701
test_16394,0.8781754970550537
test_16395,0.08969287574291229
test_16396,0.9980972409248352
test_16397,1.2137151088609244e-06
test_16398,0.9258176684379578
test_16399,4.344984063209267e-06
test_16400,3.87831823900342e-05
test_16401,0.9990310668945312
test_16402,0.15221577882766724
test_16403,0.9222517013549805
test_16404,0.9954894185066223
test_16405,0.3442338705062866
test_16406,0.40714535117149353
test_16407,0.7213473916053772
test_16408,0.37102261185646057
test_16409,4.200837793177925e-05
test_16410,0.007952272891998291
test_16411,0.09825178980827332
test_16412,0.22801236808300018
test_16413,0.012883737683296204
test_16414,0.905175507068634
test_16415,0.9998756647109985
test_16416,0.04194292798638344
test_16417,0.27358371019363403
test_16418,4.847510126637644e-07
test_16419,0.026001719757914543
test_16420,0.002502448856830597
test_16421,0.9977731108665466
test_16422,0.9998735189437866
test_16423,0.9523479342460632
test_16424,0.10786347091197968
test_16425,0.1907198280096054
test_16426,0.30701199173927307
test_16427,0.07282046973705292
test_16428,0.0008080917177721858
test_16429,0.9996540546417236
test_16430,0.9379064440727234
test_16431,0.7891605496406555
test_16432,0.033618006855249405
test_16433,0.1938677579164505
test_16434,0.2729135751724243
test_16435,0.043321095407009125
test_16436,0.056244365870952606
test_16437,0.5923290252685547
test_16438,0.9740619659423828
test_16439,0.9997164607048035
test_16440,0.31911084055900574
test_16441,0.010369707830250263
test_16442,0.9246818423271179
test_16443,9.563034836901352e-05
test_16444,0.9998618364334106
test_16445,0.35127440094947815
test_16446,0.0008592956000939012
test_16447,0.9972621202468872
test_16448,0.4868432879447937
test_16449,0.9998992681503296
test_16450,0.0014099603286013007
test_16451,0.8165525794029236
test_16452,0.016501588746905327
test_16453,0.30809614062309265
test_16454,0.011757669039070606
test_16455,0.9991363883018494
test_16456,0.22476400434970856
test_16457,0.6944441795349121
test_16458,0.0007876520394347608
test_16459,0.966742992401123
test_16460,0.005660482682287693
test_16461,0.920224666595459
test_16462,0.29789382219314575
test_16463,0.9999182224273682
test_16464,0.9143770933151245
test_16465,0.9648981094360352
test_16466,0.7867790460586548
test_16467,0.04346417263150215
test_16468,0.9798486828804016
test_16469,0.9902938604354858
test_16470,0.5667127966880798
test_16471,0.9324758648872375
test_16472,0.0007474308949895203
test_16473,0.17579269409179688
test_16474,0.23429852724075317
test_16475,0.010061079636216164
test_16476,0.2834615111351013
test_16477,0.18634214997291565
test_16478,0.9997709393501282
test_16479,0.2748199701309204
test_16480,0.9986215829849243
test_16481,1.9657661596284015e-06
test_16482,0.996935248374939
test_16483,0.10918045789003372
test_16484,0.2943129241466522
test_16485,0.00011241436732234433
test_16486,0.5086556673049927
test_16487,0.2711687386035919
test_16488,0.00010399672464700416
test_16489,0.01147616095840931
test_16490,0.9961069226264954
test_16491,0.3215305805206299
test_16492,0.027126172557473183
test_16493,2.4072954829534865e-07
test_16494,0.08297041803598404
test_16495,0.5811869502067566
test_16496,0.9860244393348694
test_16497,4.813076657228521e-07
test_16498,0.057916004210710526
test_16499,0.13123030960559845
test_16500,0.7355213761329651
test_16501,0.6536316275596619
test_16502,0.7933618426322937
test_16503,0.000484582269564271
test_16504,3.3503685699542984e-05
test_16505,0.9998773336410522
test_16506,4.027241811854765e-05
test_16507,0.7535780668258667
test_16508,0.9999773502349854
test_16509,0.00862069707363844
test_16510,0.013434769585728645
test_16511,0.9993329644203186
test_16512,5.719872206100263e-05
test_16513,0.13245715200901031
test_16514,0.02245522104203701
test_16515,0.1284959763288498
test_16516,0.9966133236885071
test_16517,0.001979672582820058
test_16518,0.9905540347099304
test_16519,0.9225339889526367
test_16520,0.2909291386604309
test_16521,0.03734622895717621
test_16522,0.9998457431793213
test_16523,0.9906253814697266
test_16524,0.37618255615234375
test_16525,0.3855138421058655
test_16526,0.9999842643737793
test_16527,0.0018439042614772916
test_16528,0.3402811884880066
test_16529,0.6713160872459412
test_16530,0.10060451179742813
test_16531,0.5847965478897095
test_16532,0.11949058622121811
test_16533,0.00014210978406481445
test_16534,0.5559185743331909
test_16535,0.9472106099128723
test_16536,8.043950401770417e-06
test_16537,0.7436727285385132
test_16538,0.9983041286468506
test_16539,0.993742048740387
test_16540,1.7600610590307042e-05
test_16541,0.3115851581096649
test_16542,0.37447184324264526
test_16543,0.8597686290740967
test_16544,0.4285496473312378
test_16545,1.0163656043005176e-05
test_16546,0.9999030828475952
test_16547,0.5760127902030945
test_16548,0.030247166752815247
test_16549,0.284450501203537
test_16550,0.9957987666130066
test_16551,0.9990615248680115
test_16552,0.9992495179176331
test_16553,0.00010326899791834876
test_16554,1.9007191440323368e-05
test_16555,0.4347286820411682
test_16556,0.9860613346099854
test_16557,0.7207642793655396
test_16558,0.9998466968536377
test_16559,0.9519621729850769
test_16560,0.0018059725407510996
test_16561,0.9560862183570862
test_16562,0.6640035510063171
test_16563,0.002779207658022642
test_16564,0.5424568057060242
test_16565,0.9991864562034607
test_16566,0.00034491054248064756
test_16567,0.9996646642684937
test_16568,0.05085082724690437
test_16569,0.0010336815612390637
test_16570,0.6461182832717896
test_16571,0.42624178528785706
test_16572,0.7847756147384644
test_16573,3.183556691510603e-05
test_16574,0.8755459785461426
test_16575,0.0003166231035720557
test_16576,0.0017506658332422376
test_16577,0.016232306137681007
test_16578,0.9999992847442627
test_16579,0.020010408014059067
test_16580,3.7728370898548746e-06
test_16581,0.12323809415102005
test_16582,0.9973128437995911
test_16583,0.9997740387916565
test_16584,0.9184395670890808
test_16585,0.3168615400791168
test_16586,0.03221646696329117
test_16587,0.4741397798061371
test_16588,0.9424342513084412
test_16589,0.9286571145057678
test_16590,0.007282107137143612
test_16591,0.9981774091720581
test_16592,0.0031117317266762257
test_16593,0.27937665581703186
test_16594,1.6903721189009957e-05
test_16595,0.0968015193939209
test_16596,0.6039136648178101
test_16597,0.7732979655265808
test_16598,0.46025723218917847
test_16599,0.24693967401981354
test_16600,0.9974977374076843
test_16601,0.6502805948257446
test_16602,0.9999936819076538
test_16603,0.9978400468826294
test_16604,0.9872791767120361
test_16605,6.106636647018604e-06
test_16606,0.7338825464248657
test_16607,0.4273029863834381
test_16608,0.9998675584793091
test_16609,0.9999984502792358
test_16610,1.3485122508427594e-05
test_16611,0.44784900546073914
test_16612,0.011075126007199287
test_16613,0.999188244342804
test_16614,0.993071973323822
test_16615,0.11966819316148758
test_16616,0.11662452667951584
test_16617,0.007724299561232328
test_16618,0.21748551726341248
test_16619,0.00018059741705656052
test_16620,0.01790997013449669
test_16621,0.9989326596260071
test_16622,0.9999922513961792
test_16623,0.0472489632666111
test_16624,0.9999924898147583
test_16625,0.26100486516952515
test_16626,0.03791293874382973
test_16627,0.0012966248905286193
test_16628,0.9884125590324402
test_16629,0.17411379516124725
test_16630,2.4160515295079676e-06
test_16631,0.36226534843444824
test_16632,0.998325765132904
test_16633,0.0069970362819731236
test_16634,0.7378073334693909
test_16635,1.0698989427737615e-07
test_16636,0.585439920425415
test_16637,0.0009202018263749778
test_16638,0.9944055080413818
test_16639,0.999431312084198
test_16640,0.9850348234176636
test_16641,0.521676242351532
test_16642,0.9749332070350647
test_16643,0.7031223773956299
test_16644,0.9998713731765747
test_16645,0.6312685608863831
test_16646,0.9999954700469971
test_16647,0.9985262155532837
test_16648,0.6385625004768372
test_16649,0.987163245677948
test_16650,0.013654863461852074
test_16651,0.0005539123085327446
test_16652,0.01659746654331684
test_16653,0.999567449092865
test_16654,0.9998916387557983
test_16655,0.00016678471001796424
test_16656,0.9910716414451599
test_16657,0.11448930203914642
test_16658,0.9682954549789429
test_16659,0.42878782749176025
test_16660,0.9999998807907104
test_16661,0.0012496766867116094
test_16662,0.9997289776802063
test_16663,0.10559598356485367
test_16664,0.9999998807907104
test_16665,0.00806373730301857
test_16666,0.9763352274894714
test_16667,5.209778100834228e-05
test_16668,0.8166780471801758
test_16669,0.5512393116950989
test_16670,0.0002926303423009813
test_16671,0.29497143626213074
test_16672,0.9999722242355347
test_16673,0.006681176368147135
test_16674,0.2878628075122833
test_16675,0.14905770123004913
test_16676,0.995375394821167
test_16677,0.48903340101242065
test_16678,0.31560248136520386
test_16679,0.023009341210126877
test_16680,0.19216904044151306
test_16681,0.009475373663008213
test_16682,0.9994046688079834
test_16683,0.010473399423062801
test_16684,0.6474446654319763
test_16685,1.4230380656954367e-05
test_16686,0.002883462468162179
test_16687,0.9999200105667114
test_16688,0.9092207551002502
test_16689,0.6160391569137573
test_16690,0.9997697472572327
test_16691,0.0009286918211728334
test_16692,0.9434146285057068
test_16693,0.33637768030166626
test_16694,0.9997417330741882
test_16695,0.0032753758132457733
test_16696,0.0009276819182559848
test_16697,0.003187003545463085
test_16698,0.7400769591331482
test_16699,0.016136588528752327
test_16700,0.4559091627597809
test_16701,4.237269240547903e-05
test_16702,0.00048729058471508324
test_16703,0.9995005130767822
test_16704,0.025961287319660187
test_16705,0.07686388492584229
test_16706,0.9650484323501587
test_16707,0.0506383553147316
test_16708,0.9988589286804199
test_16709,0.9999939203262329
test_16710,9.034615686687175e-06
test_16711,0.8148897290229797
test_16712,0.015246867202222347
test_16713,0.0020844750106334686
test_16714,0.24118921160697937
test_16715,0.167043536901474
test_16716,0.096322201192379
test_16717,0.9605432748794556
test_16718,0.0066327061504125595
test_16719,0.21830222010612488
test_16720,0.00023160579439718276
test_16721,0.999430239200592
test_16722,0.9956938028335571
test_16723,0.9800884127616882
test_16724,0.0034635006450116634
test_16725,0.889396607875824
test_16726,0.008178690448403358
test_16727,0.5734968781471252
test_16728,0.022383779287338257
test_16729,0.06214750185608864
test_16730,0.351194828748703
test_16731,5.563739250646904e-06
test_16732,0.07401011139154434
test_16733,0.01141541637480259
test_16734,0.9340724945068359
test_16735,2.0257371943444014e-05
test_16736,0.9726525545120239
test_16737,0.9999988079071045
test_16738,0.9871211647987366
test_16739,0.5374751687049866
test_16740,0.999824583530426
test_16741,0.25425004959106445
test_16742,0.0006660593207925558
test_16743,0.00014946982264518738
test_16744,0.5667123198509216
test_16745,0.0030355544295161963
test_16746,0.27523303031921387
test_16747,0.709581196308136
test_16748,0.9715302586555481
test_16749,0.7976471781730652
test_16750,0.9469882845878601
test_16751,0.9998168349266052
test_16752,0.00038963917177170515
test_16753,0.9999986886978149
test_16754,0.5241461396217346
test_16755,0.0002781359653454274
test_16756,0.999913215637207
test_16757,1.3296151337272022e-05
test_16758,0.998306393623352
test_16759,0.027860503643751144
test_16760,0.9971281886100769
test_16761,0.9988358616828918
test_16762,0.9993853569030762
test_16763,0.9999332427978516
test_16764,3.2911131711443886e-05
test_16765,0.9500288963317871
test_16766,0.9998325109481812
test_16767,0.21430259943008423
test_16768,0.43065038323402405
test_16769,0.8749693036079407
test_16770,0.47773054242134094
test_16771,0.9982662796974182
test_16772,7.579662633361295e-05
test_16773,0.7976382374763489
test_16774,0.9573778510093689
test_16775,0.002564710332080722
test_16776,0.012718173675239086
test_16777,0.5559970140457153
test_16778,4.6941002551648126e-07
test_16779,0.8537662029266357
test_16780,0.9463276863098145
test_16781,0.006580659653991461
test_16782,0.9976006150245667
test_16783,0.6765425801277161
test_16784,0.97513347864151
test_16785,0.9911481142044067
test_16786,0.001973713282495737
test_16787,0.00403101509436965
test_16788,0.39049220085144043
test_16789,0.9994136095046997
test_16790,0.3000718355178833
test_16791,8.023041300475597e-05
test_16792,0.9950488209724426
test_16793,1.4271410009314422e-06
test_16794,0.999967098236084
test_16795,7.617109076818451e-05
test_16796,0.8905314803123474
test_16797,0.8954731225967407
test_16798,0.08214119076728821
test_16799,0.4401322901248932
test_16800,0.47628772258758545
test_16801,0.9910334944725037
test_16802,0.785889208316803
test_16803,0.000808427925221622
test_16804,0.9999927282333374
test_16805,0.8873826265335083
test_16806,0.9998087286949158
test_16807,0.8439280986785889
test_16808,8.074511424638331e-05
test_16809,8.47777264425531e-05
test_16810,0.0008516556699760258
test_16811,0.705403208732605
test_16812,0.002487706718966365
test_16813,0.0003717720683198422
test_16814,0.1319461315870285
test_16815,0.920460045337677
test_16816,0.06296253204345703
test_16817,0.9987967014312744
test_16818,6.0869842855026945e-05
test_16819,0.6981921195983887
test_16820,0.904901385307312
test_16821,0.7591920495033264
test_16822,0.9999097585678101
test_16823,0.978465735912323
test_16824,0.9999152421951294
test_16825,0.03587815538048744
test_16826,0.9974262118339539
test_16827,0.5322529077529907
test_16828,1.0824763194250409e-05
test_16829,0.013509957119822502
test_16830,0.014938079752027988
test_16831,0.1688443422317505
test_16832,0.9999973773956299
test_16833,0.10279624909162521
test_16834,0.5087920427322388
test_16835,0.9733901023864746
test_16836,0.05934580788016319
test_16837,0.999943733215332
test_16838,0.4717649221420288
test_16839,0.9737826585769653
test_16840,0.62974613904953
test_16841,0.9998687505722046
test_16842,0.4783842861652374
test_16843,0.00021218598703853786
test_16844,0.9838207960128784
test_16845,0.0011137223336845636
test_16846,3.1013289572001668e-06
test_16847,0.9919375777244568
test_16848,0.9999246597290039
test_16849,0.9999991655349731
test_16850,0.0008520281407982111
test_16851,0.18450453877449036
test_16852,0.24150308966636658
test_16853,0.012358884327113628
test_16854,0.016005774959921837
test_16855,1.4035116691957228e-05
test_16856,0.8883712291717529
test_16857,0.9982043504714966
test_16858,0.9940803647041321
test_16859,0.003131883917376399
test_16860,0.9995119571685791
test_16861,0.1581617295742035
test_16862,2.209699914601515e-06
test_16863,0.5991615653038025
test_16864,0.9053002595901489
test_16865,0.2502104341983795
test_16866,0.493359237909317
test_16867,0.05144381895661354
test_16868,0.8237453103065491
test_16869,0.9535171389579773
test_16870,0.9999556541442871
test_16871,0.950639545917511
test_16872,0.9999984502792358
test_16873,0.8313408493995667
test_16874,0.006713278125971556
test_16875,0.01882021315395832
test_16876,0.9168457984924316
test_16877,0.002692632144317031
test_16878,0.6391727924346924
test_16879,0.10571840405464172
test_16880,0.09917930513620377
test_16881,0.9611716270446777
test_16882,0.5060068368911743
test_16883,0.9894959330558777
test_16884,0.9998643398284912
test_16885,0.653301477432251
test_16886,0.2247413694858551
test_16887,0.999875545501709
test_16888,0.9585820436477661
test_16889,0.9924724102020264
test_16890,0.9752110838890076
test_16891,0.03165201470255852
test_16892,0.9931566119194031
test_16893,0.99623703956604
test_16894,0.9997778534889221
test_16895,0.16055727005004883
test_16896,0.4757373332977295
test_16897,0.62517249584198
test_16898,0.0024757101200520992
test_16899,0.6554529070854187
test_16900,2.0610623323591426e-05
test_16901,0.8612701296806335
test_16902,0.6184154748916626
test_16903,0.9999748468399048
test_16904,0.9972009658813477
test_16905,0.5797331929206848
test_16906,0.29258084297180176
test_16907,0.9996641874313354
test_16908,2.956163189082872e-05
test_16909,0.6094496250152588
test_16910,0.6408641934394836
test_16911,0.007033528760075569
test_16912,0.9999960660934448
test_16913,0.028467463329434395
test_16914,0.03260492905974388
test_16915,0.9998134970664978
test_16916,0.9936375617980957
test_16917,0.00047048990381881595
test_16918,0.9915999174118042
test_16919,0.03486361727118492
test_16920,0.832622766494751
test_16921,0.9999645948410034
test_16922,0.7463779449462891
test_16923,2.5949630071409047e-06
test_16924,0.09278081357479095
test_16925,0.42944127321243286
test_16926,0.5157879590988159
test_16927,0.001244809478521347
test_16928,0.9509916305541992
test_16929,0.4888436496257782
test_16930,0.7774448990821838
test_16931,0.9997500777244568
test_16932,0.08927205204963684
test_16933,0.9999288320541382
test_16934,0.8286288380622864
test_16935,0.20423662662506104
test_16936,0.6461708545684814
test_16937,0.42982617020606995
test_16938,0.4114186763763428
test_16939,0.10104607790708542
test_16940,0.0948878675699234
test_16941,0.9810267686843872
test_16942,0.535630464553833
test_16943,0.8353481888771057
test_16944,0.00010640055552357808
test_16945,0.00017585387104190886
test_16946,0.9885848164558411
test_16947,0.02276468276977539
test_16948,0.8043842315673828
test_16949,0.6642889380455017
test_16950,0.9743315577507019
test_16951,0.9406523704528809
test_16952,0.9994882345199585
test_16953,0.9996108412742615
test_16954,1.9962312691745865e-08
test_16955,0.5263746380805969
test_16956,0.009012444876134396
test_16957,0.7362090945243835
test_16958,0.9998376369476318
test_16959,0.3694324493408203
test_16960,0.7574611306190491
test_16961,0.015154950320720673
test_16962,0.7743755578994751
test_16963,0.3487752377986908
test_16964,0.2022654265165329
test_16965,0.9999434947967529
test_16966,1.3895927622797899e-05
test_16967,0.22086364030838013
test_16968,1.2669141824517283e-06
test_16969,0.8035877346992493
test_16970,0.17297984659671783
test_16971,0.998913049697876
test_16972,0.030858343467116356
test_16973,0.9750151038169861
test_16974,0.5967856049537659
test_16975,0.03787154331803322
test_16976,0.06198403611779213
test_16977,0.09680447727441788
test_16978,0.9762267470359802
test_16979,0.09512181580066681
test_16980,0.9999995231628418
test_16981,0.9957879185676575
test_16982,0.5897089838981628
test_16983,0.9996782541275024
test_16984,0.023351209238171577
test_16985,3.0840394629194634e-06
test_16986,0.49464160203933716
test_16987,3.0379637792066205e-06
test_16988,0.025329869240522385
test_16989,1.642857569095213e-05
test_16990,0.005372317973524332
test_16991,0.004054440185427666
test_16992,0.9996702671051025
test_16993,0.44082245230674744
test_16994,0.00703904265537858
test_16995,0.7834527492523193
test_16996,0.7499252557754517
test_16997,0.9940876960754395
test_16998,0.026666883379220963
test_16999,0.9999994039535522
test_17000,0.10525098443031311
test_17001,0.9554694294929504
test_17002,0.9871654510498047
test_17003,6.214411405380815e-05
test_17004,0.9977641105651855
test_17005,0.9547303318977356
test_17006,0.6487576961517334
test_17007,0.8577051758766174
test_17008,0.9922488927841187
test_17009,1.2474838229081797e-07
test_17010,2.680691068235319e-05
test_17011,0.02539919503033161
test_17012,0.9428595304489136
test_17013,0.2818520963191986
test_17014,0.003128225216642022
test_17015,0.18327505886554718
test_17016,0.5152981281280518
test_17017,0.5538557171821594
test_17018,0.001163508277386427
test_17019,3.157867104164325e-05
test_17020,0.3258921504020691
test_17021,0.997065007686615
test_17022,0.001534012844786048
test_17023,0.10244997590780258
test_17024,0.6265687346458435
test_17025,0.010152056813240051
test_17026,0.7967998385429382
test_17027,0.9999957084655762
test_17028,0.9998949766159058
test_17029,0.6973115801811218
test_17030,0.8960955142974854
test_17031,0.12860007584095
test_17032,0.9976173043251038
test_17033,0.41191649436950684
test_17034,0.035344142466783524
test_17035,0.15147307515144348
test_17036,0.9999977350234985
test_17037,0.00010990884038619697
test_17038,0.30761054158210754
test_17039,7.802014806657098e-06
test_17040,0.04186975583434105
test_17041,0.709057092666626
test_17042,0.006666278000921011
test_17043,0.048145655542612076
test_17044,0.8203629851341248
test_17045,0.0010801289463415742
test_17046,0.9836524724960327
test_17047,0.4293840229511261
test_17048,0.7825086712837219
test_17049,0.998561441898346
test_17050,0.8029066324234009
test_17051,0.0025416004937142134
test_17052,0.00792704802006483
test_17053,0.9232281446456909
test_17054,0.513542115688324
test_17055,0.0002379139041295275
test_17056,0.9993616938591003
test_17057,0.9995269775390625
test_17058,8.049111784202978e-05
test_17059,0.002582486718893051
test_17060,0.6381074786186218
test_17061,0.07496624439954758
test_17062,0.24832919239997864
test_17063,0.9914072155952454
test_17064,0.24679414927959442
test_17065,0.9144042134284973
test_17066,0.0073244147934019566
test_17067,0.8440714478492737
test_17068,0.014595218934118748
test_17069,0.8262790441513062
test_17070,0.001146657974459231
test_17071,0.882272481918335
test_17072,0.8755649328231812
test_17073,0.6769135594367981
test_17074,0.36463019251823425
test_17075,0.25704726576805115
test_17076,0.08409778028726578
test_17077,0.9248970150947571
test_17078,0.7713358402252197
test_17079,0.9999957084655762
test_17080,0.9999899864196777
test_17081,0.00040542997885495424
test_17082,0.9989732503890991
test_17083,0.8826532959938049
test_17084,0.26284775137901306
test_17085,0.12345245480537415
test_17086,0.9248669743537903
test_17087,0.9935852885246277
test_17088,0.9359380006790161
test_17089,0.007905997335910797
test_17090,0.6597864627838135
test_17091,0.001684241695329547
test_17092,1.4675403690489475e-05
test_17093,0.08730774372816086
test_17094,0.0014819932403042912
test_17095,0.9999630451202393
test_17096,0.13912133872509003
test_17097,1.0
test_17098,0.42377039790153503
test_17099,0.9999433755874634
test_17100,5.718532520404551e-06
test_17101,0.0878240093588829
test_17102,0.9985698461532593
test_17103,0.004252272192388773
test_17104,0.838770866394043
test_17105,0.7684125304222107
test_17106,0.98826003074646
test_17107,6.564981163137418e-07
test_17108,0.07077547162771225
test_17109,0.9938410520553589
test_17110,0.9951907396316528
test_17111,0.048440661281347275
test_17112,0.994685173034668
test_17113,0.8041536808013916
test_17114,0.9812701940536499
test_17115,0.041730981320142746
test_17116,0.9995983242988586
test_17117,3.9509748603450134e-05
test_17118,0.97627192735672
test_17119,0.968007504940033
test_17120,0.0020308149978518486
test_17121,0.9980705380439758
test_17122,0.8108281493186951
test_17123,0.3630789518356323
test_17124,0.00010005550575442612
test_17125,0.9988559484481812
test_17126,0.9868309497833252
test_17127,8.252130356822818e-08
test_17128,0.0009978917660191655
test_17129,0.9999974966049194
test_17130,0.9379459619522095
test_17131,0.016740502789616585
test_17132,0.19409045577049255
test_17133,0.00029719440499320626
test_17134,0.03544477000832558
test_17135,0.000701643992215395
test_17136,0.9983170032501221
test_17137,0.6724091172218323
test_17138,0.9872641563415527
test_17139,0.6432292461395264
test_17140,0.0005582766607403755
test_17141,0.39783191680908203
test_17142,0.9842304587364197
test_17143,0.999923586845398
test_17144,0.009259527549147606
test_17145,0.05332760885357857
test_17146,0.9999524354934692
test_17147,0.9969526529312134
test_17148,2.6480774977244437e-06
test_17149,0.6736500263214111
test_17150,0.004607883282005787
test_17151,0.9927661418914795
test_17152,0.04716763272881508
test_17153,0.0002968404733110219
test_17154,0.023308759555220604
test_17155,0.00031059153843671083
test_17156,0.019593369215726852
test_17157,0.9858554005622864
test_17158,0.6427173018455505
test_17159,0.0024643230717629194
test_17160,0.9556326866149902
test_17161,0.9879930019378662
test_17162,6.590517295990139e-05
test_17163,0.9303929805755615
test_17164,0.4676380753517151
test_17165,0.9486000537872314
test_17166,0.00025123541126959026
test_17167,0.007501526735723019
test_17168,0.9998403787612915
test_17169,0.9997377991676331
test_17170,0.19546571373939514
test_17171,0.2639635503292084
test_17172,0.5527053475379944
test_17173,0.9998778104782104
test_17174,0.9908183217048645
test_17175,0.31354111433029175
test_17176,0.0005481656407937407
test_17177,0.9607574939727783
test_17178,0.47663185000419617
test_17179,0.993035078048706
test_17180,0.9856530427932739
test_17181,0.991124153137207
test_17182,1.1551156603673007e-05
test_17183,0.6143838763237
test_17184,0.32017919421195984
test_17185,0.9955688118934631
test_17186,0.6809269785881042
test_17187,0.2742127776145935
test_17188,0.09249533712863922
test_17189,1.5627652828698047e-05
test_17190,0.00015883479500189424
test_17191,0.4771522879600525
test_17192,0.0503259003162384
test_17193,0.00025338769773952663
test_17194,0.5616148710250854
test_17195,0.09088966995477676
test_17196,0.033419419080019
test_17197,0.00027905922615900636
test_17198,0.0007229638285934925
test_17199,1.91970648302231e-05
test_17200,0.9695110321044922
test_17201,0.004549125209450722
test_17202,0.00010286691394867375
test_17203,0.8405983448028564
test_17204,0.99912029504776
test_17205,0.0014070221222937107
test_17206,0.9999904632568359
test_17207,0.0007023414364084601
test_17208,0.3303850293159485
test_17209,0.22071146965026855
test_17210,0.12351179867982864
test_17211,0.041598331183195114
test_17212,0.9834098815917969
test_17213,0.12218625098466873
test_17214,0.9270259737968445
test_17215,0.9843032360076904
test_17216,0.020135093480348587
test_17217,0.0003109488752670586
test_17218,0.002645874861627817
test_17219,0.952389121055603
test_17220,0.010606281459331512
test_17221,0.057963598519563675
test_17222,0.9984880685806274
test_17223,0.002386800479143858
test_17224,0.02247449941933155
test_17225,0.559191107749939
test_17226,0.020984672009944916
test_17227,0.9795085191726685
test_17228,0.9998854398727417
test_17229,0.9953125715255737
test_17230,0.9863553643226624
test_17231,0.9833859801292419
test_17232,0.9970898628234863
test_17233,0.0002788440615404397
test_17234,0.011348064988851547
test_17235,0.9999978542327881
test_17236,0.0003700057859532535
test_17237,0.7365134358406067
test_17238,0.21817418932914734
test_17239,0.4801520109176636
test_17240,0.06633611768484116
test_17241,0.20520582795143127
test_17242,0.9701363444328308
test_17243,0.6749197244644165
test_17244,0.8541522026062012
test_17245,0.0014269690727815032
test_17246,2.2943188014323823e-05
test_17247,0.0036062938161194324
test_17248,0.14108842611312866
test_17249,0.9999959468841553
test_17250,6.74189577694051e-05
test_17251,0.989389955997467
test_17252,0.8557744026184082
test_17253,0.29918384552001953
test_17254,0.7676097750663757
test_17255,0.9999886751174927
test_17256,0.022444400936365128
test_17257,0.029608098790049553
test_17258,0.5275577306747437
test_17259,0.9999096393585205
test_17260,0.00045549150672741234
test_17261,0.11572296917438507
test_17262,0.12219417840242386
test_17263,0.9909578561782837
test_17264,0.9817073941230774
test_17265,0.9960297346115112
test_17266,1.4644050452261581e-06
test_17267,0.0235665962100029
test_17268,0.2710745632648468
test_17269,0.0024304953403770924
test_17270,0.5645897388458252
test_17271,0.9820917248725891
test_17272,0.9566848874092102
test_17273,0.9947093725204468
test_17274,0.9987824559211731
test_17275,0.9909712076187134
test_17276,0.9938085675239563
test_17277,0.9886974096298218
test_17278,0.013161596842110157
test_17279,0.00713802594691515
test_17280,0.85722416639328
test_17281,0.0018473590025678277
test_17282,0.9998207688331604
test_17283,1.5121800345241354e-07
test_17284,0.7076969742774963
test_17285,0.9999444484710693
test_17286,1.0
test_17287,0.002199171343818307
test_17288,0.8945114016532898
test_17289,0.3215944468975067
test_17290,6.660998042207211e-05
test_17291,0.9999829530715942
test_17292,0.890673816204071
test_17293,0.08926013112068176
test_17294,0.9890073537826538
test_17295,0.545744001865387
test_17296,0.966124415397644
test_17297,0.5507624745368958
test_17298,0.38104748725891113
test_17299,0.9895159006118774
test_17300,0.0009561280603520572
test_17301,0.991004228591919
test_17302,0.493198961019516
test_17303,0.004382662940770388
test_17304,0.0004926425754092634
test_17305,0.2103295773267746
test_17306,0.9966962337493896
test_17307,0.52623051404953
test_17308,0.9954426288604736
test_17309,0.009837553836405277
test_17310,0.9991046786308289
test_17311,0.00028406825731508434
test_17312,0.809151828289032
test_17313,0.5767371654510498
test_17314,0.26596859097480774
test_17315,0.04316456988453865
test_17316,0.012454268522560596
test_17317,0.5662134885787964
test_17318,0.6769111752510071
test_17319,0.7927771210670471
test_17320,0.987278938293457
test_17321,0.9980037808418274
test_17322,0.002033501397818327
test_17323,0.9814298748970032
test_17324,0.01653924025595188
test_17325,0.037545133382081985
test_17326,0.000611969328019768
test_17327,0.0005448908195830882
test_17328,0.31829530000686646
test_17329,9.539780876366422e-05
test_17330,1.0033490070782136e-05
test_17331,0.2513720691204071
test_17332,0.9996795654296875
test_17333,0.5422978401184082
test_17334,2.0082372429897077e-05
test_17335,0.861907422542572
test_17336,0.2679530680179596
test_17337,6.0891619796166196e-05
test_17338,0.98897385597229
test_17339,0.05769918113946915
test_17340,0.16917850077152252
test_17341,8.391360495352274e-08
test_17342,0.7277606129646301
test_17343,0.8907511234283447
test_17344,0.9661983251571655
test_17345,0.9988861680030823
test_17346,0.9558894038200378
test_17347,0.0005420583765953779
test_17348,0.9998626708984375
test_17349,0.047545939683914185
test_17350,0.010079367086291313
test_17351,0.4429951608181
test_17352,0.9988238215446472
test_17353,0.9998258948326111
test_17354,0.35547521710395813
test_17355,0.02088376134634018
test_17356,0.0021790016908198595
test_17357,0.603945791721344
test_17358,5.4246724175754935e-05
test_17359,0.26156121492385864
test_17360,0.9999487400054932
test_17361,0.427971214056015
test_17362,0.07519165426492691
test_17363,0.00026998421526513994
test_17364,0.0012941770255565643
test_17365,0.004743632394820452
test_17366,0.11255496740341187
test_17367,0.938896656036377
test_17368,0.0004076199547853321
test_17369,0.3539722263813019
test_17370,0.4328712224960327
test_17371,0.9998080134391785
test_17372,0.7894722819328308
test_17373,0.0008104583830572665
test_17374,0.9292519092559814
test_17375,0.007804784923791885
test_17376,0.844667911529541
test_17377,5.489353043230949e-06
test_17378,0.019604267552495003
test_17379,0.6279433369636536
test_17380,0.14999385178089142
test_17381,4.5776405954711663e-07
test_17382,0.3477105498313904
test_17383,0.8855210542678833
test_17384,0.013022328726947308
test_17385,0.006666240282356739
test_17386,0.01893816702067852
test_17387,0.9781791567802429
test_17388,0.011306016705930233
test_17389,0.0008835195912979543
test_17390,0.017927374690771103
test_17391,0.11194217205047607
test_17392,0.008049123920500278
test_17393,0.2920372188091278
test_17394,1.5095797607500572e-05
test_17395,0.008221663534641266
test_17396,0.9227011203765869
test_17397,0.1499648094177246
test_17398,0.6251782774925232
test_17399,0.9637479782104492
test_17400,0.009894896298646927
test_17401,0.7460436224937439
test_17402,0.9999616146087646
test_17403,0.638559103012085
test_17404,0.9888182282447815
test_17405,0.2365693747997284
test_17406,0.18679672479629517
test_17407,0.9998902082443237
test_17408,0.53851318359375
test_17409,0.9999376535415649
test_17410,0.9923564195632935
test_17411,0.9978927969932556
test_17412,0.02696956694126129
test_17413,0.9865885376930237
test_17414,0.11121167987585068
test_17415,0.0073898304253816605
test_17416,0.9928274750709534
test_17417,0.9999922513961792
test_17418,0.9977331161499023
test_17419,0.3205433785915375
test_17420,0.9893097877502441
test_17421,0.5102332234382629
test_17422,0.945300281047821
test_17423,0.999882698059082
test_17424,0.9253990054130554
test_17425,0.2525966465473175
test_17426,0.752012312412262
test_17427,0.9999992847442627
test_17428,0.0003844421589747071
test_17429,0.0038697656709700823
test_17430,0.9900553226470947
test_17431,1.2822842165860493e-07
test_17432,0.35773390531539917
test_17433,0.0064531052485108376
test_17434,0.03134596720337868
test_17435,0.28327929973602295
test_17436,0.9465563893318176
test_17437,0.9615612030029297
test_17438,0.9989985823631287
test_17439,6.0400216170819476e-05
test_17440,1.4025697055330966e-05
test_17441,0.999586284160614
test_17442,3.0912016768525064e-07
test_17443,0.18846094608306885
test_17444,3.642266790393478e-07
test_17445,0.0006536214496009052
test_17446,0.9997870326042175
test_17447,0.00032348366221413016
test_17448,0.7518345713615417
test_17449,0.4664515256881714
test_17450,0.9668833017349243
test_17451,0.017016012221574783
test_17452,0.017665253952145576
test_17453,0.9999997615814209
test_17454,0.7494760155677795
test_17455,0.5357552766799927
test_17456,0.005383949261158705
test_17457,0.8266127705574036
test_17458,0.441293865442276
test_17459,0.9316806197166443
test_17460,0.0012330366298556328
test_17461,0.9690810441970825
test_17462,0.432370126247406
test_17463,0.00023899289953988045
test_17464,0.03158894553780556
test_17465,0.0003297984949313104
test_17466,0.7027996182441711
test_17467,0.9557539820671082
test_17468,0.9993988275527954
test_17469,0.1041230857372284
test_17470,0.003264821134507656
test_17471,0.3955959677696228
test_17472,0.31401076912879944
test_17473,0.9989963173866272
test_17474,0.9999719858169556
test_17475,6.206161924637854e-05
test_17476,0.21378274261951447
test_17477,0.0002881439868360758
test_17478,0.006784486118704081
test_17479,3.6560518310579937e-06
test_17480,0.9793339967727661
test_17481,0.6856069564819336
test_17482,0.8115344643592834
test_17483,0.00025247325538657606
test_17484,0.0001041818322846666
test_17485,0.7525709867477417
test_17486,9.507397044217214e-05
test_17487,0.8725752830505371
test_17488,0.4563191533088684
test_17489,0.9920228719711304
test_17490,0.00018914791871793568
test_17491,0.9983075857162476
test_17492,0.0009136482258327305
test_17493,0.9959836006164551
test_17494,0.16631589829921722
test_17495,0.09707298874855042
test_17496,0.05991547927260399
test_17497,9.44051644182764e-05
test_17498,0.37885338068008423
test_17499,0.999866247177124
test_17500,7.699134584981948e-06
test_17501,0.012557857669889927
test_17502,0.00195950991474092
test_17503,0.9803565144538879
test_17504,3.3396947401342914e-05
test_17505,0.07367664575576782
test_17506,6.328591553028673e-06
test_17507,0.1496707797050476
test_17508,0.9989957213401794
test_17509,0.5115324854850769
test_17510,5.096722361486172e-06
test_17511,0.9269009232521057
test_17512,0.15721774101257324
test_17513,0.8892545700073242
test_17514,0.9999923706054688
test_17515,0.9984785914421082
test_17516,6.060179293854162e-05
test_17517,0.956466794013977
test_17518,0.09599405527114868
test_17519,0.00015958001313265413
test_17520,0.00047154686762951314
test_17521,0.9721587300300598
test_17522,0.708535373210907
test_17523,0.3763488829135895
test_17524,0.9858723282814026
test_17525,0.9708364009857178
test_17526,0.999998927116394
test_17527,0.13676008582115173
test_17528,0.6085253357887268
test_17529,0.6977846622467041
test_17530,0.9585972428321838
test_17531,4.112437818548642e-05
test_17532,0.032280437648296356
test_17533,0.9935958981513977
test_17534,0.8687666058540344
test_17535,0.9999605417251587
test_17536,0.9908174276351929
test_17537,0.9262220859527588
test_17538,0.9065828919410706
test_17539,0.5392895340919495
test_17540,0.19511465728282928
test_17541,0.8940631151199341
test_17542,0.9879228472709656
test_17543,0.9930035471916199
test_17544,9.137303891293413e-07
test_17545,0.9963676929473877
test_17546,0.6457117795944214
test_17547,1.894141678349115e-05
test_17548,0.34814032912254333
test_17549,0.00036610214738175273
test_17550,0.07334975898265839
test_17551,0.010002894327044487
test_17552,0.7926658987998962
test_17553,0.0012198536423966289
test_17554,0.891599714756012
test_17555,6.305067135059517e-09
test_17556,1.1955098955240828e-07
test_17557,0.9999984502792358
test_17558,0.9998078942298889
test_17559,0.9986274242401123
test_17560,0.14970920979976654
test_17561,0.8978695869445801
test_17562,1.5681430340919178e-06
test_17563,0.027504559606313705
test_17564,0.20620161294937134
test_17565,0.0043582916259765625
test_17566,0.0543113611638546
test_17567,0.9969852566719055
test_17568,0.9837749004364014
test_17569,0.0017106051091104746
test_17570,0.6935492157936096
test_17571,3.0808414521743543e-06
test_17572,0.9601179361343384
test_17573,0.9454384446144104
test_17574,0.10175883769989014
test_17575,0.020058151334524155
test_17576,0.9977127313613892
test_17577,0.9819878935813904
test_17578,4.930063369101845e-05
test_17579,0.11343462020158768
test_17580,0.07472514361143112
test_17581,0.5475696325302124
test_17582,0.4538128077983856
test_17583,0.043427757918834686
test_17584,0.999804675579071
test_17585,0.5640876293182373
test_17586,0.000338820944307372
test_17587,0.025469332933425903
test_17588,0.07559197396039963
test_17589,0.8437066078186035
test_17590,0.0008755532326176763
test_17591,0.4797855019569397
test_17592,0.10732986032962799
test_17593,0.9999278783798218
test_17594,2.1403024220489897e-05
test_17595,0.9971725344657898
test_17596,0.9531212449073792
test_17597,0.9650411605834961
test_17598,0.28162649273872375
test_17599,0.9998499155044556
test_17600,0.00045513102668337524
test_17601,0.13257558643817902
test_17602,0.4202498495578766
test_17603,0.10623777657747269
test_17604,0.2946785092353821
test_17605,3.996936825956254e-08
test_17606,0.023775866255164146
test_17607,2.5970155547838658e-05
test_17608,0.002771980594843626
test_17609,0.8281406164169312
test_17610,0.9857629537582397
test_17611,0.9428907036781311
test_17612,0.19105717539787292
test_17613,0.006876870058476925
test_17614,0.9999972581863403
test_17615,1.0506301805435214e-05
test_17616,0.8427548408508301
test_17617,0.0005428869626484811
test_17618,0.0007749855285510421
test_17619,0.9999880790710449
test_17620,0.48543116450309753
test_17621,0.027248164638876915
test_17622,2.9346500014071353e-05
test_17623,0.8133379817008972
test_17624,0.9327986836433411
test_17625,0.9995525479316711
test_17626,0.003857521340250969
test_17627,0.020416367799043655
test_17628,0.8846311569213867
test_17629,0.9974549412727356
test_17630,0.5563604235649109
test_17631,0.7104573845863342
test_17632,0.6740097403526306
test_17633,0.3246600925922394
test_17634,3.207536428817548e-05
test_17635,0.9991199374198914
test_17636,0.005823345854878426
test_17637,0.07128821313381195
test_17638,0.3605937063694
test_17639,0.29107925295829773
test_17640,0.6959213018417358
test_17641,0.17772239446640015
test_17642,0.7648911476135254
test_17643,3.6776070828636875e-06
test_17644,0.7181978225708008
test_17645,0.9999799728393555
test_17646,0.990088939666748
test_17647,8.853377221385017e-05
test_17648,0.9896979928016663
test_17649,6.405113708751742e-06
test_17650,3.851192104775691e-06
test_17651,0.9735539555549622
test_17652,0.27929601073265076
test_17653,0.08358735591173172
test_17654,0.015404723584651947
test_17655,0.10713329166173935
test_17656,0.9981086254119873
test_17657,0.8633455634117126
test_17658,0.4117885231971741
test_17659,0.00011290703696431592
test_17660,0.9991033673286438
test_17661,0.9929249286651611
test_17662,0.00026270028320141137
test_17663,0.9027361273765564
test_17664,0.004704336170107126
test_17665,0.10329771041870117
test_17666,0.0002896271471399814
test_17667,0.915273129940033
test_17668,0.0018597585149109364
test_17669,0.28189951181411743
test_17670,0.005187273491173983
test_17671,2.449394514769665e-06
test_17672,0.9741551876068115
test_17673,0.9069293737411499
test_17674,0.12827686965465546
test_17675,0.9999755620956421
test_17676,0.9861326217651367
test_17677,0.9933810234069824
test_17678,0.003191682044416666
test_17679,0.9948245286941528
test_17680,0.046432118862867355
test_17681,0.9005089402198792
test_17682,0.7401956915855408
test_17683,0.6512442231178284
test_17684,0.9999994039535522
test_17685,0.9987855553627014
test_17686,0.40230414271354675
test_17687,0.10582224279642105
test_17688,1.0328474672860466e-05
test_17689,0.13224662840366364
test_17690,0.7419539093971252
test_17691,0.5781787633895874
test_17692,0.8068904876708984
test_17693,0.9966314435005188
test_17694,0.8806582689285278
test_17695,0.9996998310089111
test_17696,0.9972594976425171
test_17697,0.9982699155807495
test_17698,0.0009505986818112433
test_17699,0.00044823807547800243
test_17700,0.007816550321877003
test_17701,0.997936487197876
test_17702,0.0022428990341722965
test_17703,0.07249277830123901
test_17704,5.677722583641298e-06
test_17705,0.00012687173148151487
test_17706,0.43290409445762634
test_17707,0.7992951273918152
test_17708,0.9919285774230957
test_17709,0.8935974836349487
test_17710,0.9026092290878296
test_17711,0.16616477072238922
test_17712,0.004335400648415089
test_17713,0.27590203285217285
test_17714,0.1443222463130951
test_17715,0.4563753604888916
test_17716,0.03968295454978943
test_17717,0.9997170567512512
test_17718,0.3999398648738861
test_17719,0.0003242605016566813
test_17720,0.3049791753292084
test_17721,0.15039889514446259
test_17722,0.00244619301520288
test_17723,0.7283997535705566
test_17724,0.9999123811721802
test_17725,3.877897142956499e-06
test_17726,0.3897765576839447
test_17727,0.9769008159637451
test_17728,0.9369077086448669
test_17729,0.6141672134399414
test_17730,0.9999711513519287
test_17731,0.3140213191509247
test_17732,0.9365938305854797
test_17733,0.999880313873291
test_17734,3.37459787260741e-05
test_17735,0.7236014008522034
test_17736,0.8872263431549072
test_17737,0.358599990606308
test_17738,0.6333027482032776
test_17739,0.5907835960388184
test_17740,0.0026455512270331383
test_17741,0.2610788345336914
test_17742,0.1843658685684204
test_17743,0.9999817609786987
test_17744,0.8683935403823853
test_17745,3.0602325296058552e-06
test_17746,0.0022375781554728746
test_17747,0.0046354481019079685
test_17748,0.8910625576972961
test_17749,0.5656264424324036
test_17750,0.741381049156189
test_17751,0.8456329703330994
test_17752,0.30567219853401184
test_17753,0.2506219446659088
test_17754,0.00011596135300351307
test_17755,0.23097342252731323
test_17756,0.050722166895866394
test_17757,0.08406759053468704
test_17758,0.159947007894516
test_17759,0.8962611556053162
test_17760,0.9963533878326416
test_17761,0.386152058839798
test_17762,0.6174665093421936
test_17763,0.6972885131835938
test_17764,0.0022540800273418427
test_17765,0.962940514087677
test_17766,0.27469590306282043
test_17767,0.6083596348762512
test_17768,0.9999804496765137
test_17769,0.00019867649825755507
test_17770,0.9972080588340759
test_17771,0.1330443024635315
test_17772,0.35025903582572937
test_17773,1.205657099490054e-05
test_17774,0.1878860890865326
test_17775,0.606459379196167
test_17776,0.9997559189796448
test_17777,0.00021000480046495795
test_17778,0.12531539797782898
test_17779,8.844424155540764e-05
test_17780,0.9999120235443115
test_17781,2.203359372288105e-06
test_17782,0.9994970560073853
test_17783,4.812222869077232e-06
test_17784,0.5908995866775513
test_17785,0.9792808890342712
test_17786,0.8540232181549072
test_17787,0.7551152110099792
test_17788,0.9999967813491821
test_17789,0.16777744889259338
test_17790,0.12083447724580765
test_17791,0.9960848093032837
test_17792,0.003005897393450141
test_17793,0.038747817277908325
test_17794,0.0013510030694305897
test_17795,0.5273022055625916
test_17796,0.656658411026001
test_17797,0.9907146692276001
test_17798,0.00032921641832217574
test_17799,0.007572825066745281
test_17800,0.742045521736145
test_17801,0.346182256937027
test_17802,0.8189701437950134
test_17803,0.005137307569384575
test_17804,0.45593488216400146
test_17805,0.0011545362649485469
test_17806,0.9789430499076843
test_17807,0.0002671746478881687
test_17808,0.5351919531822205
test_17809,0.16873542964458466
test_17810,0.9171026945114136
test_17811,0.5076964497566223
test_17812,0.5327726602554321
test_17813,0.2922324538230896
test_17814,0.9485915899276733
test_17815,0.6546819806098938
test_17816,0.9980853796005249
test_17817,0.9086127281188965
test_17818,0.016575004905462265
test_17819,0.9441729784011841
test_17820,0.00048743202933110297
test_17821,0.9132474660873413
test_17822,0.28217485547065735
test_17823,0.04568568989634514
test_17824,0.7432376742362976
test_17825,0.011969017796218395
test_17826,0.8453527688980103
test_17827,0.24991241097450256
test_17828,0.9999655485153198
test_17829,0.9723043441772461
test_17830,0.9990366697311401
test_17831,4.309595897211693e-05
test_17832,1.371512610148784e-07
test_17833,0.9999712705612183
test_17834,0.2820298969745636
test_17835,0.9995298385620117
test_17836,0.996780276298523
test_17837,0.9960249662399292
test_17838,0.9946500658988953
test_17839,0.9999183416366577
test_17840,0.776819109916687
test_17841,0.9372968673706055
test_17842,0.9999821186065674
test_17843,0.004248355515301228
test_17844,0.020878395065665245
test_17845,0.9652218818664551
test_17846,0.0002417305513517931
test_17847,0.967843234539032
test_17848,0.9505406618118286
test_17849,2.0908640863126493e-07
test_17850,0.6118909120559692
test_17851,0.07171881943941116
test_17852,0.9851269125938416
test_17853,0.7508475184440613
test_17854,1.2216187315061688e-05
test_17855,6.746171857230365e-05
test_17856,0.9999444484710693
test_17857,0.060941170901060104
test_17858,0.6349585056304932
test_17859,0.2782774567604065
test_17860,0.41595467925071716
test_17861,0.9764007925987244
test_17862,0.9996023774147034
test_17863,0.11204661428928375
test_17864,0.039502158761024475
test_17865,0.8252406716346741
test_17866,0.21585418283939362
test_17867,0.3073117733001709
test_17868,0.020088963210582733
test_17869,0.00019030731345992535
test_17870,0.9892609119415283
test_17871,0.47689229249954224
test_17872,0.1626315414905548
test_17873,0.9381603002548218
test_17874,0.6925349831581116
test_17875,0.9961639642715454
test_17876,0.012452098540961742
test_17877,5.589547072304413e-05
test_17878,0.9919885993003845
test_17879,0.9999836683273315
test_17880,0.13594307005405426
test_17881,0.7556848526000977
test_17882,0.053916994482278824
test_17883,0.2151823788881302
test_17884,0.9672233462333679
test_17885,0.9468485713005066
test_17886,0.072727270424366
test_17887,0.9998477697372437
test_17888,0.3523746132850647
test_17889,0.0035619810223579407
test_17890,0.13712488114833832
test_17891,0.9998984336853027
test_17892,0.9999908208847046
test_17893,0.6736753582954407
test_17894,0.9800353646278381
test_17895,0.3354823887348175
test_17896,0.9079430103302002
test_17897,0.04803064092993736
test_17898,0.6861581206321716
test_17899,1.0000856491387822e-05
test_17900,0.9342336058616638
test_17901,0.024793876335024834
test_17902,0.819555938243866
test_17903,0.9816423654556274
test_17904,0.9999990463256836
test_17905,0.5270116329193115
test_17906,0.848341703414917
test_17907,0.1819920688867569
test_17908,0.7011759877204895
test_17909,0.9820277690887451
test_17910,0.048804737627506256
test_17911,1.3697518852495705e-07
test_17912,0.9675878286361694
test_17913,0.9608853459358215
test_17914,0.17062781751155853
test_17915,0.9999986886978149
test_17916,0.08626707643270493
test_17917,0.0001911203289637342
test_17918,0.389236718416214
test_17919,0.0002358302881475538
test_17920,3.417954303586157e-06
test_17921,0.9989412426948547
test_17922,0.6587649583816528
test_17923,0.0232324730604887
test_17924,0.290427565574646
test_17925,0.5569837689399719
test_17926,7.357627396231692e-07
test_17927,0.7505798935890198
test_17928,0.989015519618988
test_17929,0.33586299419403076
test_17930,0.9999910593032837
test_17931,0.9999631643295288
test_17932,0.07343032211065292
test_17933,0.9989866614341736
test_17934,0.035888127982616425
test_17935,0.0019506568787619472
test_17936,0.9749933481216431
test_17937,0.15422818064689636
test_17938,0.39735859632492065
test_17939,0.9875242710113525
test_17940,0.9999986886978149
test_17941,0.3210738003253937
test_17942,0.9999969005584717
test_17943,0.9938910007476807
test_17944,0.9999984502792358
test_17945,6.596720595553052e-06
test_17946,0.9971940517425537
test_17947,0.014459997415542603
test_17948,0.45414960384368896
test_17949,0.46341368556022644
test_17950,0.044897597283124924
test_17951,0.12944155931472778
test_17952,0.11245657503604889
test_17953,0.9998490810394287
test_17954,0.07332590967416763
test_17955,6.909630883455975e-06
test_17956,0.70661461353302
test_17957,0.0006112103583291173
test_17958,0.016909917816519737
test_17959,5.431189129012637e-05
test_17960,0.020355435088276863
test_17961,0.13131150603294373
test_17962,0.06511320918798447
test_17963,0.3311907649040222
test_17964,0.9908170700073242
test_17965,0.9999604225158691
test_17966,0.9242278337478638
test_17967,0.6384723782539368
test_17968,0.21184080839157104
test_17969,0.009674596600234509
test_17970,0.0016921550268307328
test_17971,0.9985954165458679
test_17972,0.3394518792629242
test_17973,0.9822326898574829
test_17974,0.31483739614486694
test_17975,0.24487750232219696
test_17976,0.27955254912376404
test_17977,1.7677473351795925e-07
test_17978,0.9999988079071045
test_17979,0.8057761192321777
test_17980,0.9870499968528748
test_17981,0.8258523344993591
test_17982,0.9838880896568298
test_17983,0.1929354965686798
test_17984,0.16186775267124176
test_17985,0.18312564492225647
test_17986,1.5253754099830985e-05
test_17987,0.9370984435081482
test_17988,0.9997429251670837
test_17989,0.7893968224525452
test_17990,8.754195732763037e-07
test_17991,0.9243390560150146
test_17992,0.9725893139839172
test_17993,0.0010544743854552507
test_17994,0.006092986091971397
test_17995,0.0021068656351417303
test_17996,0.384054034948349
test_17997,0.43043291568756104
test_17998,0.167139932513237
test_17999,0.9964229464530945
test_18000,0.2978224754333496
test_18001,0.01306424755603075
test_18002,0.9893848299980164
test_18003,0.7985103130340576
test_18004,0.03984441980719566
test_18005,0.9999994039535522
test_18006,0.8588711023330688
test_18007,0.7506790161132812
test_18008,0.999634861946106
test_18009,0.9982682466506958
test_18010,0.12481746077537537
test_18011,0.9682120680809021
test_18012,0.004964896943420172
test_18013,0.9844022989273071
test_18014,0.00012075851554982364
test_18015,5.853986294823699e-06
test_18016,0.2542451024055481
test_18017,0.011601888574659824
test_18018,0.001099520013667643
test_18019,0.001564482692629099
test_18020,0.6469164490699768
test_18021,0.21967247128486633
test_18022,0.9995239973068237
test_18023,0.9999817609786987
test_18024,7.41316398489289e-05
test_18025,0.0016207811422646046
test_18026,0.2847895324230194
test_18027,1.637576815483044e-06
test_18028,0.8458989262580872
test_18029,0.049938734620809555
test_18030,0.999950647354126
test_18031,0.999214768409729
test_18032,0.8779594898223877
test_18033,0.9979562759399414
test_18034,0.9946926236152649
test_18035,0.15648698806762695
test_18036,0.9994789958000183
test_18037,0.04343033209443092
test_18038,0.490224689245224
test_18039,0.9067535996437073
test_18040,0.9647274613380432
test_18041,0.6428800821304321
test_18042,0.9999918937683105
test_18043,1.708028321445454e-05
test_18044,0.9854624271392822
test_18045,1.2077308383595664e-05
test_18046,0.12675900757312775
test_18047,0.9660685658454895
test_18048,0.23879389464855194
test_18049,0.9953445792198181
test_18050,0.999969482421875
test_18051,0.0009931485401466489
test_18052,0.8540499806404114
test_18053,0.42525967955589294
test_18054,0.013543541543185711
test_18055,0.5314229130744934
test_18056,0.16102026402950287
test_18057,0.009779451414942741
test_18058,0.9856536984443665
test_18059,0.1105729416012764
test_18060,0.9998832941055298
test_18061,0.9697880148887634
test_18062,0.9999204874038696
test_18063,0.8042841553688049
test_18064,0.9898451566696167
test_18065,0.9344547986984253
test_18066,0.016980629414319992
test_18067,0.9571298956871033
test_18068,0.9580966830253601
test_18069,0.5108636021614075
test_18070,0.9971717000007629
test_18071,0.00013729858619626611
test_18072,0.5506287217140198
test_18073,0.19259579479694366
test_18074,0.052507735788822174
test_18075,0.9932531714439392
test_18076,0.9999862909317017
test_18077,0.00016307363694068044
test_18078,0.9123815298080444
test_18079,0.9927167892456055
test_18080,0.9999964237213135
test_18081,0.8368203639984131
test_18082,0.9999996423721313
test_18083,0.6707532405853271
test_18084,0.9999761581420898
test_18085,0.1567346602678299
test_18086,0.9997256398200989
test_18087,0.009124756790697575
test_18088,0.935836672782898
test_18089,0.0010578311048448086
test_18090,0.33903250098228455
test_18091,0.9970519542694092
test_18092,0.9998132586479187
test_18093,0.8034384846687317
test_18094,0.004907980561256409
test_18095,0.9999207258224487
test_18096,0.9731936454772949
test_18097,0.8876940011978149
test_18098,0.8301135897636414
test_18099,0.9999817609786987
test_18100,0.30963167548179626
test_18101,0.2924480736255646
test_18102,0.9999983310699463
test_18103,0.00640161894261837
test_18104,0.665463924407959
test_18105,0.7995664477348328
test_18106,0.6601790189743042
test_18107,0.09438255429267883
test_18108,0.0006487212376669049
test_18109,0.027768230065703392
test_18110,0.08110371977090836
test_18111,0.11313366889953613
test_18112,0.5647487044334412
test_18113,0.5422013998031616
test_18114,0.8201600909233093
test_18115,0.9614297151565552
test_18116,0.9999997615814209
test_18117,0.01708352379500866
test_18118,0.04058837890625
test_18119,0.40711966156959534
test_18120,0.0023065567947924137
test_18121,0.4666050970554352
test_18122,0.01624605618417263
test_18123,0.946999192237854
test_18124,0.8110103607177734
test_18125,0.9949405193328857
test_18126,0.8057714700698853
test_18127,8.542963769286871e-06
test_18128,0.20665252208709717
test_18129,0.00031183144892565906
test_18130,0.004667246248573065
test_18131,0.9830229878425598
test_18132,1.409487992987124e-07
test_18133,0.012928605079650879
test_18134,0.001405056333169341
test_18135,0.9989112615585327
test_18136,0.013426057063043118
test_18137,0.0007915199385024607
test_18138,0.5827504992485046
test_18139,0.00019736596732400358
test_18140,0.0031526365783065557
test_18141,1.1747195003408706e-06
test_18142,0.0011454293271526694
test_18143,0.6113654971122742
test_18144,0.0015528168296441436
test_18145,0.18185605108737946
test_18146,0.6953132748603821
test_18147,1.2121127213049476e-07
test_18148,0.015324684791266918
test_18149,0.5619272589683533
test_18150,0.8773175477981567
test_18151,0.9523729681968689
test_18152,0.9979091286659241
test_18153,0.00036515723331831396
test_18154,0.9482002258300781
test_18155,0.999737560749054
test_18156,8.876971833160496e-07
test_18157,0.019334152340888977
test_18158,0.22293762862682343
test_18159,0.727586567401886
test_18160,0.9708415865898132
test_18161,0.9847143292427063
test_18162,0.5717738270759583
test_18163,0.00033079637796618044
test_18164,0.998877227306366
test_18165,0.06905173510313034
test_18166,0.2121821939945221
test_18167,0.9999977350234985
test_18168,1.0
test_18169,0.9029224514961243
test_18170,0.9710980653762817
test_18171,0.2855626344680786
test_18172,0.9999725818634033
test_18173,0.9994580149650574
test_18174,0.9762755036354065
test_18175,5.0055528845405206e-05
test_18176,0.9998816251754761
test_18177,0.9764102697372437
test_18178,0.8566390872001648
test_18179,0.9446150064468384
test_18180,7.990294398041442e-05
test_18181,0.7051584124565125
test_18182,0.9991154074668884
test_18183,0.9981579184532166
test_18184,0.8272298574447632
test_18185,0.9962837100028992
test_18186,2.076659484373522e-07
test_18187,3.258854121668264e-05
test_18188,0.4167662560939789
test_18189,0.731299638748169
test_18190,0.9999980926513672
test_18191,0.9650469422340393
test_18192,0.9999686479568481
test_18193,0.9223290085792542
test_18194,0.023623187094926834
test_18195,0.9994810223579407
test_18196,0.9797554016113281
test_18197,0.6413615345954895
test_18198,0.1569131463766098
test_18199,0.5333266258239746
test_18200,0.0029275028500705957
test_18201,0.5588521957397461
test_18202,0.9978471994400024
test_18203,0.6069054007530212
test_18204,0.9867656230926514
test_18205,0.948798656463623
test_18206,0.6430051922798157
test_18207,0.36470359563827515
test_18208,0.0437421053647995
test_18209,0.9992653727531433
test_18210,0.9997491240501404
test_18211,0.05013558641076088
test_18212,0.4238164722919464
test_18213,0.02146332897245884
test_18214,0.000566254137083888
test_18215,0.21206222474575043
test_18216,0.2348538637161255
test_18217,0.006993337534368038
test_18218,0.9513334035873413
test_18219,0.0071501098573207855
test_18220,0.9756234884262085
test_18221,0.046447038650512695
test_18222,0.00011303059727651998
test_18223,0.9391794204711914
test_18224,0.9831058382987976
test_18225,0.9965397119522095
test_18226,0.9986215829849243
test_18227,0.992238461971283
test_18228,0.9913410544395447
test_18229,0.00032208472839556634
test_18230,0.9996776580810547
test_18231,0.6109083294868469
test_18232,0.9319778680801392
test_18233,0.9646896123886108
test_18234,0.0013750342186540365
test_18235,0.9996005892753601
test_18236,0.003163512097671628
test_18237,0.017695248126983643
test_18238,0.5528047680854797
test_18239,0.9999833106994629
test_18240,0.753308892250061
test_18241,0.26485687494277954
test_18242,0.0005799056962132454
test_18243,0.011274282820522785
test_18244,0.9999890327453613
test_18245,0.926124632358551
test_18246,0.9999994039535522
test_18247,0.15164558589458466
test_18248,0.9935302138328552
test_18249,0.11276859045028687
test_18250,2.292497083544731e-05
test_18251,0.08155987411737442
test_18252,0.762874960899353
test_18253,0.9999961853027344
test_18254,0.0007214194047264755
test_18255,0.0007642584969289601
test_18256,0.5940220355987549
test_18257,0.0008358939667232335
test_18258,0.9997727274894714
test_18259,0.02540869079530239
test_18260,0.5294962525367737
test_18261,0.999305009841919
test_18262,0.0061058527790009975
test_18263,0.918889045715332
test_18264,4.691177764470922e-06
test_18265,0.0023384697269648314
test_18266,0.0004790711682289839
test_18267,0.09583108127117157
test_18268,0.9933702945709229
test_18269,0.9703598022460938
test_18270,0.995718777179718
test_18271,0.0009602559148333967
test_18272,1.3812637916998938e-05
test_18273,0.02607220970094204
test_18274,0.012227104976773262
test_18275,0.5046663880348206
test_18276,0.0013595030177384615
test_18277,1.108084870793391e-05
test_18278,0.12929020822048187
test_18279,0.9798754453659058
test_18280,1.0
test_18281,0.00018432791694067419
test_18282,0.5816850662231445
test_18283,0.25447168946266174
test_18284,0.9210466146469116
test_18285,0.9428346157073975
test_18286,8.152258669724688e-05
test_18287,0.012340493500232697
test_18288,0.004230030812323093
test_18289,0.038641609251499176
test_18290,0.9999220371246338
test_18291,5.437257277662866e-05
test_18292,0.3182332515716553
test_18293,0.782594621181488
test_18294,0.5956525802612305
test_18295,0.9895170331001282
test_18296,0.0022436685394495726
test_18297,0.11607334762811661
test_18298,0.9030848741531372
test_18299,0.00018327550787944347
test_18300,0.3651183843612671
test_18301,4.4716798583976924e-05
test_18302,0.0015827504685148597
test_18303,0.01768595166504383
test_18304,0.17921561002731323
test_18305,0.9988319277763367
test_18306,3.916004970960785e-06
test_18307,0.023956075310707092
test_18308,0.012885861098766327
test_18309,0.998842179775238
test_18310,0.8691533803939819
test_18311,0.48546454310417175
test_18312,0.00032264558831229806
test_18313,0.999255359172821
test_18314,0.45022860169410706
test_18315,0.3420247435569763
test_18316,0.985119640827179
test_18317,0.005909365601837635
test_18318,0.683370053768158
test_18319,0.0007537280907854438
test_18320,0.6842445135116577
test_18321,3.5526627470972016e-05
test_18322,0.27337756752967834
test_18323,0.5262366533279419
test_18324,0.9600779414176941
test_18325,0.8463769555091858
test_18326,0.999930739402771
test_18327,0.20250895619392395
test_18328,0.19395045936107635
test_18329,0.9998921155929565
test_18330,0.0016867024824023247
test_18331,0.8460972309112549
test_18332,0.8243201375007629
test_18333,5.848346700076945e-05
test_18334,0.9999790191650391
test_18335,0.18681995570659637
test_18336,1.2817234846806969e-06
test_18337,0.9413261413574219
test_18338,0.2486678808927536
test_18339,0.015534763224422932
test_18340,0.9860593676567078
test_18341,0.0006653236923739314
test_18342,7.258361438289285e-05
test_18343,0.9796519875526428
test_18344,0.9996815919876099
test_18345,0.00469839246943593
test_18346,0.03209012746810913
test_18347,0.26192909479141235
test_18348,0.0569501593708992
test_18349,0.046566806733608246
test_18350,0.4182116389274597
test_18351,0.21698623895645142
test_18352,0.23067405819892883
test_18353,0.32502511143684387
test_18354,0.8536224961280823
test_18355,0.9305430054664612
test_18356,0.003695685649290681
test_18357,0.9996881484985352
test_18358,0.00028330503846518695
test_18359,0.00013100230717100203
test_18360,0.9976981282234192
test_18361,0.9994876384735107
test_18362,0.15542228519916534
test_18363,0.9995393753051758
test_18364,0.054052937775850296
test_18365,0.9988014698028564
test_18366,0.46778303384780884
test_18367,0.016543453559279442
test_18368,0.9998088479042053
test_18369,0.9997754693031311
test_18370,0.9948945045471191
test_18371,0.6080646514892578
test_18372,0.4915239214897156
test_18373,0.0003360540431458503
test_18374,0.9999808073043823
test_18375,0.9900357723236084
test_18376,4.245970194460824e-05
test_18377,0.9040741920471191
test_18378,0.6937063336372375
test_18379,0.8666673898696899
test_18380,0.0015973869012668729
test_18381,0.864323079586029
test_18382,0.5913122296333313
test_18383,0.99650639295578
test_18384,0.3716222941875458
test_18385,0.9971151351928711
test_18386,0.7135151028633118
test_18387,0.0016572545282542706
test_18388,0.9999575614929199
test_18389,0.9996364116668701
test_18390,0.8030314445495605
test_18391,2.3190994397737086e-05
test_18392,0.985957682132721
test_18393,0.9488784074783325
test_18394,0.00041847839020192623
test_18395,8.183664613170549e-05
test_18396,0.05237963795661926
test_18397,0.9985957741737366
test_18398,0.9872358441352844
test_18399,0.9572200179100037
test_18400,0.06041589006781578
test_18401,0.9954837560653687
test_18402,0.9668245911598206
test_18403,0.9999886751174927
test_18404,0.17987500131130219
test_18405,0.015488794073462486
test_18406,0.9158259630203247
test_18407,0.27766484022140503
test_18408,0.972032904624939
test_18409,0.04369940981268883
test_18410,0.9360100030899048
test_18411,0.8869975209236145
test_18412,0.9395676851272583
test_18413,0.999146580696106
test_18414,0.26357001066207886
test_18415,0.023937636986374855
test_18416,0.999854564666748
test_18417,0.00027366739232093096
test_18418,0.9865216612815857
test_18419,0.9913396239280701
test_18420,0.5152782797813416
test_18421,0.9437357783317566
test_18422,0.7623604536056519
test_18423,0.9879422783851624
test_18424,0.6311220526695251
test_18425,8.349704216925602e-07
test_18426,0.9925722479820251
test_18427,0.8075860738754272
test_18428,0.015153249725699425
test_18429,8.565559255657718e-05
test_18430,0.9811228513717651
test_18431,0.9997606873512268
test_18432,1.1767136129492428e-05
test_18433,0.9999996423721313
test_18434,0.9955052137374878
test_18435,0.8955274224281311
test_18436,0.928372859954834
test_18437,0.009193984791636467
test_18438,0.03348197042942047
test_18439,0.9885799288749695
test_18440,0.006497476249933243
test_18441,0.28587010502815247
test_18442,0.9156484603881836
test_18443,0.5592613220214844
test_18444,1.075372529157903e-05
test_18445,0.5913415551185608
test_18446,0.9913357496261597
test_18447,0.17931127548217773
test_18448,0.00016251821944024414
test_18449,0.0004246485186740756
test_18450,0.3686261773109436
test_18451,0.0023402972146868706
test_18452,0.22631734609603882
test_18453,0.9999998807907104
test_18454,0.6539036631584167
test_18455,0.9802485108375549
test_18456,0.0053911879658699036
test_18457,0.7503753900527954
test_18458,0.900956928730011
test_18459,0.9753140807151794
test_18460,0.9994290471076965
test_18461,0.05740328133106232
test_18462,0.9979761242866516
test_18463,0.9071099162101746
test_18464,0.9896978735923767
test_18465,0.005105046555399895
test_18466,0.9998044371604919
test_18467,0.03604615107178688
test_18468,0.005279650446027517
test_18469,0.0008056467049755156
test_18470,0.8332933783531189
test_18471,0.6235208511352539
test_18472,6.939122613403015e-06
test_18473,0.9999738931655884
test_18474,0.6322766542434692
test_18475,0.05154263600707054
test_18476,0.9317266345024109
test_18477,0.011347983032464981
test_18478,0.6074878573417664
test_18479,0.7598679661750793
test_18480,0.263143926858902
test_18481,0.9348452687263489
test_18482,2.118003976647742e-05
test_18483,0.998320996761322
test_18484,0.561225950717926
test_18485,0.6534472107887268
test_18486,0.0015173814026638865
test_18487,0.0072329044342041016
test_18488,0.9592552781105042
test_18489,0.0009533900301903486
test_18490,0.9808759689331055
test_18491,4.3349537008907646e-05
test_18492,1.6599686205154285e-05
test_18493,0.0062246364541351795
test_18494,0.37002861499786377
test_18495,0.9999924898147583
test_18496,0.02077864669263363
test_18497,0.952519953250885
test_18498,0.9999935626983643
test_18499,1.2067004718119279e-05
test_18500,0.0001694852253422141
test_18501,0.9999806880950928
test_18502,0.5139025449752808
test_18503,0.0040644994005560875
test_18504,0.9215822219848633
test_18505,0.007059258408844471
test_18506,0.9999785423278809
test_18507,0.999920129776001
test_18508,0.0024680239148437977
test_18509,0.9805700182914734
test_18510,0.9257238507270813
test_18511,0.44138121604919434
test_18512,0.9884806871414185
test_18513,5.923593562329188e-05
test_18514,0.4672093391418457
test_18515,0.0006707205320708454
test_18516,0.9380680918693542
test_18517,0.998847246170044
test_18518,0.8379205465316772
test_18519,0.9996846914291382
test_18520,0.25519508123397827
test_18521,0.003354596206918359
test_18522,0.006562088616192341
test_18523,0.9763891100883484
test_18524,0.5583645105361938
test_18525,0.7653681039810181
test_18526,0.971347987651825
test_18527,0.050353847444057465
test_18528,1.4272036423790269e-05
test_18529,1.0
test_18530,0.6530636548995972
test_18531,0.9999960660934448
test_18532,0.003615003079175949
test_18533,0.9991810917854309
test_18534,1.0070896223624004e-06
test_18535,0.03152156621217728
test_18536,0.999987006187439
test_18537,0.9874649047851562
test_18538,0.6629629731178284
test_18539,0.5712580680847168
test_18540,0.2128155380487442
test_18541,0.5039102435112
test_18542,0.02508632279932499
test_18543,0.9999914169311523
test_18544,0.4192170202732086
test_18545,0.9973646998405457
test_18546,0.9979913234710693
test_18547,0.9611603617668152
test_18548,0.9678110480308533
test_18549,0.8231562972068787
test_18550,0.9998756647109985
test_18551,0.9263015389442444
test_18552,2.0516381482593715e-07
test_18553,0.11773326247930527
test_18554,0.9999935626983643
test_18555,0.7812726497650146
test_18556,0.1948162168264389
test_18557,0.8981406092643738
test_18558,0.9559711813926697
test_18559,0.9982438087463379
test_18560,0.0938841700553894
test_18561,0.4827498495578766
test_18562,0.9884361028671265
test_18563,0.9691867828369141
test_18564,0.48038995265960693
test_18565,0.5833393931388855
test_18566,0.44356244802474976
test_18567,0.88857102394104
test_18568,0.4710719883441925
test_18569,0.9999648332595825
test_18570,0.0063227321952581406
test_18571,0.009389729239046574
test_18572,0.0001339726586593315
test_18573,0.5952082276344299
test_18574,0.6289189457893372
test_18575,1.0621308319969103e-05
test_18576,0.010639423504471779
test_18577,0.0905231162905693
test_18578,0.9935050010681152
test_18579,0.21328726410865784
test_18580,0.8803769946098328
test_18581,0.00010658923565642908
test_18582,0.9504179954528809
test_18583,0.0009786596056073904
test_18584,0.5668336153030396
test_18585,0.08996308594942093
test_18586,0.9995847344398499
test_18587,0.42158934473991394
test_18588,0.883484423160553
test_18589,0.03936074674129486
test_18590,0.9999977350234985
test_18591,0.03302183002233505
test_18592,0.014905691146850586
test_18593,0.037465889006853104
test_18594,0.00027384512941353023
test_18595,0.9975336790084839
test_18596,0.9976575374603271
test_18597,0.9998248219490051
test_18598,0.9999434947967529
test_18599,0.9958276152610779
test_18600,0.8977161645889282
test_18601,0.9936489462852478
test_18602,0.997523844242096
test_18603,0.6357812881469727
test_18604,0.17635305225849152
test_18605,0.014536993578076363
test_18606,0.942793607711792
test_18607,0.42493370175361633
test_18608,1.0842202755156904e-05
test_18609,7.806441431057465e-07
test_18610,0.6352078318595886
test_18611,0.9406816959381104
test_18612,0.9895526766777039
test_18613,0.8098481297492981
test_18614,0.0068399906158447266
test_18615,0.9443744421005249
test_18616,6.595634476980194e-05
test_18617,0.9844275116920471
test_18618,0.3537275791168213
test_18619,0.9552280306816101
test_18620,0.9913691878318787
test_18621,0.22962582111358643
test_18622,0.0015134772984310985
test_18623,0.999982476234436
test_18624,0.0630699023604393
test_18625,0.829934298992157
test_18626,0.03076164796948433
test_18627,0.3339304029941559
test_18628,0.3370354175567627
test_18629,0.3492030203342438
test_18630,0.9999812841415405
test_18631,3.682779424707405e-05
test_18632,0.004884902387857437
test_18633,0.0006429970962926745
test_18634,0.9999611377716064
test_18635,0.9700295329093933
test_18636,0.09673231095075607
test_18637,0.9999697208404541
test_18638,7.565737547565732e-08
test_18639,0.8113850355148315
test_18640,0.7840025424957275
test_18641,0.587265133857727
test_18642,0.30955368280410767
test_18643,4.3789600567833986e-07
test_18644,0.009394644759595394
test_18645,0.09677600115537643
test_18646,0.9949595928192139
test_18647,0.15157867968082428
test_18648,0.7742559313774109
test_18649,0.1811964362859726
test_18650,0.07600323110818863
test_18651,0.999794065952301
test_18652,0.2714358866214752
test_18653,0.0010833105770871043
test_18654,2.9085826099617407e-05
test_18655,0.9614791870117188
test_18656,0.0004715684335678816
test_18657,1.008829485726892e-06
test_18658,0.009153313003480434
test_18659,0.04657335579395294
test_18660,0.982302725315094
test_18661,2.5937435566447675e-05
test_18662,0.009945100173354149
test_18663,0.37252873182296753
test_18664,0.6112649440765381
test_18665,0.12749862670898438
test_18666,0.910250186920166
test_18667,0.9987127780914307
test_18668,0.9995063543319702
test_18669,0.9999523162841797
test_18670,0.02945893071591854
test_18671,0.004861914087086916
test_18672,0.0006336173973977566
test_18673,0.5757196545600891
test_18674,0.02633262798190117
test_18675,0.04761544615030289
test_18676,0.8454024195671082
test_18677,0.14546336233615875
test_18678,0.02330746315419674
test_18679,0.9947435855865479
test_18680,0.9999856948852539
test_18681,0.9997296929359436
test_18682,0.9834377765655518
test_18683,0.9741514325141907
test_18684,0.9998828172683716
test_18685,0.5234466195106506
test_18686,0.994666576385498
test_18687,0.9992369413375854
test_18688,0.004341172054409981
test_18689,0.9879883527755737
test_18690,0.5704363584518433
test_18691,0.9657765030860901
test_18692,0.017746228724718094
test_18693,0.9999970197677612
test_18694,0.0012689009308815002
test_18695,0.35129421949386597
test_18696,0.999966025352478
test_18697,7.367679063463584e-05
test_18698,0.01289493776857853
test_18699,0.4891400933265686
test_18700,0.9938854575157166
test_18701,0.4138561189174652
test_18702,0.3591146469116211
test_18703,0.025381093844771385
test_18704,0.994239091873169
test_18705,0.4319479167461395
test_18706,0.9483391642570496
test_18707,0.6540658473968506
test_18708,0.34450191259384155
test_18709,0.7433061003684998
test_18710,0.790104866027832
test_18711,0.9995717406272888
test_18712,0.11064058542251587
test_18713,0.9996147155761719
test_18714,0.003310910426080227
test_18715,0.9635670781135559
test_18716,0.814880907535553
test_18717,0.326122522354126
test_18718,0.6345115900039673
test_18719,0.9470332860946655
test_18720,0.009112848900258541
test_18721,0.8229568004608154
test_18722,0.7240759134292603
test_18723,0.8046531677246094
test_18724,0.9147455096244812
test_18725,0.4079307019710541
test_18726,0.49728792905807495
test_18727,0.29478001594543457
test_18728,0.7028713822364807
test_18729,0.6535326838493347
test_18730,0.02847699634730816
test_18731,0.9997642636299133
test_18732,3.789680340560153e-05
test_18733,0.9999991655349731
test_18734,0.9797698259353638
test_18735,0.004978396464139223
test_18736,0.9718030691146851
test_18737,0.6316806077957153
test_18738,0.0008568892371840775
test_18739,0.5242282748222351
test_18740,0.007833951152861118
test_18741,0.026630675420165062
test_18742,0.011438535526394844
test_18743,0.0382334403693676
test_18744,0.9999759197235107
test_18745,0.9986566305160522
test_18746,0.972388744354248
test_18747,9.202471119351685e-06
test_18748,0.850210428237915
test_18749,0.9543840289115906
test_18750,0.6126329898834229
test_18751,0.7766209840774536
test_18752,0.01835552789270878
test_18753,0.9988330006599426
test_18754,0.7747803926467896
test_18755,0.38975441455841064
test_18756,0.2935217320919037
test_18757,0.6164038777351379
test_18758,0.07099156081676483
test_18759,0.8040987849235535
test_18760,5.277804666548036e-05
test_18761,0.39560815691947937
test_18762,0.9999550580978394
test_18763,0.34937936067581177
test_18764,0.7310216426849365
test_18765,0.0891704112291336
test_18766,0.8122959733009338
test_18767,0.9999973773956299
test_18768,7.031868153717369e-05
test_18769,2.0897427020827308e-05
test_18770,0.9791712164878845
test_18771,1.0197685696766712e-05
test_18772,0.0005062048439867795
test_18773,0.7406876683235168
test_18774,0.0006809140904806554
test_18775,0.0004983453545719385
test_18776,0.011680347844958305
test_18777,0.0017702811164781451
test_18778,0.9999932050704956
test_18779,0.34401440620422363
test_18780,0.24263045191764832
test_18781,0.0400782972574234
test_18782,0.9964205026626587
test_18783,0.007625131402164698
test_18784,2.8307845241215546e-06
test_18785,0.884295642375946
test_18786,0.0615268275141716
test_18787,0.9999995231628418
test_18788,0.9989557266235352
test_18789,8.010266174096614e-05
test_18790,2.2416061256080866e-05
test_18791,0.0010141428792849183
test_18792,0.998747706413269
test_18793,0.0001509377034381032
test_18794,0.9703084826469421
test_18795,1.9229162262490718e-07
test_18796,0.9999527931213379
test_18797,0.9999908208847046
test_18798,0.3550763726234436
test_18799,0.9989513158798218
test_18800,0.728580892086029
test_18801,0.10352393239736557
test_18802,0.9999995231628418
test_18803,0.19626033306121826
test_18804,2.3265602067112923e-05
test_18805,0.4565618336200714
test_18806,0.9540929794311523
test_18807,0.00108311977237463
test_18808,0.06701751798391342
test_18809,0.0008197641000151634
test_18810,0.007674635387957096
test_18811,0.867855429649353
test_18812,2.58508293882187e-06
test_18813,0.982313334941864
test_18814,0.9995101690292358
test_18815,0.33466637134552
test_18816,0.7645192742347717
test_18817,1.2536629867554439e-07
test_18818,0.07133124023675919
test_18819,0.9979856014251709
test_18820,0.5942859053611755
test_18821,0.9999997615814209
test_18822,0.9936850666999817
test_18823,0.9999990463256836
test_18824,0.0006630246643908322
test_18825,0.9670628905296326
test_18826,0.0009512084070593119
test_18827,0.028872011229395866
test_18828,0.1554442197084427
test_18829,0.0006857216940261424
test_18830,0.12019665539264679
test_18831,0.9999743700027466
test_18832,0.0008551775827072561
test_18833,0.025995638221502304
test_18834,0.9996727705001831
test_18835,0.9999219179153442
test_18836,0.9932798743247986
test_18837,0.14453673362731934
test_18838,0.4343215823173523
test_18839,0.9997357726097107
test_18840,0.4655229449272156
test_18841,0.009469253942370415
test_18842,0.2851763665676117
test_18843,0.9113731980323792
test_18844,1.419368800270604e-06
test_18845,0.2897341549396515
test_18846,0.5962545275688171
test_18847,0.07878447324037552
test_18848,0.6358124613761902
test_18849,0.9517149925231934
test_18850,0.05657193809747696
test_18851,0.9179154634475708
test_18852,0.0021634241566061974
test_18853,0.8131383061408997
test_18854,0.9831015467643738
test_18855,0.004770020022988319
test_18856,0.06572176516056061
test_18857,0.011473662219941616
test_18858,0.9854169487953186
test_18859,0.0010275699896737933
test_18860,0.9975870847702026
test_18861,0.002402409678325057
test_18862,0.019527951255440712
test_18863,0.0013483628863468766
test_18864,0.1152525395154953
test_18865,0.00045053305802866817
test_18866,0.05828845128417015
test_18867,0.9392381310462952
test_18868,0.0011152123333886266
test_18869,0.5901181697845459
test_18870,0.47707629203796387
test_18871,0.002469309838488698
test_18872,0.353605180978775
test_18873,0.9922999143600464
test_18874,0.5982043147087097
test_18875,0.21154816448688507
test_18876,0.9912477135658264
test_18877,0.00527750002220273
test_18878,0.7912367582321167
test_18879,0.04013897106051445
test_18880,0.8602721095085144
test_18881,0.9998631477355957
test_18882,0.34723711013793945
test_18883,0.843334972858429
test_18884,0.01010902225971222
test_18885,0.020264150574803352
test_18886,0.16035258769989014
test_18887,0.474956750869751
test_18888,0.0001327752834185958
test_18889,0.07173154503107071
test_18890,0.00010302005830453709
test_18891,8.386453487219114e-07
test_18892,0.999313473701477
test_18893,0.8331983685493469
test_18894,0.2968710660934448
test_18895,0.9548078775405884
test_18896,0.9314732551574707
test_18897,0.9981675148010254
test_18898,0.9974724650382996
test_18899,0.4115932583808899
test_18900,0.9032796025276184
test_18901,0.13983692228794098
test_18902,0.9950954914093018
test_18903,0.14421972632408142
test_18904,0.5656805634498596
test_18905,0.498649924993515
test_18906,0.008211102336645126
test_18907,3.965549240092514e-07
test_18908,0.10704659670591354
test_18909,0.999538779258728
test_18910,0.038313426077365875
test_18911,0.1546720415353775
test_18912,0.9995918869972229
test_18913,0.03141536936163902
test_18914,0.02388906292617321
test_18915,0.22696273028850555
test_18916,3.201619165338343e-06
test_18917,0.5866903066635132
test_18918,0.9999995231628418
test_18919,0.6702913641929626
test_18920,0.018419470638036728
test_18921,0.999982476234436
test_18922,0.0001579494564794004
test_18923,0.9972780346870422
test_18924,1.279779695551042e-07
test_18925,0.01799205131828785
test_18926,1.1144535960738722e-07
test_18927,0.999980092048645
test_18928,1.0725692845880985e-05
test_18929,0.8498457074165344
test_18930,0.9958143830299377
test_18931,0.9997908473014832
test_18932,0.0001657515240367502
test_18933,0.8621823191642761
test_18934,0.9999910593032837
test_18935,0.0030554714612662792
test_18936,0.42182475328445435
test_18937,0.9982950091362
test_18938,5.5063224863260984e-05
test_18939,0.02808370813727379
test_18940,0.020815134048461914
test_18941,0.7644909024238586
test_18942,2.6630563297658227e-05
test_18943,0.3535471558570862
test_18944,4.664842890633736e-06
test_18945,0.9991601705551147
test_18946,1.694521779427305e-05
test_18947,0.8939380049705505
test_18948,0.59449303150177
test_18949,0.4343785345554352
test_18950,0.27331534028053284
test_18951,0.0007387399673461914
test_18952,0.276367723941803
test_18953,0.7718774080276489
test_18954,0.9999080896377563
test_18955,0.9296325445175171
test_18956,0.0010922966757789254
test_18957,0.9978027939796448
test_18958,0.9177688360214233
test_18959,2.9261042072903365e-05
test_18960,0.22701869904994965
test_18961,0.3836720287799835
test_18962,0.0007664643926545978
test_18963,0.1436309516429901
test_18964,0.0017174351960420609
test_18965,0.061953023076057434
test_18966,0.999942421913147
test_18967,0.9999858140945435
test_18968,0.16582654416561127
test_18969,0.999589741230011
test_18970,9.427392200223039e-08
test_18971,0.9502167105674744
test_18972,0.7487606406211853
test_18973,0.9306649565696716
test_18974,0.9680901765823364
test_18975,0.9984017014503479
test_18976,0.9994744658470154
test_18977,0.9997345805168152
test_18978,0.9999909400939941
test_18979,0.9814429879188538
test_18980,0.9999978542327881
test_18981,0.0038557061925530434
test_18982,0.0015985043719410896
test_18983,0.6757283806800842
test_18984,0.9981470108032227
test_18985,0.0002413059410173446
test_18986,0.7501773834228516
test_18987,0.9700756669044495
test_18988,0.03796369582414627
test_18989,0.9995681643486023
test_18990,0.5305241346359253
test_18991,0.9998169541358948
test_18992,0.0005796788609586656
test_18993,0.9998993873596191
test_18994,0.9037328958511353
test_18995,0.47717180848121643
test_18996,0.0003537347074598074
test_18997,0.031628821045160294
test_18998,0.9999936819076538
test_18999,0.40741369128227234
test_19000,0.9999996423721313
test_19001,0.0018027148908004165
test_19002,0.2630106806755066
test_19003,0.0009624394588172436
test_19004,0.944533109664917
test_19005,0.17779268324375153
test_19006,0.39682450890541077
test_19007,0.2870921194553375
test_19008,0.06551516801118851
test_19009,0.019415531307458878
test_19010,0.9916778802871704
test_19011,0.013577346689999104
test_19012,0.024807849898934364
test_19013,0.007218543905764818
test_19014,0.9996877908706665
test_19015,0.02647654339671135
test_19016,0.9996210336685181
test_19017,0.9210130572319031
test_19018,0.25489625334739685
test_19019,0.9683082103729248
test_19020,0.9933683276176453
test_19021,0.1002313494682312
test_19022,0.9895533323287964
test_19023,0.00010644997382769361
test_19024,0.6107568144798279
test_19025,0.8802844285964966
test_19026,0.9999417066574097
test_19027,0.1270556002855301
test_19028,0.20759309828281403
test_19029,0.9978660941123962
test_19030,0.26882973313331604
test_19031,0.9988621473312378
test_19032,0.12442915886640549
test_19033,0.9192858934402466
test_19034,0.4068906009197235
test_19035,0.00263974885456264
test_19036,0.02251235395669937
test_19037,0.8726764917373657
test_19038,7.985463525983505e-06
test_19039,0.019001862034201622
test_19040,0.9895901083946228
test_19041,0.39232391119003296
test_19042,0.998276948928833
test_19043,0.955396831035614
test_19044,0.264739990234375
test_19045,0.04044880345463753
test_19046,0.9782017469406128
test_19047,0.9043238162994385
test_19048,0.32514822483062744
test_19049,0.9893258810043335
test_19050,0.9999072551727295
test_19051,0.00096164207207039
test_19052,0.1435418426990509
test_19053,0.9701476693153381
test_19054,2.167464799640584e-06
test_19055,0.9988393187522888
test_19056,0.467683881521225
test_19057,0.9999831914901733
test_19058,0.0007556964992545545
test_19059,2.6708914901973912e-06
test_19060,0.23893782496452332
test_19061,0.7867880463600159
test_19062,0.0010862635681405663
test_19063,0.9851701855659485
test_19064,0.00012932020763400942
test_19065,0.2399217039346695
test_19066,0.1391265094280243
test_19067,0.9441852569580078
test_19068,0.9999991655349731
test_19069,3.741039108717814e-06
test_19070,0.260992169380188
test_19071,0.44859078526496887
test_19072,0.009195192717015743
test_19073,0.9999971389770508
test_19074,0.9999995231628418
test_19075,0.7988003492355347
test_19076,0.9991011619567871
test_19077,1.1699706448098368e-07
test_19078,0.006239629816263914
test_19079,0.5163450241088867
test_19080,0.030418625101447105
test_19081,0.6765424013137817
test_19082,0.5998345017433167
test_19083,0.26287877559661865
test_19084,0.4468746781349182
test_19085,0.01107680331915617
test_19086,0.0015409772749990225
test_19087,1.3931143257650547e-05
test_19088,0.00037851411616429687
test_19089,0.8265703320503235
test_19090,0.00019216813961975276
test_19091,0.956139087677002
test_19092,0.660070538520813
test_19093,0.7354276180267334
test_19094,4.8082834837259725e-05
test_19095,0.0023135198280215263
test_19096,0.9999517202377319
test_19097,0.03092833235859871
test_19098,0.4233960211277008
test_19099,0.999997615814209
test_19100,0.00018601014744490385
test_19101,0.9998658895492554
test_19102,3.7483960113604553e-07
test_19103,0.009209766052663326
test_19104,0.0870913490653038
test_19105,0.9979798197746277
test_19106,7.415185973513871e-05
test_19107,0.9999984502792358
test_19108,0.43268904089927673
test_19109,0.7307344675064087
test_19110,0.24763254821300507
test_19111,0.002552200108766556
test_19112,0.9999130964279175
test_19113,0.30618834495544434
test_19114,0.0010986154666170478
test_19115,0.000401452329242602
test_19116,0.8804053664207458
test_19117,0.8522524237632751
test_19118,4.965550033375621e-05
test_19119,0.3063693940639496
test_19120,0.10691770911216736
test_19121,0.9999969005584717
test_19122,0.965527355670929
test_19123,0.9999653100967407
test_19124,0.0012262044474482536
test_19125,0.9997065663337708
test_19126,0.5083475112915039
test_19127,0.767888605594635
test_19128,0.10682598501443863
test_19129,0.01465136744081974
test_19130,0.6343387961387634
test_19131,0.7587928771972656
test_19132,0.08675476908683777
test_19133,0.8512061834335327
test_19134,0.06292299181222916
test_19135,3.408940528970561e-06
test_19136,0.9996620416641235
test_19137,0.8152780532836914
test_19138,0.8358884453773499
test_19139,0.5914052724838257
test_19140,0.9994397759437561
test_19141,0.0011256331345066428
test_19142,0.9203308820724487
test_19143,0.0002959551347885281
test_19144,0.6950731873512268
test_19145,0.9997226595878601
test_19146,0.9713185429573059
test_19147,0.999976634979248
test_19148,0.9999582767486572
test_19149,0.9975553154945374
test_19150,0.005162250250577927
test_19151,6.054865298210643e-05
test_19152,0.9817789793014526
test_19153,0.6831022500991821
test_19154,0.2133408486843109
test_19155,0.8576360940933228
test_19156,0.9841625690460205
test_19157,0.6216821074485779
test_19158,0.9991944432258606
test_19159,0.9705027937889099
test_19160,4.795231234311359e-06
test_19161,0.1599494218826294
test_19162,0.000935262767598033
test_19163,0.4110357463359833
test_19164,0.049189966171979904
test_19165,0.008833277970552444
test_19166,0.6484991908073425
test_19167,0.8865146636962891
test_19168,0.9461501836776733
test_19169,0.007836111821234226
test_19170,0.998777449131012
test_19171,0.999991774559021
test_19172,0.7986932396888733
test_19173,0.9951908588409424
test_19174,0.7490823268890381
test_19175,0.1166287288069725
test_19176,0.010948320850729942
test_19177,0.9964317083358765
test_19178,0.5978605151176453
test_19179,0.540174663066864
test_19180,0.4983378052711487
test_19181,0.12206209450960159
test_19182,0.005136069841682911
test_19183,0.9999396800994873
test_19184,0.9717450737953186
test_19185,0.4685739278793335
test_19186,0.0069660609588027
test_19187,0.7466158270835876
test_19188,0.9017457365989685
test_19189,0.9749727249145508
test_19190,0.7525759935379028
test_19191,8.781163160165306e-06
test_19192,0.9883629679679871
test_19193,0.0001917069312185049
test_19194,1.611265609824386e-08
test_19195,9.774769296200247e-07
test_19196,0.9997279047966003
test_19197,0.23393748700618744
test_19198,0.9999877214431763
test_19199,0.04095243662595749
test_19200,0.9941971302032471
test_19201,0.7130281329154968
test_19202,0.997789740562439
test_19203,0.9999899864196777
test_19204,0.9506530165672302
test_19205,0.9648767709732056
test_19206,0.6041725277900696
test_19207,0.009887704625725746
test_19208,0.999840497970581
test_19209,0.98985755443573
test_19210,0.001274389447644353
test_19211,0.2563347816467285
test_19212,0.9921918511390686
test_19213,0.9284729361534119
test_19214,0.012747954577207565
test_19215,0.10117421299219131
test_19216,0.0015865867026150227
test_19217,0.994987964630127
test_19218,0.6426165699958801
test_19219,0.3080533742904663
test_19220,0.13067880272865295
test_19221,0.00887095183134079
test_19222,0.9999332427978516
test_19223,0.9977185726165771
test_19224,0.004135736729949713
test_19225,0.75970858335495
test_19226,0.9763492345809937
test_19227,0.403893381357193
test_19228,0.9999986886978149
test_19229,0.0002053071657428518
test_19230,0.24735857546329498
test_19231,0.9996998310089111
test_19232,0.9960536956787109
test_19233,0.8470333218574524
test_19234,0.00324076390825212
test_19235,0.02124354988336563
test_19236,0.08470916748046875
test_19237,0.0005130429053679109
test_19238,0.009227112866938114
test_19239,9.924098412739113e-05
test_19240,0.9491713047027588
test_19241,0.9814580082893372
test_19242,0.89366215467453
test_19243,0.44012102484703064
test_19244,0.7917119860649109
test_19245,0.9999871253967285
test_19246,0.9999247789382935
test_19247,0.0024757995270192623
test_19248,0.9999957084655762
test_19249,2.452654007356614e-05
test_19250,0.999984860420227
test_19251,0.9719634056091309
test_19252,0.003410695819184184
test_19253,0.2626989483833313
test_19254,0.8185502886772156
test_19255,0.8382332921028137
test_19256,0.7804787158966064
test_19257,0.4878165125846863
test_19258,3.895331974490546e-05
test_19259,0.0005423235124908388
test_19260,0.8243617415428162
test_19261,0.18999101221561432
test_19262,0.9972285628318787
test_19263,0.5674725770950317
test_19264,0.006103512365370989
test_19265,0.7473366856575012
test_19266,0.032332222908735275
test_19267,0.9999396800994873
test_19268,0.9996545314788818
test_19269,0.0048024472780525684
test_19270,0.3635680079460144
test_19271,0.47115567326545715
test_19272,0.9847538471221924
test_19273,0.9906153678894043
test_19274,0.036538802087306976
test_19275,0.8421033024787903
test_19276,0.9841258525848389
test_19277,8.512160754037268e-09
test_19278,0.2516755163669586
test_19279,0.11502654105424881
test_19280,0.6106491088867188
test_19281,0.8378365635871887
test_19282,0.0023029472213238478
test_19283,0.005683632101863623
test_19284,0.0770188719034195
test_19285,0.39855170249938965
test_19286,0.01989811472594738
test_19287,0.9999346733093262
test_19288,0.027978548780083656
test_19289,0.003566956613212824
test_19290,0.9955353736877441
test_19291,0.00019345393229741603
test_19292,0.9447550773620605
test_19293,0.0013486267998814583
test_19294,0.9817368984222412
test_19295,0.9999744892120361
test_19296,0.9999719858169556
test_19297,0.017572419717907906
test_19298,0.9402256608009338
test_19299,0.15339861810207367
test_19300,0.568114161491394
test_19301,0.9612958431243896
test_19302,0.2668156623840332
test_19303,0.999994158744812
test_19304,0.5385717749595642
test_19305,0.002258380176499486
test_19306,0.9999860525131226
test_19307,0.9997089505195618
test_19308,0.9997828602790833
test_19309,0.4043402671813965
test_19310,4.551026722765528e-05
test_19311,4.023995643365197e-06
test_19312,0.0005404415423981845
test_19313,0.5380511283874512
test_19314,0.05676994100213051
test_19315,0.9999959468841553
test_19316,0.9999998807907104
test_19317,0.00036225700750947
test_19318,0.9926635026931763
test_19319,1.1067340892623179e-05
test_19320,0.9998069405555725
test_19321,0.968034565448761
test_19322,3.929540071112569e-06
test_19323,0.9993934631347656
test_19324,0.13550274074077606
test_19325,0.0014343556249514222
test_19326,0.18507736921310425
test_19327,0.8165162801742554
test_19328,0.028811108320951462
test_19329,0.0089302072301507
test_19330,0.0032931813038885593
test_19331,3.882411760969262e-07
test_19332,0.999859094619751
test_19333,0.03154507279396057
test_19334,0.0018523470498621464
test_19335,7.93052968219854e-05
test_19336,0.00043647480197250843
test_19337,7.384161282431023e-09
test_19338,0.9996080994606018
test_19339,0.004601193591952324
test_19340,0.2595645487308502
test_19341,0.16383042931556702
test_19342,0.9998706579208374
test_19343,0.9987223744392395
test_19344,0.007308639585971832
test_19345,0.9942796230316162
test_19346,0.09140220284461975
test_19347,0.33921632170677185
test_19348,0.11379191279411316
test_19349,0.0022504054941236973
test_19350,1.825258664212015e-06
test_19351,0.9011558890342712
test_19352,0.00016420595056843013
test_19353,0.0015012259827926755
test_19354,0.9998140931129456
test_19355,0.005681506358087063
test_19356,0.08578000962734222
test_19357,0.4258469045162201
test_19358,0.3817944824695587
test_19359,0.9914528131484985
test_19360,0.0007854934083297849
test_19361,0.003938866779208183
test_19362,0.00027142130420543253
test_19363,0.20845229923725128
test_19364,0.7789608836174011
test_19365,0.09619762748479843
test_19366,0.05999208614230156
test_19367,0.9788398742675781
test_19368,0.9934251308441162
test_19369,0.012048606760799885
test_19370,0.9977715015411377
test_19371,0.0013730662176385522
test_19372,0.0012293022591620684
test_19373,0.6948964595794678
test_19374,0.8313332200050354
test_19375,0.03292567655444145
test_19376,0.9999798536300659
test_19377,0.9973464012145996
test_19378,0.4689396321773529
test_19379,0.013181082904338837
test_19380,0.8402565717697144
test_19381,0.5708281993865967
test_19382,0.004010720178484917
test_19383,0.9997345805168152
test_19384,0.9831293225288391
test_19385,0.8892509341239929
test_19386,0.9989301562309265
test_19387,0.1848125457763672
test_19388,0.5460119843482971
test_19389,0.05963869392871857
test_19390,0.8340851068496704
test_19391,0.9999966621398926
test_19392,0.227344810962677
test_19393,0.8139894604682922
test_19394,0.9999761581420898
test_19395,3.1219065022014547e-07
test_19396,0.8440234661102295
test_19397,0.0670558512210846
test_19398,0.7008095979690552
test_19399,0.4497228264808655
test_19400,0.0042532701045274734
test_19401,0.9982372522354126
test_19402,0.5603799819946289
test_19403,0.037692490965127945
test_19404,0.00017015202320180833
test_19405,0.9994524121284485
test_19406,0.9811912178993225
test_19407,0.4927799105644226
test_19408,0.6448465585708618
test_19409,0.025710098445415497
test_19410,0.005627777893096209
test_19411,0.001261891215108335
test_19412,5.771209907834418e-05
test_19413,0.9999881982803345
test_19414,0.0725712925195694
test_19415,3.785891385632567e-05
test_19416,0.7882581949234009
test_19417,0.6979115605354309
test_19418,0.2806432247161865
test_19419,0.9678560495376587
test_19420,0.024850642308592796
test_19421,0.9977977275848389
test_19422,0.6828724145889282
test_19423,0.9634005427360535
test_19424,0.1704423576593399
test_19425,0.0006904927431605756
test_19426,0.0002435909555060789
test_19427,0.017058568075299263
test_19428,0.9996793270111084
test_19429,0.9584692120552063
test_19430,0.9999241828918457
test_19431,0.6479138731956482
test_19432,0.9984751343727112
test_19433,0.00033497755066491663
test_19434,0.6269605755805969
test_19435,0.9999939203262329
test_19436,0.9983927607536316
test_19437,0.9273079633712769
test_19438,9.772265485707976e-08
test_19439,0.2996712625026703
test_19440,0.0021979003213346004
test_19441,0.9860906600952148
test_19442,0.5006878972053528
test_19443,0.0006100350874476135
test_19444,0.20873938500881195
test_19445,0.8117584586143494
test_19446,0.9950894713401794
test_19447,0.008065481670200825
test_19448,0.903535008430481
test_19449,0.9999332427978516
test_19450,0.9986470341682434
test_19451,0.9999963045120239
test_19452,0.9983578324317932
test_19453,0.6832489371299744
test_19454,0.5787695050239563
test_19455,0.08542843908071518
test_19456,1.691355646471493e-05
test_19457,0.9842697381973267
test_19458,0.8140344023704529
test_19459,0.9285735487937927
test_19460,1.6269248135358794e-06
test_19461,0.0004188549646642059
test_19462,0.9861140847206116
test_19463,0.37605369091033936
test_19464,0.8576810956001282
test_19465,0.10670359432697296
test_19466,0.8114524483680725
test_19467,0.6169723868370056
test_19468,0.9520242214202881
test_19469,0.9160526394844055
test_19470,5.023207268095575e-05
test_19471,0.024404514580965042
test_19472,0.9502654671669006
test_19473,0.5481702089309692
test_19474,0.8055634498596191
test_19475,0.9473683834075928
test_19476,0.08504939824342728
test_19477,0.7918701171875
test_19478,0.001445240224711597
test_19479,0.9561481475830078
test_19480,0.9999988079071045
test_19481,0.9543392658233643
test_19482,0.07087718695402145
test_19483,0.999627947807312
test_19484,0.2876001298427582
test_19485,0.5974780917167664
test_19486,0.2649995684623718
test_19487,0.9378513693809509
test_19488,0.8469814658164978
test_19489,0.05915655195713043
test_19490,0.12904450297355652
test_19491,0.6585171222686768
test_19492,0.25059378147125244
test_19493,0.9999887943267822
test_19494,0.16948288679122925
test_19495,0.9978082776069641
test_19496,0.8922749757766724
test_19497,0.03214975818991661
test_19498,0.8869984745979309
test_19499,0.9985272884368896
test_19500,0.0001445120869902894
test_19501,0.9782755374908447
test_19502,0.25110384821891785
test_19503,0.4700835049152374
test_19504,1.533796421426814e-06
test_19505,0.9979085922241211
test_19506,0.18787285685539246
test_19507,0.9983491897583008
test_19508,0.9999979734420776
test_19509,0.999789297580719
test_19510,0.7679519653320312
test_19511,0.8543456196784973
test_19512,0.9790088534355164
test_19513,0.27892082929611206
test_19514,0.9501391053199768
test_19515,0.022215021774172783
test_19516,0.9967648983001709
test_19517,0.3373684287071228
test_19518,0.9999772310256958
test_19519,0.9552896022796631
test_19520,0.041857607662677765
test_19521,0.9507795572280884
test_19522,0.012255369685590267
test_19523,0.1217012032866478
test_19524,0.6759368181228638
test_19525,0.989273726940155
test_19526,0.000726024154573679
test_19527,0.15086211264133453
test_19528,0.0002119354612659663
test_19529,0.3612239360809326
test_19530,0.002495999913662672
test_19531,0.33749261498451233
test_19532,0.13720132410526276
test_19533,0.08948110044002533
test_19534,0.9969009160995483
test_19535,0.659551203250885
test_19536,0.9850731492042542
test_19537,0.7135024666786194
test_19538,0.9637700319290161
test_19539,0.9999992847442627
test_19540,0.8366063237190247
test_19541,0.17217282950878143
test_19542,0.5083056688308716
test_19543,1.0052751349576283e-05
test_19544,0.5275124907493591
test_19545,0.9754098057746887
test_19546,0.9097967147827148
test_19547,0.0002356156473979354
test_19548,0.8208194375038147
test_19549,0.10312185436487198
test_19550,0.2508406937122345
test_19551,0.5198777914047241
test_19552,0.9991967082023621
test_19553,3.325313855384593e-06
test_19554,0.2161979377269745
test_19555,0.9999969005584717
test_19556,0.0016727789770811796
test_19557,0.0011059822281822562
test_19558,0.02099442668259144
test_19559,2.2917822207091376e-05
test_19560,0.9424982666969299
test_19561,0.528115451335907
test_19562,0.09059731662273407
test_19563,0.9312127828598022
test_19564,0.03722085803747177
test_19565,0.17689000070095062
test_19566,0.0027486057952046394
test_19567,0.9997825026512146
test_19568,0.05096874013543129
test_19569,0.04305773973464966
test_19570,0.5682607293128967
test_19571,0.23717761039733887
test_19572,0.9312484860420227
test_19573,0.9593245387077332
test_19574,0.005413840524852276
test_19575,0.04882264882326126
test_19576,0.9963738322257996
test_19577,0.9286202192306519
test_19578,0.7070552110671997
test_19579,0.00018034325330518186
test_19580,0.000916703196708113
test_19581,0.5104420781135559
test_19582,0.7016779780387878
test_19583,0.0003470359952189028
test_19584,0.07312571257352829
test_19585,0.9999992847442627
test_19586,0.9932845830917358
test_19587,0.6431723833084106
test_19588,0.9999938011169434
test_19589,0.013811560347676277
test_19590,0.999724805355072
test_19591,0.999991774559021
test_19592,0.9973863959312439
test_19593,0.7175094485282898
test_19594,0.6993327140808105
test_19595,2.9363829526118934e-05
test_19596,0.9999971389770508
test_19597,0.003339221468195319
test_19598,0.006463734898716211
test_19599,0.9654752612113953
test_19600,0.02405037172138691
test_19601,0.03406289592385292
test_19602,0.0008296812884509563
test_19603,0.9999507665634155
test_19604,0.9836989641189575
test_19605,3.0244409572333097e-05
test_19606,0.49780479073524475
test_19607,2.893535202019848e-05
test_19608,0.21987205743789673
test_19609,0.769751250743866
test_19610,0.9986075758934021
test_19611,0.8721470832824707
test_19612,0.36967456340789795
test_19613,0.999995231628418
test_19614,0.05845044180750847
test_19615,0.999992847442627
test_19616,1.9890599389782437e-07
test_19617,0.23493584990501404
test_19618,0.9990890026092529
test_19619,0.9991162419319153
test_19620,0.9906942844390869
test_19621,0.0005522164865396917
test_19622,0.017090098932385445
test_19623,0.00010082479275297374
test_19624,0.0009416411048732698
test_19625,0.9962615370750427
test_19626,0.8508169054985046
test_19627,7.126695322767773e-07
test_19628,0.9099324345588684
test_19629,0.9551547169685364
test_19630,0.9993056058883667
test_19631,0.9966496825218201
test_19632,0.8877737522125244
test_19633,0.9998774528503418
test_19634,0.08155649900436401
test_19635,0.9999996423721313
test_19636,0.7038984894752502
test_19637,0.05203654244542122
test_19638,0.9893436431884766
test_19639,0.2573547661304474
test_19640,0.04333991929888725
test_19641,0.616193413734436
test_19642,0.011489573866128922
test_19643,0.00011314512084936723
test_19644,0.013186546973884106
test_19645,0.007470501586794853
test_19646,0.00026523711858317256
test_19647,0.8087893128395081
test_19648,0.6749148964881897
test_19649,0.8934190273284912
test_19650,0.0033840674441307783
test_19651,0.23673900961875916
test_19652,0.00805719941854477
test_19653,0.44386956095695496
test_19654,0.9713379740715027
test_19655,0.9193779230117798
test_19656,0.7956862449645996
test_19657,0.0010656198719516397
test_19658,0.034672174602746964
test_19659,0.11197841912508011
test_19660,0.9999994039535522
test_19661,0.21229922771453857
test_19662,0.5500268340110779
test_19663,0.30051541328430176
test_19664,0.977689802646637
test_19665,0.9723016023635864
test_19666,0.9252129793167114
test_19667,0.7776100635528564
test_19668,0.0024999312590807676
test_19669,0.09387210756540298
test_19670,0.9818945527076721
test_19671,0.003907006699591875
test_19672,0.999739944934845
test_19673,0.02876393124461174
test_19674,0.00023283265181817114
test_19675,0.03404845669865608
test_19676,0.9938393235206604
test_19677,0.9999362230300903
test_19678,0.007266319822520018
test_19679,0.6968969702720642
test_19680,0.8927085995674133
test_19681,0.0001332153333351016
test_19682,0.5805790424346924
test_19683,0.9977177381515503
test_19684,1.0144762200070545e-05
test_19685,0.9947530031204224
test_19686,0.9999955892562866
test_19687,3.96208952224697e-06
test_19688,0.4953104257583618
test_19689,0.997831404209137
test_19690,0.06230621784925461
test_19691,0.9824867844581604
test_19692,0.9943369030952454
test_19693,0.37714558839797974
test_19694,0.2366860955953598
test_19695,0.3492303490638733
test_19696,0.9833327531814575
test_19697,0.028226086869835854
test_19698,0.7615036368370056
test_19699,0.9999973773956299
test_19700,0.0030957933049649
test_19701,4.196393274469301e-05
test_19702,0.06501662731170654
test_19703,0.0087823998183012
test_19704,0.9979544878005981
test_19705,4.4458033698902e-06
test_19706,0.0016689928015694022
test_19707,0.9481545686721802
test_19708,0.4718877077102661
test_19709,0.0018174700671806931
test_19710,0.9961718916893005
test_19711,0.0027134299743920565
test_19712,0.9908552169799805
test_19713,0.9906336069107056
test_19714,0.00238526938483119
test_19715,0.0014100362313911319
test_19716,0.009656554087996483
test_19717,0.9999984502792358
test_19718,0.9565315842628479
test_19719,0.9999966621398926
test_19720,0.9999972581863403
test_19721,0.44636011123657227
test_19722,0.8784749507904053
test_19723,0.9998083710670471
test_19724,2.5280016416218132e-05
test_19725,0.8424208760261536
test_19726,0.9988983869552612
test_19727,8.998432576845516e-07
test_19728,0.9999920129776001
test_19729,6.976191070862114e-05
test_19730,2.3515475788826734e-08
test_19731,0.924811601638794
test_19732,0.5827862024307251
test_19733,0.41624727845191956
test_19734,0.9994016885757446
test_19735,0.9974104762077332
test_19736,0.988793671131134
test_19737,0.010160907171666622
test_19738,0.9903325438499451
test_19739,9.040424515660561e-07
test_19740,0.9213573932647705
test_19741,0.9980407357215881
test_19742,0.021057719364762306
test_19743,0.034839775413274765
test_19744,0.9833090901374817
test_19745,0.9421735405921936
test_19746,0.02617737464606762
test_19747,0.3662659525871277
test_19748,6.682489038212225e-05
test_19749,0.003756398567929864
test_19750,0.8751415610313416
test_19751,0.0008690232643857598
test_19752,0.9618046283721924
test_19753,3.4993424833373865e-06
test_19754,0.07247024029493332
test_19755,0.9967362284660339
test_19756,0.9877328872680664
test_19757,0.9999984502792358
test_19758,8.658135811856482e-06
test_19759,0.05237921327352524
test_19760,0.9998828172683716
test_19761,0.37406736612319946
test_19762,1.9977146621386055e-06
test_19763,0.009580537676811218
test_19764,0.9010011553764343
test_19765,0.9764492511749268
test_19766,0.010268883779644966
test_19767,0.5658702850341797
test_19768,0.04167419299483299
test_19769,0.9697434902191162
test_19770,0.015853334218263626
test_19771,0.9949885010719299
test_19772,0.9999922513961792
test_19773,0.6252546906471252
test_19774,0.0028992898296564817
test_19775,0.028613949194550514
test_19776,0.998794674873352
test_19777,0.000343298859661445
test_19778,0.8127129077911377
test_19779,0.9997132420539856
test_19780,0.9974126219749451
test_19781,0.15759015083312988
test_19782,0.9995580315589905
test_19783,0.972958505153656
test_19784,0.9770460724830627
test_19785,0.47312647104263306
test_19786,0.9996020197868347
test_19787,0.22909294068813324
test_19788,0.5424620509147644
test_19789,0.21471914649009705
test_19790,0.9991713762283325
test_19791,0.5756090879440308
test_19792,0.9046919941902161
test_19793,0.003935760352760553
test_19794,0.6721117496490479
test_19795,0.17046386003494263
test_19796,0.0026915210764855146
test_19797,0.568885087966919
test_19798,2.4102935185510432e-06
test_19799,0.983059287071228
test_19800,0.008651621639728546
test_19801,0.0014687372604385018
test_19802,0.8660454750061035
test_19803,0.5762400031089783
test_19804,0.9151211380958557
test_19805,1.2115317531424807e-06
test_19806,0.009101500734686852
test_19807,0.9985328912734985
test_19808,1.90059763554018e-05
test_19809,0.006300330627709627
test_19810,0.9299045205116272
test_19811,0.7629621028900146
test_19812,0.05714855715632439
test_19813,0.5115236043930054
test_19814,0.9997648596763611
test_19815,0.0016849280800670385
test_19816,0.12758822739124298
test_19817,0.8106716275215149
test_19818,0.0036967392079532146
test_19819,0.999575674533844
test_19820,0.0426807701587677
test_19821,0.9999939203262329
test_19822,0.9981949925422668
test_19823,0.7991195321083069
test_19824,0.6470687389373779
test_19825,0.9883443117141724
test_19826,0.9126320481300354
test_19827,0.9988511800765991
test_19828,1.5024519598227926e-05
test_19829,9.021919686347246e-05
test_19830,0.9987610578536987
test_19831,3.952745828428306e-05
test_19832,0.9753202795982361
test_19833,0.9230000972747803
test_19834,0.0038430129643529654
test_19835,0.011935736984014511
test_19836,0.00026700811577029526
test_19837,0.9998397827148438
test_19838,0.9768853187561035
test_19839,0.7734861373901367
test_19840,0.39173227548599243
test_19841,0.004412414971739054
test_19842,0.016169467940926552
test_19843,1.0092866432387382e-05
test_19844,1.8647655451786704e-05
test_19845,0.0008492892957292497
test_19846,0.9109250903129578
test_19847,0.9962937235832214
test_19848,0.433292031288147
test_19849,0.6945332884788513
test_19850,0.9893598556518555
test_19851,0.010510027408599854
test_19852,0.9437798857688904
test_19853,0.06930822879076004
test_19854,0.11597719043493271
test_19855,0.6758569478988647
test_19856,0.9098996520042419
test_19857,0.8754024505615234
test_19858,0.7307664155960083
test_19859,0.9881635308265686
test_19860,1.3174502782931086e-05
test_19861,0.0016221498372033238
test_19862,0.00030749497818760574
test_19863,0.9943400025367737
test_19864,0.04354718327522278
test_19865,0.6600220799446106
test_19866,0.23719097673892975
test_19867,0.9999063014984131
test_19868,0.6348773837089539
test_19869,0.003147582523524761
test_19870,0.0002493585052434355
test_19871,0.9967229962348938
test_19872,0.99861741065979
test_19873,0.9915614724159241
test_19874,1.338395850325469e-05
test_19875,0.04778469353914261
test_19876,0.13653729856014252
test_19877,0.9951902627944946
test_19878,0.20806412398815155
test_19879,0.9844188690185547
test_19880,0.4246918559074402
test_19881,0.2164481282234192
test_19882,0.9995018243789673
test_19883,0.9718778133392334
test_19884,0.0032781430054455996
test_19885,0.4965571463108063
test_19886,0.995941162109375
test_19887,0.9509398937225342
test_19888,0.00011681759497150779
test_19889,0.9821944832801819
test_19890,0.9999635219573975
test_19891,0.15431976318359375
test_19892,0.8965392708778381
test_19893,0.769841730594635
test_19894,0.021863751113414764
test_19895,0.9998251795768738
test_19896,0.1184069812297821
test_19897,0.07755211740732193
test_19898,0.016864193603396416
test_19899,0.09529779106378555
test_19900,0.5785955786705017
test_19901,8.409644578932784e-06
test_19902,0.999843955039978
test_19903,0.9952352643013
test_19904,0.9998785257339478
test_19905,0.21341240406036377
test_19906,0.13166046142578125
test_19907,0.9946328401565552
test_19908,0.5628994107246399
test_19909,0.09185504168272018
test_19910,0.0022711807396262884
test_19911,3.053044679290906e-07
test_19912,0.9199867844581604
test_19913,0.9999922513961792
test_19914,0.0001048946869559586
test_19915,0.08110259473323822
test_19916,0.00015694957983214408
test_19917,0.009822090156376362
test_19918,0.0014798420015722513
test_19919,0.2691555321216583
test_19920,0.03437608852982521
test_19921,0.41917410492897034
test_19922,0.9780711531639099
test_19923,0.9973812699317932
test_19924,0.8802667856216431
test_19925,0.9862701296806335
test_19926,0.26027289032936096
test_19927,0.9833959937095642
test_19928,0.02383909374475479
test_19929,0.9956423044204712
test_19930,0.24514061212539673
test_19931,0.999087929725647
test_19932,0.569912850856781
test_19933,0.037837009876966476
test_19934,0.7468927502632141
test_19935,2.924729187725461e-06
test_19936,0.999556839466095
test_19937,0.9778438210487366
test_19938,0.03370259329676628
test_19939,0.00021637916506733745
test_19940,0.0006606784882023931
test_19941,0.014560777693986893
test_19942,0.25645682215690613
test_19943,0.9870994687080383
test_19944,0.9999997615814209
test_19945,9.046851118910126e-06
test_19946,0.5158402323722839
test_19947,0.002250733319669962
test_19948,0.9556353092193604
test_19949,0.5515734553337097
test_19950,0.21006609499454498
test_19951,0.9999047517776489
test_19952,0.9680970311164856
test_19953,0.022749537602066994
test_19954,2.979666351166088e-05
test_19955,0.05565905198454857
test_19956,0.0010291949147358537
test_19957,0.02037966437637806
test_19958,0.8275625705718994
test_19959,0.9996377229690552
test_19960,0.0029575820080935955
test_19961,0.7715868949890137
test_19962,0.011448304168879986
test_19963,0.0009973024716600776
test_19964,0.9780307412147522
test_19965,0.8014000654220581
test_19966,0.9584835767745972
test_19967,0.9456242322921753
test_19968,0.9061118960380554
test_19969,0.034393638372421265
test_19970,0.6671037673950195
test_19971,0.24856960773468018
test_19972,0.0005665983189828694
test_19973,0.9940317273139954
test_19974,0.9999505281448364
test_19975,0.7859220504760742
test_19976,0.9530103802680969
test_19977,0.0030050058849155903
test_19978,0.0016310929786413908
test_19979,0.04364278167486191
test_19980,0.9405393004417419
test_19981,0.9999982118606567
test_19982,0.9843474626541138
test_19983,0.9957334399223328
test_19984,0.18865767121315002
test_19985,6.556415996783471e-07
test_19986,0.0023158323019742966
test_19987,0.9287163615226746
test_19988,0.9976931214332581
test_19989,0.003314816392958164
test_19990,0.4305550456047058
test_19991,0.8973919153213501
test_19992,3.8234131238823466e-07
test_19993,0.0020813329610973597
test_19994,0.6232765316963196
test_19995,0.30418533086776733
test_19996,0.049671631306409836
test_19997,0.06893185526132584
test_19998,8.075001460383646e-06
test_19999,0.20780448615550995
